Days_Since_Last_Sale,Sales_Velocity,Inventory_Quantity,Product_Age,Price,Discount,Seasonality,Customer_Interest,Dead_Stock
52,3.66,103,320,799,20,0,42,1
74,6.94,177,107,2999,50,1,97,0
50,1.77,273,149,1499,15,1,11,1
89,3.84,145,25,799,20,2,81,0
72,2.8,26,106,2499,20,0,2,1
112,2.51,203,345,999,40,0,9,1
57,1.05,109,295,4999,40,0,83,1
79,1.49,89,158,1999,5,1,83,1
92,8.88,204,227,2499,30,1,10,1
120,2.12,22,223,1499,50,2,63,1
32,4.82,279,230,2499,20,0,68,1
19,7.15,119,353,1299,0,1,81,0
9,9.98,60,157,999,0,1,13,0
119,0.42,81,185,799,5,1,26,1
3,0.27,294,273,2999,0,1,85,1
27,1.42,223,193,999,10,2,21,1
100,5.61,241,10,3999,30,0,64,1
77,3.54,56,245,2499,15,1,8,0
110,4.76,116,278,1299,20,1,21,1
52,3.17,281,350,1999,40,1,67,1
76,10.74,200,189,2499,40,0,47,0
115,5.05,103,95,1299,5,1,86,1
26,10.24,162,109,2499,40,0,92,0
78,3.59,25,346,3999,40,2,63,0
27,0.6,263,304,999,50,1,30,1
15,4.95,295,19,1299,0,1,15,0
85,2.39,292,69,1299,0,1,88,1
17,1.13,61,215,4999,0,0,3,0
19,1.12,183,222,1999,30,0,54,0
59,1.62,82,287,4999,30,1,17,1
74,5.54,179,144,3999,10,1,78,1
39,2.88,171,82,2499,0,1,33,1
10,3.2,107,77,1299,50,1,96,0
66,0.4,26,289,999,0,0,43,1
27,1.68,125,78,999,20,1,77,0
0,3.56,142,279,4999,5,2,26,1
75,0.47,255,283,2499,20,0,17,1
36,7.53,278,285,1999,5,2,48,0
85,1.35,300,54,2999,10,2,21,1
110,1.92,134,46,2999,0,2,76,1
6,1.46,31,345,799,5,1,68,0
113,6.18,277,263,1499,15,2,74,1
0,1.09,49,179,2499,15,1,99,0
33,5.18,84,271,1299,20,2,8,1
57,2.62,91,113,999,5,1,28,1
83,1.09,222,245,1499,30,2,86,1
117,10.41,17,16,1499,10,2,92,0
104,4.43,120,300,1299,50,0,35,1
11,0.51,122,259,4999,30,0,26,0
31,6.52,39,77,799,5,0,7,0
62,9.57,266,182,3999,20,2,94,0
16,1.61,165,332,799,15,1,62,1
120,2.49,266,287,4999,0,0,66,1
99,8.54,124,293,4999,40,2,72,1
31,4.9,70,152,999,50,2,70,0
26,4.02,243,273,799,15,0,95,0
63,0.56,82,161,3999,5,1,100,1
107,7.89,62,216,999,10,2,80,0
69,7.01,144,342,2999,15,0,99,0
10,9.44,238,92,2999,10,2,57,0
82,7.48,225,360,2999,30,0,73,1
113,1.75,27,138,799,40,2,16,1
31,2.61,50,58,799,40,1,82,0
1,2.04,192,112,4999,0,0,28,0
66,5.2,110,35,2499,15,0,63,0
12,2.28,134,74,4999,30,2,85,0
86,1.89,175,178,2999,0,0,77,1
1,4.33,135,363,2499,0,0,63,0
35,1.86,135,58,2999,50,0,73,0
91,9.03,130,356,2499,50,1,42,1
26,1.33,296,193,3999,10,2,48,1
75,0.36,120,264,799,40,0,18,1
102,0.09,128,158,1299,0,0,68,1
99,5.39,57,80,999,10,1,46,0
50,2.9,143,59,3999,50,0,64,0
116,3.72,105,133,1499,5,1,65,1
105,11.62,251,316,2999,15,1,50,1
41,1.37,255,50,2499,40,1,46,1
94,5.07,144,235,2999,5,1,37,1
54,4.14,41,67,1999,10,1,1,1
61,2.47,39,345,2499,30,2,1,1
41,5.82,134,295,2499,20,1,57,1
22,9.02,232,180,4999,15,2,41,0
104,3.55,14,210,799,50,1,20,1
99,5.05,275,149,999,0,1,73,1
114,3.43,28,287,999,20,1,88,1
88,5.45,232,47,1999,50,1,65,1
60,3.28,75,158,999,30,1,85,0
15,6.17,60,282,1999,15,1,11,0
114,10.1,205,18,2999,0,1,28,0
8,5.66,98,287,799,30,1,100,0
15,3.42,57,85,2499,30,0,70,0
99,0.97,157,48,3999,0,1,39,1
22,12.83,59,303,999,0,1,25,0
30,3.08,51,343,4999,30,0,6,1
56,9.96,42,282,2499,20,1,83,0
28,3.34,96,137,2999,30,0,37,1
41,2.94,132,131,4999,50,1,47,1
86,1.59,18,256,2999,20,0,96,0
105,2.03,18,247,1999,10,1,77,1
118,3.25,20,55,1999,20,0,28,1
105,1.54,256,307,3999,5,2,19,1
46,4.25,120,7,2999,10,0,75,0
114,3.36,134,163,1499,0,0,50,1
95,2.11,241,250,1499,10,0,29,1
55,6.99,25,284,4999,30,1,26,0
82,0.77,132,18,1299,50,1,51,1
23,2.15,92,290,1299,5,0,25,0
79,7.7,167,151,799,40,2,34,1
12,2.21,71,202,3999,15,1,28,0
48,3.36,132,288,1999,20,1,90,0
26,10.07,28,148,999,10,0,35,0
14,1.29,216,166,1999,15,1,5,1
79,12.03,167,62,2999,15,2,95,0
63,5.51,154,115,4999,5,2,14,1
17,1.95,30,237,1999,10,0,76,0
70,4.4,164,249,799,30,1,40,1
31,1.87,25,189,3999,40,1,4,1
87,2.61,35,45,2999,40,0,39,1
32,3.38,46,220,1999,40,1,7,1
20,1.46,229,121,1299,15,2,36,1
113,4.29,287,21,999,15,0,5,1
70,1.48,165,201,2499,0,2,7,1
70,1.71,265,62,1499,0,2,37,1
113,11.28,83,136,1999,50,1,69,1
42,3.57,279,227,799,0,1,4,1
69,3.76,41,262,3999,10,0,52,0
116,1.73,115,323,1999,10,1,64,1
35,1.37,200,59,4999,20,0,92,1
82,3.48,35,354,3999,0,1,48,1
106,4.27,52,203,1299,30,2,87,1
58,0.28,21,101,2999,5,2,83,0
15,1.1,128,212,1299,15,1,43,1
14,0.42,263,236,1499,50,1,21,1
36,2.3,27,364,3999,30,1,25,0
103,4.68,109,309,2999,5,1,52,1
31,0.78,204,102,999,5,2,86,0
9,1.32,13,148,799,10,1,46,1
1,5.42,223,243,1299,10,2,90,0
113,0.6,289,347,1499,30,0,35,1
50,3.73,265,45,799,10,0,34,1
56,0.18,55,349,2999,30,0,33,1
109,6.41,39,44,799,0,0,53,0
79,1.93,175,265,3999,20,0,82,1
49,2.09,68,317,1999,30,2,64,1
20,9.8,53,298,3999,30,1,58,0
12,7.03,58,357,1499,50,1,34,0
79,1.14,23,278,1499,30,2,64,1
101,2.12,89,38,2999,0,2,23,1
20,1.81,247,292,2999,10,0,42,1
96,3.95,286,217,2999,40,1,37,1
70,4.81,107,317,3999,30,2,4,1
37,0.05,39,326,999,5,2,66,0
28,3.23,231,28,2499,50,2,79,0
66,5.29,93,42,3999,0,2,25,1
20,6.16,83,42,4999,0,1,49,0
97,8.52,39,185,2999,10,0,86,0
118,3.32,85,43,1999,0,0,5,1
53,5.08,111,359,1499,5,1,41,1
77,2.29,82,48,999,50,1,23,1
43,2.82,7,357,1499,10,0,77,0
118,2.19,111,177,2499,30,1,28,1
21,2.27,260,154,1999,50,1,35,1
107,7.25,147,239,4999,15,1,45,1
46,3.82,83,209,1499,0,2,12,0
120,1.95,226,241,4999,10,0,38,1
0,5.11,184,137,4999,5,0,51,0
17,2.76,176,33,1299,5,1,86,0
108,5.85,150,365,2499,5,1,16,1
81,2.59,182,69,4999,0,1,96,1
12,1.55,173,22,4999,15,2,16,0
97,7.4,123,212,1499,15,2,67,1
62,1.68,217,161,2499,20,1,68,0
48,3.9,258,191,1999,5,2,18,1
19,0.94,227,253,999,10,1,94,1
16,3.02,65,101,1999,10,0,69,0
119,7.26,246,37,1299,5,1,99,0
86,5.39,278,243,3999,10,0,77,1
24,3.4,93,298,3999,10,0,96,0
104,5.09,157,358,1499,5,1,80,1
23,3.73,181,150,2499,5,1,64,0
86,2.83,225,252,999,40,1,72,1
19,10.52,34,138,1499,20,2,39,0
110,3.86,263,206,2999,10,2,34,1
64,6.7,265,153,3999,10,1,9,1
75,0.8,178,73,1299,10,2,34,1
4,2.3,208,191,3999,40,1,86,0
53,6.19,176,142,1499,15,2,59,0
119,6.6,68,361,1499,50,1,78,1
47,7.02,202,100,3999,30,0,60,0
4,5.64,147,310,2499,50,0,77,0
53,1.31,159,44,1999,10,1,78,0
68,1.25,133,199,1299,20,0,79,1
92,0.74,130,277,3999,5,1,25,1
56,10.6,64,155,1999,20,1,25,0
43,4.44,113,40,3999,50,1,31,0
83,1.54,83,173,999,40,0,37,1
60,10.79,263,357,1299,30,1,39,0
70,2.54,13,48,4999,10,1,99,0
98,7.22,234,143,999,40,1,90,1
20,5.73,36,22,999,10,0,100,0
10,4.33,169,197,1499,15,0,0,1
89,1.41,139,150,3999,10,0,87,1
81,6.97,32,283,999,0,0,62,0
83,9.3,23,112,2999,50,1,35,0
98,4.72,47,87,999,40,0,71,0
97,1.72,34,247,799,40,2,39,1
83,7.73,288,194,3999,10,1,45,1
72,3.34,78,280,1299,0,0,34,0
97,3.53,259,100,999,15,0,62,1
61,4.91,263,90,2499,5,2,2,1
117,6.46,17,197,1499,0,1,20,1
89,3.37,230,299,999,0,0,69,1
48,0.99,222,183,4999,10,2,70,1
81,6.08,99,348,3999,20,0,68,1
58,6.64,154,197,2499,15,1,100,0
23,2.04,131,64,999,30,0,77,0
42,2.34,298,76,1999,0,0,95,1
94,5.44,151,231,1999,10,1,85,0
16,1.22,148,244,4999,40,0,0,1
73,3.05,71,311,2999,5,1,6,1
28,12.86,106,181,999,0,1,87,0
82,3.87,254,96,4999,20,0,34,1
45,4.58,46,253,4999,30,0,87,0
72,1.51,279,99,3999,50,2,44,1
82,1.47,252,42,799,10,2,51,1
118,3.78,83,67,2999,30,1,99,1
97,3.63,191,64,1999,15,1,76,1
37,14.11,296,300,2499,30,1,91,1
58,8.11,153,114,1299,20,2,94,0
97,0.78,271,342,999,40,1,3,1
80,8.01,229,32,1499,40,0,3,1
90,2.31,88,255,999,20,2,90,0
6,1.91,210,92,3999,15,0,6,1
78,2.52,27,17,1999,50,1,88,0
84,3.2,140,181,1999,10,0,10,1
48,2.01,203,183,2499,0,1,81,1
34,1.6,5,160,1999,30,1,68,0
6,0.68,149,72,1999,5,0,76,0
85,4.07,30,253,1999,30,0,81,0
120,5.5,145,67,2999,10,1,30,1
54,2.25,33,334,4999,50,1,28,1
87,2.31,68,163,1499,30,1,30,1
28,6.73,262,285,2999,10,2,48,0
58,5.04,275,210,1299,30,0,10,1
69,2.62,76,160,2499,5,1,67,0
26,15.44,186,260,2999,20,1,0,0
13,8.54,62,83,3999,10,1,96,0
45,1.83,179,85,3999,30,2,6,1
66,3.42,218,43,3999,0,2,23,1
39,2.34,43,176,1499,0,2,20,1
90,10.87,89,245,3999,15,1,81,0
26,2.05,120,118,2999,15,1,79,0
101,5.24,115,159,1999,40,0,12,1
9,2.2,41,258,1499,5,0,72,0
6,3.63,203,330,1999,20,0,52,0
57,1.19,16,88,3999,5,0,93,0
75,4.52,236,301,1999,20,1,33,1
23,4.26,183,82,1299,50,0,76,0
20,7.71,16,28,1299,5,1,56,0
79,2.84,268,78,1999,40,1,62,1
117,2.52,262,42,1999,40,0,36,1
84,7.59,58,95,1499,10,1,73,0
24,5.56,261,345,1999,10,1,2,1
93,2.33,299,304,2499,20,1,65,1
120,6.64,210,327,1499,20,1,76,1
83,4.14,124,258,1299,20,0,90,1
81,3.04,144,205,1299,10,2,22,1
8,11.34,25,233,4999,30,0,3,0
23,4.0,225,220,999,0,1,60,0
119,5.38,200,273,4999,40,1,10,1
119,4.12,292,257,3999,10,0,22,1
91,6.68,129,49,1299,5,1,12,1
108,0.9,92,298,3999,50,1,84,1
56,2.91,91,323,4999,40,1,80,0
76,3.86,107,281,999,5,1,43,1
117,2.75,263,211,2499,0,0,65,1
78,5.87,56,73,2999,40,2,25,0
65,2.59,137,109,1299,50,2,52,0
87,4.36,203,251,4999,20,1,58,1
42,3.59,173,124,2499,40,1,78,0
35,2.6,232,217,799,10,1,91,1
65,3.33,56,194,1299,15,1,83,1
19,2.16,22,175,2499,0,1,44,0
42,3.63,229,363,1999,50,1,10,1
81,1.49,265,101,2999,5,2,29,1
23,1.72,173,216,2499,15,1,13,0
14,5.26,218,204,799,20,0,96,0
48,2.87,231,219,4999,5,0,45,1
77,2.75,203,117,1299,10,1,21,1
77,1.86,270,68,1999,15,2,47,1
40,4.92,174,237,3999,40,1,93,0
39,0.7,273,259,999,15,2,97,1
119,3.06,77,111,799,5,1,3,1
98,3.72,188,281,3999,20,1,62,1
38,1.58,15,351,1999,10,2,83,0
11,5.08,152,242,4999,0,0,6,0
40,4.97,116,119,1499,15,0,0,1
74,4.55,98,250,4999,20,0,35,1
15,9.76,133,76,2999,10,1,82,0
49,8.22,88,7,799,40,2,99,0
0,2.93,184,51,3999,30,2,97,0
5,1.23,220,193,1499,30,1,49,1
40,7.64,269,281,999,15,2,1,1
16,2.71,245,350,799,40,2,56,1
14,0.99,216,74,3999,50,1,53,0
113,0.65,247,330,999,0,1,43,1
43,4.24,211,352,1299,10,0,64,1
58,2.53,224,345,2499,30,1,100,1
24,3.83,264,237,3999,5,0,3,1
87,2.81,7,137,2999,30,0,80,1
106,2.65,78,7,2999,15,1,35,1
78,6.55,214,25,4999,30,2,61,1
68,0.61,240,49,1499,10,0,30,1
38,12.58,33,45,799,20,0,54,0
110,1.28,85,163,1499,30,0,20,1
42,0.76,233,294,999,30,1,53,1
35,0.68,21,121,2499,5,0,68,0
107,3.74,148,226,1299,0,0,55,1
105,0.68,143,96,1299,40,2,30,1
28,4.06,149,185,999,15,1,2,0
56,7.58,22,303,2999,15,0,82,0
63,2.49,130,82,799,0,2,7,1
46,7.62,287,100,1499,0,2,95,1
93,0.75,232,58,1999,0,1,15,1
105,1.65,72,169,999,20,1,81,1
35,3.58,56,10,2999,5,1,16,0
32,1.29,236,364,2499,15,1,22,1
62,3.71,53,216,1499,20,2,78,1
22,0.53,123,244,2999,50,1,93,0
21,9.6,195,176,3999,40,0,70,0
63,5.04,36,50,1999,0,1,10,0
115,2.18,235,211,1499,5,1,79,1
36,2.87,273,79,799,10,0,15,0
115,0.33,277,117,2999,20,1,58,1
95,6.49,248,237,2499,40,1,28,1
93,2.13,277,172,999,0,1,93,1
118,0.42,175,229,3999,40,0,41,1
65,4.26,174,25,2999,15,1,70,0
103,1.01,245,350,799,10,0,0,1
109,4.51,124,349,1999,50,0,97,1
24,6.87,67,227,1999,0,1,79,0
120,4.14,240,294,999,15,0,27,1
51,2.61,10,20,1299,40,1,30,0
62,1.74,214,268,2999,20,2,4,1
43,8.68,57,322,4999,40,1,7,0
37,3.95,218,176,1299,30,1,0,1
70,11.97,134,84,1299,0,1,13,0
66,9.08,25,166,2999,30,0,56,0
105,9.84,118,199,2999,30,1,29,1
87,2.0,64,100,2999,50,1,46,0
17,7.54,163,111,799,0,0,64,0
53,5.45,28,28,1999,50,0,54,0
77,2.13,71,319,1999,40,2,31,1
15,3.1,147,65,999,50,0,77,0
5,9.63,261,346,1299,50,1,49,0
12,1.67,53,172,1999,0,2,99,0
71,0.47,34,95,2499,0,1,68,1
115,2.05,273,85,1499,10,1,14,1
80,1.8,287,135,1299,50,1,66,1
40,8.71,271,11,999,15,1,66,0
117,3.26,164,124,1499,40,1,19,1
41,2.04,5,150,3999,50,0,44,0
108,4.65,155,103,2499,15,0,24,1
86,2.0,60,308,3999,30,0,13,0
93,2.56,25,332,4999,5,1,92,1
36,4.51,63,43,4999,40,1,48,0
18,4.45,218,153,999,30,1,65,1
72,0.69,158,46,799,20,2,72,1
9,2.28,256,126,799,40,0,83,0
87,9.0,267,134,999,10,1,10,1
57,3.66,185,320,1299,50,0,31,1
6,10.78,230,11,4999,15,2,56,0
17,6.22,216,306,1299,40,0,37,0
64,5.5,277,9,3999,10,0,65,1
57,2.3,176,221,2999,40,0,38,0
105,4.78,128,248,2999,40,1,27,1
18,7.44,7,155,4999,20,1,74,0
44,2.69,69,293,1299,40,0,31,1
3,4.29,113,88,999,20,1,12,0
19,1.43,147,308,1299,0,2,76,1
29,2.33,12,23,1299,0,1,44,0
9,1.21,210,178,999,20,1,47,0
9,4.47,196,135,1299,20,2,82,0
107,4.86,249,255,1999,15,0,51,1
35,1.55,244,86,1499,20,0,50,1
94,1.69,236,83,799,0,0,36,1
63,0.33,258,268,799,0,1,13,1
61,3.42,295,325,1499,0,0,28,1
47,1.55,57,295,2999,40,0,36,1
67,3.91,76,94,3999,5,2,96,0
110,7.24,265,272,3999,10,2,70,1
120,7.74,41,32,2999,20,2,80,0
83,6.39,272,228,1999,10,2,18,1
43,0.95,59,359,2999,30,0,55,1
44,4.82,269,29,2499,10,0,11,1
120,10.44,203,156,799,5,2,52,1
110,11.57,277,303,799,30,1,46,0
62,1.21,282,288,999,40,2,97,1
66,3.54,236,315,999,40,2,51,1
69,2.83,93,348,999,15,2,10,1
68,0.22,166,266,1299,10,1,80,1
100,17.46,151,156,1999,10,1,37,1
32,1.91,49,138,2499,5,1,87,0
9,0.82,250,51,1999,50,1,11,1
63,4.3,289,226,4999,10,1,79,1
56,5.95,70,314,799,10,1,71,0
96,3.96,30,176,1499,15,2,8,0
51,2.63,16,306,1999,30,1,20,1
119,0.67,109,343,4999,50,2,31,1
117,2.14,48,192,2999,40,1,80,1
2,2.82,100,165,1499,15,1,31,0
66,3.43,183,230,1499,20,2,95,0
12,9.3,259,199,3999,10,2,3,0
47,2.86,84,62,1299,30,0,24,1
26,6.06,193,318,799,0,0,74,0
80,2.9,17,161,799,30,0,59,1
118,1.79,113,112,1299,10,1,27,1
116,13.54,14,230,2499,50,0,20,1
64,1.4,134,35,999,15,1,12,1
30,1.98,183,69,2499,15,2,45,0
106,1.37,64,116,4999,30,2,84,1
11,7.15,223,227,2499,15,1,7,1
71,4.16,244,103,999,15,0,93,1
80,3.23,30,221,1999,30,1,24,1
53,4.94,162,155,4999,30,0,57,1
98,1.65,149,315,1299,10,0,85,1
25,3.72,117,30,1999,50,2,84,0
43,8.5,149,97,1499,50,2,81,0
118,2.51,133,281,1299,20,1,61,1
111,8.69,158,109,999,50,0,55,1
62,0.55,9,118,999,20,0,84,1
59,7.46,85,229,1299,15,1,68,0
53,0.69,189,86,1999,20,2,56,1
92,1.26,42,175,3999,0,1,56,1
84,4.14,255,349,2999,0,0,95,1
28,5.1,249,352,2999,0,0,47,1
117,5.03,150,264,4999,15,1,63,1
49,5.63,225,309,999,0,2,40,1
16,5.46,242,125,1299,30,0,44,1
19,0.75,266,365,4999,30,1,78,1
85,2.72,142,267,1999,0,0,24,1
24,2.45,223,14,1499,15,2,72,0
56,6.34,259,341,999,5,2,19,0
1,1.37,176,275,999,0,1,35,0
78,1.73,291,120,2999,50,1,56,1
38,1.29,91,355,1299,50,1,48,1
40,5.0,70,223,2499,10,1,84,0
24,1.36,81,320,2999,40,2,55,0
31,6.29,241,290,999,20,0,98,0
16,5.5,221,209,999,20,2,67,0
30,8.97,289,49,1499,40,2,78,0
38,4.77,120,221,999,0,0,69,0
12,6.1,12,155,1299,0,1,69,0
88,8.08,238,66,1999,40,0,27,0
47,3.82,108,17,1299,10,0,47,0
114,4.47,86,251,2999,50,1,62,1
85,2.88,19,216,3999,0,0,56,1
60,0.4,204,77,4999,40,1,57,0
48,4.63,211,70,999,5,0,28,0
44,2.0,197,335,1299,20,0,23,1
27,4.93,276,164,3999,10,2,67,1
120,4.74,123,130,2999,20,1,78,0
17,3.83,89,150,3999,50,1,62,0
48,5.43,276,344,1499,40,1,20,1
49,3.77,125,231,999,15,0,39,0
98,2.62,38,231,4999,5,1,91,0
80,5.61,210,83,999,20,2,61,1
114,2.72,104,285,999,30,2,85,1
115,3.13,38,92,799,10,2,45,1
62,0.45,87,105,3999,20,0,79,1
67,5.57,138,109,3999,20,1,79,0
63,2.73,238,43,2499,10,2,32,1
14,4.21,63,65,2999,50,0,18,0
86,6.96,204,54,1999,40,0,8,1
75,6.9,62,314,999,0,1,77,0
1,2.03,137,361,4999,0,2,56,0
51,5.71,88,292,2999,0,2,80,0
18,0.47,280,213,1299,10,1,42,1
82,2.02,74,163,2499,50,2,73,1
36,0.41,289,131,799,10,0,30,1
99,7.82,154,328,3999,50,2,20,1
67,1.77,198,195,2499,20,0,88,1
17,6.42,164,340,3999,10,1,95,0
63,2.15,27,344,2999,30,1,22,1
54,2.34,51,85,3999,0,0,27,0
24,8.4,156,197,1299,5,1,32,0
79,1.56,287,137,2499,40,1,49,1
27,6.95,11,57,3999,50,1,0,0
91,2.33,18,105,2999,50,1,98,1
120,2.97,143,100,3999,30,0,35,1
40,0.77,182,341,2499,0,0,63,1
93,6.06,224,328,2499,20,2,64,1
76,2.58,163,68,2499,50,2,12,1
41,3.72,96,125,1299,40,2,94,0
91,2.1,63,252,2999,0,0,100,1
93,7.55,69,13,1299,40,0,100,0
38,4.55,276,248,1499,30,1,35,0
87,2.28,214,256,2999,5,0,72,1
46,1.75,57,303,4999,5,0,26,1
22,2.62,126,178,1499,10,0,47,0
93,0.96,99,65,1499,5,0,21,1
59,5.7,211,24,3999,40,0,26,1
25,6.13,47,224,1299,30,1,38,1
109,4.26,218,321,2999,10,1,51,1
94,6.06,179,87,1499,10,1,17,1
20,2.3,71,98,799,50,0,27,0
68,5.89,105,239,2499,30,0,54,0
44,3.97,16,262,1499,5,0,7,0
75,2.09,119,290,1999,0,0,68,1
22,3.01,235,224,4999,50,2,67,0
99,3.17,34,101,1499,10,2,90,0
42,1.46,62,103,1499,5,2,47,1
42,7.35,166,132,2499,5,0,28,0
117,1.44,53,100,1299,40,0,57,1
4,3.61,162,88,1299,5,2,57,1
109,3.39,185,138,2499,5,1,54,1
45,11.25,12,103,999,10,1,6,0
114,9.95,118,348,799,20,1,14,1
76,2.68,92,169,3999,50,1,88,0
39,3.17,58,211,2499,40,0,20,0
40,2.07,143,276,999,20,1,61,1
13,9.49,91,187,2499,40,1,38,0
7,8.19,154,251,1999,40,2,11,0
110,6.77,189,92,799,15,0,38,1
107,10.24,5,27,3999,15,0,98,0
39,1.38,13,76,2999,30,1,68,0
67,1.92,225,150,3999,15,0,94,1
73,9.07,15,194,1999,30,0,57,0
18,7.99,283,315,1999,15,0,87,0
83,1.48,192,359,2999,50,2,67,1
56,3.79,169,95,1999,40,2,26,1
3,2.0,201,278,1499,15,1,39,0
110,3.61,247,356,2499,40,1,100,1
105,1.36,272,263,799,15,0,64,1
51,4.88,152,185,1299,5,1,32,0
102,3.19,86,22,1999,20,1,32,1
79,8.52,69,224,2499,0,1,65,0
33,2.07,193,147,999,30,1,14,1
78,11.35,190,32,3999,50,1,75,0
118,5.54,204,331,4999,15,2,68,1
46,7.18,182,184,3999,30,0,2,1
41,2.71,283,221,3999,0,2,20,1
109,1.38,141,311,3999,15,1,18,1
98,2.67,23,60,4999,0,0,96,0
27,2.55,25,135,1499,15,1,35,0
42,3.74,21,73,1299,20,1,25,0
81,1.28,145,210,799,0,1,31,1
1,3.97,238,25,799,50,1,88,0
120,1.94,37,156,3999,0,0,13,1
56,0.76,75,227,3999,15,0,58,1
58,6.53,244,330,2999,5,1,55,0
57,2.72,36,143,2499,30,2,93,1
92,5.43,64,328,1499,30,1,51,1
9,2.86,168,191,4999,30,0,41,0
44,1.01,296,108,1999,5,1,91,1
104,3.33,36,246,1499,0,1,94,0
23,1.25,13,81,799,30,1,72,0
83,2.56,43,137,1999,20,1,48,1
18,12.89,85,198,999,20,2,26,0
28,3.52,242,219,3999,15,0,78,1
9,1.8,234,207,2499,20,1,8,0
56,2.11,208,188,2999,10,0,68,1
16,1.8,137,72,2499,40,2,43,0
57,5.44,276,214,799,30,1,82,1
20,1.49,210,218,3999,15,1,89,1
57,1.56,15,187,1499,50,1,51,0
57,4.16,52,60,999,40,2,20,0
87,2.08,75,11,1499,50,0,80,0
103,3.63,79,341,2999,40,0,75,1
54,5.34,275,138,1299,10,1,45,1
110,13.36,168,232,3999,15,0,14,1
42,0.29,221,210,1299,20,0,75,1
40,4.13,14,59,799,50,1,7,0
0,0.91,238,250,1299,50,2,11,1
39,4.64,22,85,2499,20,0,60,0
67,3.3,38,207,1499,30,0,99,0
36,1.08,85,33,999,30,1,15,1
73,1.14,94,65,1299,50,1,42,1
0,10.92,293,44,2499,40,2,6,0
92,3.09,147,315,4999,0,0,11,1
93,1.13,126,193,1299,10,1,80,1
76,1.75,264,290,1999,40,1,83,1
64,3.21,65,93,1999,50,1,97,0
115,7.35,195,12,799,20,1,65,0
92,4.69,203,246,3999,15,0,86,1
90,3.03,223,254,799,0,2,53,1
94,1.41,34,157,1299,0,2,90,1
2,5.4,260,335,1999,5,0,53,0
83,1.07,96,289,1499,50,1,37,1
51,3.31,218,234,2999,50,1,48,1
19,3.68,244,126,1499,10,1,54,0
20,11.54,66,238,2499,50,1,24,0
50,2.36,56,116,4999,50,1,97,0
26,4.29,135,154,2499,40,1,1,0
41,2.77,256,167,1299,20,2,26,1
103,3.59,239,321,4999,0,2,77,1
96,1.06,43,307,1999,10,2,10,1
27,5.63,198,97,1299,0,0,97,0
108,7.99,193,41,1299,30,1,30,1
61,1.4,90,239,799,20,1,24,1
42,2.37,295,103,2999,10,2,96,1
85,1.7,52,277,1299,15,0,50,1
51,3.97,252,215,999,5,2,76,1
25,14.75,299,45,3999,15,1,45,0
21,6.98,54,291,3999,40,1,38,0
75,4.86,232,64,1999,15,1,40,1
0,5.97,198,42,1999,50,2,45,0
24,4.51,150,69,1299,0,1,17,0
105,1.07,181,146,1999,5,2,66,1
50,0.73,5,172,799,30,1,98,0
89,1.54,141,317,4999,40,2,28,1
91,3.83,5,58,1499,50,1,10,0
77,3.67,258,357,2499,0,2,88,1
50,5.84,40,95,4999,5,1,7,0
33,4.5,249,180,2999,10,0,54,0
51,3.42,130,208,3999,10,1,90,1
95,3.2,112,307,4999,40,1,95,1
90,4.49,181,139,999,30,1,20,1
86,6.79,21,41,1999,20,0,28,0
113,6.47,209,277,4999,50,1,38,1
53,3.61,300,88,1299,40,2,10,1
20,3.24,178,125,1999,20,2,52,0
19,1.43,53,17,1299,5,1,26,0
101,2.0,186,235,1299,0,1,94,1
115,4.16,194,93,999,20,1,25,1
0,2.87,159,44,2499,50,1,55,0
3,5.85,263,289,3999,5,2,38,0
9,0.86,198,63,1499,20,1,9,0
25,1.77,106,11,999,50,2,86,0
58,0.8,173,132,1299,20,1,5,1
56,1.82,233,143,1499,5,2,43,1
120,6.07,286,357,2999,0,2,23,1
75,6.39,23,112,2499,20,2,41,0
2,0.72,235,271,1999,0,2,42,1
91,2.79,214,20,2999,10,1,57,1
111,6.45,79,86,4999,15,2,26,1
45,4.77,5,362,2499,30,0,27,0
53,1.91,74,363,1299,20,1,0,1
48,1.1,169,116,4999,5,1,4,1
26,2.98,190,93,999,40,0,29,0
55,3.34,175,10,999,50,1,43,1
67,9.49,134,312,999,30,1,64,0
23,2.02,50,37,2499,50,1,47,0
40,5.79,266,279,1999,30,0,65,1
37,5.34,102,195,2499,50,2,68,0
22,3.62,104,154,1299,40,0,48,0
79,5.56,247,122,1499,30,1,37,1
58,2.89,43,341,1499,30,1,65,0
84,2.42,205,190,1999,0,1,78,1
89,4.89,96,335,2999,40,0,74,0
65,5.88,88,56,3999,15,1,33,0
13,5.36,128,112,1999,10,2,96,0
104,8.29,287,163,799,5,1,49,1
16,5.11,178,244,1499,5,0,64,0
41,1.41,46,173,799,10,2,17,0
29,3.78,65,159,1499,50,2,7,0
68,3.04,114,347,1999,20,2,79,1
2,5.77,79,278,799,50,1,67,0
55,4.92,176,34,799,30,1,50,1
59,2.57,294,61,1499,5,1,79,0
43,3.68,265,140,1499,30,1,12,1
71,1.54,96,141,999,30,1,57,1
13,3.54,177,189,3999,50,0,86,0
5,3.24,295,59,2499,15,0,49,0
89,1.91,194,171,3999,30,0,44,1
12,2.71,91,170,1499,50,1,81,0
15,2.25,267,92,799,20,0,96,1
90,1.36,185,111,1999,0,2,77,1
66,1.81,97,101,1999,15,2,34,1
40,3.21,209,71,799,5,1,83,0
25,1.29,7,59,999,0,0,30,0
113,1.99,278,287,2999,10,2,1,1
78,1.39,95,306,1299,50,0,87,1
120,2.16,229,286,2999,40,1,85,1
41,2.06,262,218,1999,50,2,55,1
53,7.13,177,121,1299,30,0,31,1
34,2.75,27,268,2499,40,0,87,0
24,2.69,267,56,3999,0,2,86,0
16,6.76,243,217,4999,50,0,58,1
31,10.39,282,326,1299,20,1,60,0
110,3.06,200,300,999,40,0,59,1
19,0.49,74,79,1999,50,0,72,0
0,0.99,169,279,1999,50,0,96,0
108,3.05,219,134,4999,10,0,46,1
22,4.1,231,229,999,20,0,16,1
105,6.9,298,238,3999,0,1,43,1
77,2.5,57,100,1299,30,0,67,1
17,6.12,167,151,1999,5,2,87,0
79,3.98,123,242,3999,20,1,41,1
1,6.21,228,227,1499,20,0,84,0
99,12.57,230,177,1499,15,1,0,1
39,5.87,149,215,2499,10,2,10,1
44,3.16,288,88,799,0,1,80,0
10,1.28,235,310,1299,30,1,77,1
65,8.45,17,330,999,50,2,99,0
100,2.53,226,310,1499,50,1,96,1
74,2.0,154,173,4999,0,1,94,1
2,1.57,22,47,3999,10,1,15,0
15,3.97,33,172,1499,50,0,89,0
120,8.22,23,79,999,10,1,28,1
45,8.19,165,86,1299,40,1,22,0
80,2.44,212,48,1499,30,1,39,1
80,7.45,187,218,2499,20,1,75,0
59,1.17,52,43,3999,50,1,91,0
98,1.14,132,86,3999,20,0,6,1
62,1.83,182,164,1999,50,1,41,1
57,1.7,89,347,999,15,1,51,1
47,8.25,264,17,2999,50,0,100,0
32,1.3,212,272,999,30,1,67,1
21,8.22,264,70,4999,0,1,58,0
120,3.58,202,129,1299,5,2,41,1
9,4.8,195,241,3999,40,0,44,1
13,2.25,223,38,999,15,2,31,0
25,2.22,286,187,2999,20,1,95,1
30,0.38,241,217,3999,40,1,77,1
88,7.58,201,353,1499,5,0,31,1
98,6.23,147,309,1299,50,1,40,0
62,9.92,195,168,3999,10,2,16,0
89,2.34,99,50,3999,10,1,80,1
17,1.08,173,270,3999,15,0,92,0
19,5.79,169,265,1999,0,1,33,0
60,2.03,115,254,2999,5,2,92,1
89,2.34,114,284,1499,30,2,54,1
53,4.19,271,363,799,20,1,53,1
46,2.52,258,360,1299,50,2,42,1
86,1.18,110,304,2999,40,1,35,1
94,7.91,144,186,2499,10,1,16,0
3,0.82,251,262,3999,15,0,95,0
87,5.49,267,15,4999,20,0,65,1
2,6.2,55,220,1999,5,2,60,0
66,10.85,47,357,799,5,1,3,0
54,1.99,250,215,2499,40,1,88,1
31,1.93,23,330,1999,0,1,29,0
68,6.73,144,302,4999,40,2,61,1
56,5.07,86,170,2499,30,1,69,0
16,5.97,251,362,3999,30,1,86,0
26,2.46,185,205,4999,30,1,28,1
42,6.09,102,22,1499,40,0,46,0
37,4.83,212,130,1999,40,0,86,0
104,6.89,88,186,2999,5,0,16,1
9,2.74,136,365,2999,0,2,34,1
91,2.76,169,115,1999,20,1,5,1
97,11.43,220,166,1499,50,1,44,1
120,3.93,249,253,1499,15,0,70,1
85,5.02,67,149,4999,50,2,26,0
116,7.5,11,96,1299,15,2,22,1
27,14.52,197,187,2499,20,2,2,0
2,2.63,285,182,799,20,2,89,0
100,3.16,36,12,2999,10,1,83,1
30,2.35,40,188,1999,5,1,95,0
58,5.93,158,115,2499,5,1,20,1
7,4.89,149,58,999,0,0,94,0
8,2.48,213,298,1499,5,1,5,0
99,5.71,289,335,1999,20,1,22,1
1,12.26,170,41,1299,20,1,22,0
24,7.5,125,262,999,40,0,65,0
22,4.6,202,109,1999,10,1,12,1
108,4.83,261,14,2999,40,0,22,1
80,2.84,145,216,4999,20,2,56,1
42,6.05,121,24,2999,30,2,62,0
19,1.54,65,195,1999,5,1,25,0
109,2.15,121,37,4999,40,2,77,1
116,1.64,114,48,1299,20,2,6,1
15,3.85,185,135,1999,0,0,37,0
119,2.22,128,241,2499,15,0,47,1
95,1.15,200,356,999,10,1,8,1
43,4.13,173,94,3999,0,1,20,0
100,2.47,287,110,4999,10,0,29,1
89,3.99,36,116,4999,5,2,53,0
25,1.98,201,99,1499,20,1,99,0
36,10.38,221,22,999,40,2,47,0
90,8.65,160,78,2499,50,0,56,0
44,4.54,21,294,799,0,1,34,0
101,1.53,136,234,999,15,1,47,1
9,4.29,253,212,2999,50,1,66,0
54,2.09,195,26,2499,0,1,64,0
54,3.27,194,331,3999,0,2,26,1
25,4.31,141,220,2499,20,1,15,0
56,2.9,62,263,1299,30,2,53,1
37,6.96,16,9,2499,20,0,3,0
68,3.64,167,336,999,40,2,100,1
66,4.45,32,275,1299,0,2,72,1
61,5.53,225,175,1499,40,1,21,1
52,7.07,277,186,2999,0,2,48,1
112,0.92,81,289,799,50,1,87,1
111,8.98,45,195,2499,30,2,10,1
31,5.08,68,286,2999,10,0,71,0
57,2.75,44,310,1499,50,0,21,1
42,3.54,39,24,1299,15,2,23,0
82,4.82,11,328,999,20,1,52,1
112,4.43,81,85,799,10,0,67,1
10,4.31,32,267,4999,20,1,73,0
75,1.35,86,295,799,40,1,81,1
21,5.08,99,181,1499,0,0,88,0
5,9.97,99,97,4999,0,0,34,0
59,4.57,75,224,4999,50,1,80,0
50,2.05,251,80,1499,15,0,91,1
7,0.93,9,358,799,20,0,68,0
56,1.98,11,69,1299,30,1,3,1
85,2.39,73,281,2999,20,0,99,1
57,2.84,175,211,1999,15,2,42,0
110,3.73,23,139,2999,15,2,15,1
87,2.14,207,360,999,0,0,57,1
81,5.91,21,74,799,0,1,5,0
55,3.94,232,159,1499,10,0,54,1
112,3.12,216,272,1299,5,1,54,1
49,0.67,107,41,2499,40,2,51,0
35,5.37,172,254,3999,0,2,32,1
87,0.86,143,332,1499,30,1,11,1
120,2.09,280,318,799,5,0,33,1
12,3.0,205,175,4999,15,0,48,0
91,11.19,171,224,4999,0,1,33,0
47,3.75,104,41,1999,5,0,36,0
8,0.41,6,302,1499,0,2,6,0
7,2.4,123,321,2499,5,1,95,0
56,1.27,217,312,1299,15,2,17,1
110,7.9,40,329,1299,10,2,36,1
28,5.13,76,129,1299,30,1,71,0
0,8.76,220,361,1499,15,2,0,0
45,3.78,219,37,2999,5,1,8,1
104,0.47,105,236,2999,10,0,80,1
119,0.5,224,172,4999,5,0,98,1
61,2.77,95,102,1299,50,1,88,1
14,7.21,210,112,999,15,2,73,0
13,4.23,280,296,2999,15,1,87,0
78,2.14,161,302,1999,0,1,83,1
59,14.36,209,13,4999,10,2,19,0
90,1.49,134,220,799,10,0,98,1
23,2.41,99,42,1299,5,2,29,1
78,2.11,286,75,4999,40,0,29,1
72,4.32,25,233,799,20,0,54,0
103,4.08,235,229,999,30,1,58,1
111,1.97,38,333,799,5,0,0,1
83,7.34,145,330,2999,20,1,36,1
86,9.81,65,302,1499,5,0,90,0
1,4.09,53,144,799,30,1,25,0
51,2.74,166,357,1999,50,1,77,0
104,4.81,262,36,4999,40,0,40,1
104,3.66,171,172,1499,40,1,20,1
80,10.04,58,237,4999,20,1,38,0
5,2.61,84,314,2999,5,1,34,0
98,3.39,269,248,3999,5,2,58,1
68,5.93,190,90,1999,30,1,27,0
95,1.21,139,53,1299,20,0,55,1
76,2.44,99,341,4999,50,1,32,0
116,4.82,289,37,3999,40,0,51,1
110,4.57,124,198,999,0,0,93,1
33,0.82,295,145,799,15,0,42,1
98,5.2,144,363,999,40,2,93,1
39,2.49,186,222,799,40,1,72,1
38,6.68,52,83,4999,40,0,16,0
101,10.93,296,188,1299,0,1,0,1
14,5.02,17,321,1999,20,1,62,0
67,4.61,160,115,2499,20,1,2,1
21,6.62,256,319,1499,40,2,53,0
18,3.41,79,214,3999,5,2,1,1
83,4.17,247,314,3999,0,0,5,1
112,8.57,242,247,1499,5,2,23,1
5,4.73,49,350,2999,0,2,96,0
20,4.08,87,269,3999,5,0,14,0
76,5.62,110,302,1499,0,0,22,1
34,2.2,116,349,999,10,1,63,1
17,8.08,126,127,2999,30,0,42,0
65,2.54,112,57,3999,5,1,81,0
8,2.25,46,43,2499,10,1,92,0
4,2.82,103,224,2499,0,0,16,0
91,3.44,151,234,3999,5,2,62,1
99,4.76,246,128,799,5,1,8,1
57,7.64,92,18,4999,30,0,51,0
106,3.78,69,26,2999,5,0,57,1
44,15.32,120,97,999,40,2,54,0
16,0.52,7,23,4999,15,1,23,0
2,6.06,37,292,4999,20,0,43,0
88,7.75,218,296,999,20,0,86,1
19,6.7,20,166,799,50,1,35,0
118,1.33,155,317,999,5,1,79,1
112,1.73,16,311,799,30,0,55,1
58,5.13,249,173,1999,50,0,97,1
13,3.49,232,54,799,20,1,17,1
58,4.73,8,149,799,15,1,72,0
103,1.01,95,260,1499,15,0,10,1
21,5.93,200,117,1299,50,2,10,0
42,3.66,220,255,4999,40,1,66,0
28,1.57,240,259,2499,40,2,74,1
18,2.95,158,38,1299,30,0,92,0
0,0.72,225,179,3999,30,0,31,1
89,6.12,139,59,1299,50,1,70,1
69,7.06,80,198,1999,10,2,4,0
71,4.47,243,286,2499,0,1,92,0
14,2.88,138,333,1299,0,1,68,1
79,2.17,183,314,1499,0,1,99,1
3,0.69,172,288,2499,5,1,35,0
120,3.46,49,325,2999,50,0,43,1
87,7.52,55,104,2999,50,1,32,0
87,7.59,110,287,2499,5,0,15,1
37,2.09,258,140,4999,10,0,5,1
74,3.12,64,62,2499,30,1,87,1
31,3.56,56,225,1299,15,0,38,0
73,5.61,126,315,2499,40,1,18,1
1,6.44,126,137,1299,30,1,78,0
86,1.69,144,283,999,0,2,41,1
88,1.14,133,239,1299,30,1,74,1
47,2.04,224,79,799,50,0,97,0
17,2.87,36,198,2999,5,0,4,0
96,8.25,253,83,999,30,0,58,1
50,8.36,293,214,1299,15,2,31,0
96,3.24,74,102,1499,50,0,34,0
84,1.03,179,275,2999,0,1,28,1
27,6.94,96,120,1999,0,2,70,0
12,5.33,203,87,2499,10,0,61,0
33,1.37,137,135,3999,50,0,96,0
71,7.39,116,293,2999,15,1,61,1
102,3.24,124,106,2499,50,0,10,1
107,2.58,85,111,799,50,2,17,1
46,7.3,168,154,3999,50,2,42,0
100,5.35,228,117,1999,40,1,78,1
0,1.17,242,346,999,30,0,91,0
100,4.64,206,314,999,30,1,69,1
118,2.9,21,155,799,30,0,75,1
71,4.0,284,339,4999,50,1,12,1
37,1.78,148,64,2499,10,1,99,0
37,2.03,298,201,999,15,2,92,1
77,3.02,190,327,2499,30,2,85,1
65,9.18,87,65,4999,10,1,60,0
5,3.23,149,9,999,0,2,28,0
80,5.76,263,202,4999,40,0,65,0
43,1.77,281,188,799,20,1,11,1
111,7.03,98,194,1499,50,2,84,1
18,2.46,160,237,2499,0,0,49,1
64,9.14,40,196,1499,50,0,12,0
59,8.12,90,16,1999,15,1,66,0
117,2.64,27,292,1999,20,0,37,1
63,1.12,140,271,999,40,2,20,1
3,5.89,285,143,1499,15,0,65,0
1,1.18,190,114,4999,15,2,76,0
38,2.46,81,138,999,40,1,77,0
51,3.0,118,22,999,30,0,32,0
42,3.45,257,289,4999,50,0,88,1
53,1.86,297,149,3999,10,1,12,1
53,2.49,187,201,2499,0,1,28,0
29,11.55,293,306,1299,5,1,88,0
115,3.25,141,303,1999,30,1,1,1
3,3.9,262,273,2999,5,2,73,1
112,4.14,200,164,1999,50,1,48,1
61,1.04,291,340,2499,50,0,75,1
19,2.59,190,57,4999,15,1,100,0
24,3.25,12,235,2999,40,1,56,0
71,0.43,47,77,1999,10,2,4,1
53,4.71,213,64,3999,5,1,93,0
98,3.05,134,336,799,30,1,15,1
47,8.68,234,200,2499,40,2,76,0
26,5.43,77,137,1499,10,2,7,1
44,0.75,118,84,1299,15,1,20,0
104,4.52,266,201,3999,15,1,94,1
87,7.9,157,338,1299,0,2,94,1
11,6.03,193,24,799,30,1,29,0
5,1.81,155,303,799,20,2,62,1
118,4.04,47,189,2999,20,1,57,1
46,0.48,138,145,2999,30,1,84,1
28,2.25,93,98,1299,50,1,67,0
59,4.46,270,27,3999,40,1,14,1
65,2.97,71,240,2999,10,1,32,1
101,5.38,281,179,1299,30,2,38,1
94,4.99,213,301,1999,40,1,40,1
20,4.19,200,200,2999,40,2,71,0
77,9.14,150,10,1499,50,1,4,0
44,0.39,73,40,2499,30,1,19,1
79,3.88,215,246,2499,15,1,41,1
80,3.18,101,350,4999,5,1,55,1
58,4.64,158,9,2999,40,0,63,0
102,1.26,241,312,1999,15,2,80,1
32,6.57,258,34,799,30,1,41,1
106,2.59,248,210,1499,15,0,50,1
85,2.2,111,60,1499,15,2,91,1
27,5.64,173,212,2499,0,2,48,0
49,5.74,166,148,3999,10,0,44,0
58,4.35,85,99,1299,15,0,23,0
94,1.44,290,126,2499,40,2,94,1
82,2.95,274,30,1499,10,2,14,1
56,3.36,89,7,2999,5,2,86,0
5,7.68,215,344,999,50,0,99,0
13,4.64,99,89,1999,0,2,0,0
28,0.7,43,140,1499,15,1,65,1
109,2.2,19,114,999,5,1,80,1
74,4.43,120,196,1999,20,2,7,1
100,2.86,102,140,1499,40,1,8,1
10,1.36,86,43,799,40,0,69,0
88,1.88,44,160,4999,40,0,18,1
34,3.61,182,86,999,0,0,93,0
108,1.22,61,51,4999,5,0,43,1
90,5.15,208,81,799,15,0,73,1
3,3.3,237,210,999,30,1,66,0
47,0.41,14,282,1499,10,1,83,1
14,5.55,86,135,1299,10,1,46,0
36,2.38,208,344,4999,10,2,50,1
73,1.91,104,268,2499,40,1,77,1
90,2.64,285,167,1299,5,0,11,1
21,3.88,79,33,2999,5,2,64,0
80,3.63,64,332,2499,10,0,95,0
18,1.53,269,290,3999,10,1,93,1
16,1.83,297,323,2999,30,2,52,1
90,3.62,213,209,4999,0,1,37,1
12,1.77,221,127,3999,30,0,25,1
107,5.06,110,232,4999,0,1,67,1
75,0.57,247,365,799,0,1,22,1
37,6.08,97,333,2999,15,0,45,1
58,2.29,211,311,1999,5,2,42,1
49,3.24,75,364,1299,5,0,75,1
103,4.66,92,145,2999,0,1,77,0
34,3.06,10,220,1499,0,1,15,1
89,4.83,263,344,1999,40,1,47,1
74,7.68,54,326,1299,20,2,54,0
3,0.53,192,249,1999,15,1,2,1
3,5.88,204,27,1499,10,2,62,0
36,7.31,57,143,4999,30,1,24,0
14,4.22,204,81,2499,50,1,44,0
56,3.51,60,361,4999,10,0,61,0
80,5.71,137,43,799,10,0,23,0
27,4.1,107,131,4999,5,1,29,1
63,4.73,39,25,4999,10,2,89,0
72,2.94,53,119,1999,0,2,6,0
63,11.58,169,179,4999,15,1,65,0
51,7.04,142,331,2999,20,2,60,0
72,6.63,285,135,1499,40,0,28,1
83,1.95,259,310,3999,5,2,70,1
110,2.06,53,34,1999,0,1,66,1
88,7.16,138,29,1999,50,1,10,0
97,3.67,144,96,1499,15,1,45,1
117,0.49,152,168,1499,50,1,11,1
91,3.16,262,125,2999,0,1,92,1
120,10.17,191,65,1999,15,1,99,0
37,4.28,270,282,2999,10,2,9,1
27,0.7,298,172,2999,5,0,26,1
55,0.86,45,50,999,0,2,100,1
64,1.47,133,19,4999,5,1,14,1
91,5.41,28,66,3999,20,1,15,1
80,4.78,63,282,1299,40,2,100,1
4,3.69,46,330,1299,20,0,58,0
4,4.25,55,103,4999,50,0,84,0
41,1.27,284,120,1299,0,1,84,0
87,3.07,35,123,2999,40,1,33,1
53,2.19,182,18,1999,15,1,41,1
98,2.08,268,336,4999,10,1,3,1
31,7.8,195,355,3999,30,2,47,1
78,7.25,155,248,1999,0,0,59,1
59,2.3,146,31,2499,0,2,33,1
85,2.73,59,197,999,50,2,15,1
27,1.7,295,201,999,50,0,94,1
8,8.74,243,78,2499,20,1,91,0
119,4.83,18,121,1499,10,1,22,1
104,18.57,107,237,1299,50,2,26,0
46,3.84,39,48,3999,0,2,91,0
104,2.79,84,326,799,30,2,1,1
111,9.56,5,213,799,30,2,63,0
73,2.52,94,81,3999,30,0,93,0
9,4.45,117,114,4999,40,0,76,0
12,3.49,97,70,2999,20,1,56,0
111,2.67,298,201,1999,0,2,31,1
85,6.42,132,177,999,20,1,22,0
15,1.09,129,273,1499,0,1,27,1
42,3.51,264,233,2999,40,1,16,1
110,0.36,288,166,1499,10,2,9,1
53,8.18,289,215,1999,20,2,99,1
61,3.61,15,114,3999,5,0,92,0
91,2.81,177,80,2499,5,2,3,1
110,2.23,50,312,1999,40,0,97,1
41,1.13,198,190,2999,50,0,75,0
9,3.25,151,324,1999,15,1,75,0
84,1.63,43,303,1499,5,1,89,0
77,2.13,244,281,1299,20,1,38,1
20,6.59,168,19,1299,20,1,51,0
94,4.8,55,93,799,15,0,37,1
35,2.61,61,344,999,5,2,24,0
77,8.48,264,131,1499,40,1,42,0
59,3.91,172,73,2999,15,0,7,1
12,4.57,86,354,1299,50,1,98,0
51,0.21,229,115,1499,20,1,93,1
58,1.71,7,11,2999,40,2,79,0
89,1.84,213,198,3999,5,0,70,0
34,0.76,110,150,4999,20,2,53,0
103,3.98,154,226,4999,50,0,81,1
111,8.66,14,36,1299,15,2,65,0
12,5.87,60,208,799,5,1,31,0
0,5.26,89,20,799,15,1,34,0
107,4.8,180,215,999,5,1,84,0
103,3.15,61,365,799,5,2,95,0
9,6.28,112,159,799,20,1,67,0
53,10.3,119,115,2999,20,1,95,0
91,3.18,133,94,2999,50,1,80,0
89,2.54,18,27,4999,15,2,36,0
2,4.27,80,23,1499,30,0,76,0
0,9.78,37,127,2499,20,2,35,0
31,4.91,293,143,1999,15,2,35,0
89,7.34,293,139,2999,50,0,69,1
31,4.91,291,52,1499,20,2,33,1
92,2.45,274,329,4999,40,1,56,1
77,7.0,130,86,1299,5,2,80,1
3,6.14,81,120,1499,50,0,29,0
58,1.89,66,169,2999,5,1,69,0
118,1.73,73,134,1999,20,2,26,1
56,4.15,10,339,1999,40,2,20,0
44,9.89,23,79,2499,40,1,74,0
83,0.88,151,42,2999,20,0,53,1
66,3.48,252,42,999,5,0,94,1
74,5.6,281,168,1999,40,1,45,1
15,2.19,40,63,1299,15,1,48,0
17,15.5,260,297,1499,5,0,88,0
105,0.34,20,26,2499,5,1,33,1
110,4.57,17,218,4999,30,2,5,1
80,3.09,153,308,2999,20,2,3,1
111,2.34,170,26,1999,40,2,35,1
19,4.3,5,260,1999,0,1,66,0
30,5.26,240,313,799,5,0,59,0
35,3.69,213,362,1999,50,1,87,1
108,1.72,22,228,1499,50,0,47,1
80,1.88,100,54,1999,10,2,99,1
20,1.85,63,209,2999,50,0,4,0
5,2.18,171,347,3999,5,2,10,1
87,1.93,213,85,4999,15,0,26,1
14,6.02,181,80,999,10,0,12,1
56,5.08,293,320,1499,5,1,68,1
75,4.59,79,256,1299,50,2,51,0
60,4.72,128,174,2499,5,2,21,1
81,2.35,20,63,3999,30,0,20,0
83,4.05,10,333,1299,10,0,99,0
2,2.73,141,341,4999,20,2,70,0
59,6.3,48,354,2499,5,0,43,0
92,4.39,227,274,1499,20,1,62,0
98,3.91,244,262,1999,20,1,42,1
54,2.01,160,266,1999,50,2,67,1
84,5.43,289,335,1299,50,1,85,1
80,1.21,285,17,4999,40,2,12,1
26,9.05,128,364,1999,0,1,59,0
71,4.72,186,143,799,10,0,16,1
46,0.95,77,326,4999,20,1,45,1
90,3.44,157,261,1999,50,1,6,1
95,3.76,284,350,999,30,1,38,1
111,2.85,66,209,3999,5,1,97,1
57,4.9,29,161,1999,30,0,71,0
89,4.95,296,158,1999,0,1,12,1
95,1.76,54,345,1499,5,2,46,1
24,6.38,194,127,799,40,0,86,0
28,3.39,31,81,4999,30,0,9,1
60,2.31,14,257,1999,20,1,19,1
103,4.92,20,261,1499,5,0,32,1
53,1.65,80,152,1499,0,0,60,0
46,2.98,233,28,799,10,0,28,1
80,9.63,290,190,1999,15,1,73,0
110,2.68,228,310,1999,10,1,54,1
30,3.66,257,247,1999,15,1,27,1
51,10.1,40,99,3999,20,1,93,0
75,2.43,99,76,2999,20,2,97,1
21,1.36,248,20,799,0,1,91,0
93,3.66,36,87,2499,5,0,39,1
1,2.15,52,182,1999,40,1,28,0
107,3.52,150,189,999,15,2,61,1
59,1.47,59,267,999,0,2,66,1
24,1.84,254,32,999,0,0,0,1
1,7.33,27,86,999,15,1,47,0
67,4.8,59,195,3999,50,2,38,0
95,3.74,14,117,2499,5,0,71,1
64,2.42,181,188,999,0,1,66,1
48,2.82,275,50,799,15,1,62,0
86,3.09,279,267,1999,40,1,18,1
67,2.5,181,285,3999,40,1,95,0
44,0.79,102,114,2999,40,2,38,1
75,1.98,186,271,1299,5,1,98,1
81,7.61,134,151,4999,15,1,45,1
72,6.7,252,83,1299,40,2,72,0
5,6.73,209,312,3999,15,1,84,0
71,3.62,265,242,2999,30,0,39,1
85,3.02,159,38,999,15,0,21,1
9,0.45,121,234,799,5,0,39,1
70,5.75,85,236,1499,15,0,74,0
76,2.88,123,348,4999,50,1,7,1
54,4.57,145,346,2499,5,0,91,0
15,2.49,13,331,4999,5,0,40,1
95,2.69,273,231,3999,20,0,73,1
21,8.54,185,109,2999,30,1,77,0
2,2.09,276,71,4999,10,1,5,1
53,0.14,111,156,2499,5,1,45,1
117,7.45,139,235,2499,50,1,84,0
26,1.35,224,190,2999,10,0,89,0
18,7.54,295,305,1999,10,0,82,0
25,7.21,148,32,2999,30,0,4,0
116,0.48,108,288,1999,15,1,48,1
63,3.35,40,105,1299,40,0,57,0
24,0.59,159,70,1999,20,0,71,0
17,1.42,157,217,799,0,2,13,1
107,3.38,37,298,1999,50,1,100,1
95,3.84,254,319,1499,10,0,14,1
119,8.63,76,108,2999,15,1,37,1
91,2.65,227,163,1299,0,0,72,1
12,6.73,42,165,999,30,2,78,0
78,7.03,150,214,1499,40,0,9,1
92,6.84,186,22,799,30,0,77,0
91,3.05,242,208,2999,20,1,18,1
16,3.71,80,208,1999,10,1,85,0
95,1.84,224,52,1299,0,2,16,1
1,7.84,174,173,2999,30,1,70,0
17,1.6,181,142,1499,40,2,86,0
74,10.79,120,236,2499,5,1,72,0
103,2.94,123,161,1499,10,1,0,1
27,9.38,94,187,2999,50,0,34,0
94,8.48,88,280,799,30,1,49,0
110,0.77,6,271,3999,10,0,68,1
6,11.59,183,77,3999,50,2,20,0
80,5.42,62,216,3999,40,2,52,0
103,0.81,12,176,999,0,1,36,1
79,4.06,120,98,799,30,1,69,1
117,1.94,53,316,799,20,1,74,1
22,2.36,259,55,1999,50,0,89,0
10,4.12,31,172,4999,50,1,83,0
117,10.07,128,229,3999,0,1,34,1
28,5.5,38,49,799,0,1,1,0
14,3.65,293,329,3999,5,1,59,0
113,3.52,173,27,799,10,2,61,1
63,1.5,248,275,3999,40,2,2,1
108,2.1,220,16,2999,40,1,8,1
50,5.34,96,129,2499,40,1,81,0
45,6.66,143,327,999,30,0,34,0
72,1.66,127,13,1299,20,2,27,1
89,7.28,206,92,1999,50,1,3,1
49,4.36,185,39,799,30,1,79,0
55,2.48,196,279,2499,20,2,6,1
48,0.75,243,57,2499,50,1,38,1
23,7.4,259,358,2499,0,1,65,0
48,1.74,136,36,2999,10,1,83,0
74,3.02,55,288,1499,0,1,15,0
60,1.1,181,360,999,50,0,0,1
53,2.73,8,47,2999,20,1,31,1
54,5.75,243,265,1299,30,1,60,1
118,5.76,293,155,999,5,0,51,1
81,4.12,285,283,999,20,0,54,1
3,2.19,92,322,1499,5,1,76,0
98,3.92,278,302,1999,0,1,49,1
11,2.83,291,125,2499,30,2,37,0
46,3.25,163,189,2499,15,0,26,0
67,2.71,197,311,1499,10,1,41,0
28,2.57,63,78,999,50,1,30,0
58,1.53,104,215,1299,30,1,17,1
89,3.99,127,125,2999,0,1,31,1
104,2.07,57,285,999,0,1,58,1
109,4.09,107,227,2499,10,2,21,1
109,7.47,235,17,1499,50,0,81,1
41,1.29,206,28,1999,15,2,49,1
103,4.73,150,37,3999,5,0,97,1
77,2.29,282,92,2499,40,1,43,1
86,9.35,72,124,4999,15,2,12,0
50,2.46,223,228,799,10,2,93,1
90,3.68,150,224,1999,30,2,17,1
81,1.17,263,239,3999,15,2,29,1
57,2.64,233,150,3999,40,2,8,1
30,2.28,49,178,799,50,2,66,0
118,5.53,28,124,4999,40,1,21,0
19,2.73,138,343,2499,50,1,9,0
79,2.43,293,170,999,0,1,51,1
59,3.34,157,79,1499,40,1,98,1
22,5.51,221,230,1299,50,2,48,0
44,2.36,82,280,1999,0,2,18,1
93,4.2,256,99,1499,10,2,78,1
44,9.3,55,249,1999,10,1,88,0
56,1.96,12,203,2499,50,2,16,1
74,2.29,248,357,1999,0,2,93,1
53,4.19,245,209,799,10,0,87,1
0,2.89,69,133,1299,50,2,80,0
10,3.21,172,348,2499,30,2,0,1
84,2.45,130,78,4999,50,2,45,1
6,4.27,224,30,999,40,1,22,0
5,1.43,245,275,2499,0,1,72,1
109,1.65,281,303,1499,5,2,90,1
7,4.1,51,27,1499,40,1,9,0
84,6.3,144,137,1499,5,0,70,0
14,5.35,79,36,1499,10,1,25,0
112,6.47,202,65,1499,20,1,54,0
26,4.19,99,209,2999,20,2,58,0
16,2.68,167,279,1999,30,0,50,1
35,14.35,104,115,4999,50,1,22,0
42,6.38,191,129,999,5,1,42,0
41,11.73,216,317,3999,50,2,51,0
54,1.85,94,306,1299,5,0,5,1
114,2.98,185,325,1999,0,1,0,1
70,2.83,244,59,3999,50,1,48,1
95,0.88,268,124,3999,10,1,86,1
25,2.03,62,50,3999,50,0,50,0
83,7.8,295,135,999,10,1,54,1
42,3.36,165,120,1499,0,2,87,0
8,2.93,160,163,1999,10,1,70,0
56,3.31,188,242,2999,0,1,29,1
7,6.53,121,15,1999,30,2,43,0
26,1.77,260,158,3999,20,2,30,1
46,5.57,231,30,2999,15,1,10,1
97,0.76,93,213,799,0,1,11,1
53,2.75,261,72,1299,5,2,8,1
96,7.4,169,300,2999,10,0,7,1
74,7.22,217,337,1299,0,1,57,0
40,6.93,299,360,2999,10,1,36,1
40,2.38,278,131,1499,50,1,41,0
17,1.13,129,179,3999,15,0,84,0
93,2.67,275,266,1299,5,2,42,1
41,9.19,97,120,1999,30,0,61,0
49,2.11,246,257,1499,5,1,36,1
117,2.39,241,249,2999,40,2,42,1
78,2.68,116,291,1299,50,0,35,1
35,1.41,167,17,799,50,0,52,0
116,0.95,41,297,1299,15,1,71,1
105,6.09,252,47,1299,20,1,90,0
61,3.3,55,312,1499,0,1,32,1
115,3.13,246,333,2999,50,1,56,1
117,4.03,8,286,1999,20,0,43,1
29,0.55,39,305,999,0,0,49,1
86,6.61,109,354,799,15,2,3,0
61,1.2,145,177,799,0,2,1,1
10,7.89,121,259,799,40,1,31,0
102,3.12,204,18,799,0,1,3,1
65,2.64,66,245,799,20,1,76,0
69,0.39,189,125,1299,15,0,24,1
51,0.81,240,257,999,30,1,85,1
88,4.25,300,211,2999,30,2,19,1
107,6.16,103,297,799,50,1,32,1
106,4.08,159,297,3999,40,1,47,1
21,0.3,70,303,1499,15,1,15,1
25,10.57,115,211,2999,10,0,16,0
56,1.51,13,294,4999,30,2,19,1
33,1.24,289,230,1999,30,2,77,1
22,2.44,44,40,2499,0,0,93,0
85,3.28,173,278,2499,5,1,0,1
59,1.44,38,74,4999,15,0,94,0
18,3.44,111,56,1499,10,0,100,0
110,9.67,97,276,2999,50,1,95,0
68,1.66,146,211,1499,10,0,65,1
117,7.82,257,279,3999,30,2,18,1
78,12.25,243,185,1499,5,1,67,0
37,0.71,238,129,3999,5,2,50,1
100,1.41,205,180,3999,20,0,48,1
52,1.17,128,116,2499,30,1,56,1
81,1.08,117,154,999,20,2,21,1
48,0.87,144,221,3999,30,0,74,0
120,2.76,208,349,3999,15,1,40,1
58,10.98,78,11,2999,10,2,7,0
71,2.34,206,269,1999,20,2,5,1
62,1.99,18,34,3999,50,1,12,0
83,1.31,188,331,2999,40,1,28,1
25,3.56,218,243,799,10,1,98,0
54,4.83,118,191,2999,50,1,35,1
21,2.85,131,206,999,50,1,79,0
81,2.59,100,201,999,15,0,78,1
31,0.81,159,20,4999,20,1,95,1
58,5.08,94,300,1499,5,1,43,0
73,17.05,179,124,1299,0,1,61,0
44,1.6,197,86,1299,5,1,100,0
71,2.19,91,110,799,5,1,67,0
10,2.8,14,160,3999,15,1,54,0
22,4.62,30,69,1999,10,0,31,0
66,3.06,226,146,999,50,1,47,1
107,2.99,246,140,2999,10,0,47,1
59,1.76,59,185,1499,5,0,41,0
37,3.95,209,176,999,40,2,3,1
70,4.31,109,346,2999,30,1,1,1
11,0.78,133,113,1299,15,1,0,0
15,2.78,32,44,1499,5,1,46,0
1,9.11,6,80,799,50,2,48,0
50,7.15,93,52,1499,20,2,92,0
46,4.36,187,307,999,20,0,45,0
6,2.96,37,341,799,30,1,12,1
14,8.31,140,279,1499,10,2,99,0
103,1.52,11,339,2999,20,1,48,1
22,4.71,59,278,1499,0,0,6,0
106,4.76,39,92,799,20,0,61,1
28,2.86,94,302,999,20,2,5,1
16,1.42,211,361,799,20,1,88,1
50,6.78,109,128,3999,30,1,38,1
104,7.4,67,15,2999,40,0,59,0
119,3.17,174,351,2499,10,1,92,1
58,1.52,278,244,2499,50,0,56,1
58,3.28,58,180,3999,0,0,0,1
84,8.91,275,273,999,5,0,9,1
38,2.26,267,191,2499,5,1,23,1
70,2.56,119,74,1499,15,0,5,1
94,2.81,31,26,3999,20,0,28,1
76,4.01,140,163,1299,10,1,61,0
39,0.74,64,247,1299,15,0,42,1
106,0.69,223,145,4999,50,1,90,1
16,6.77,65,278,999,30,1,71,0
71,5.23,86,318,3999,10,2,13,1
111,6.77,292,67,3999,5,1,66,1
46,11.16,140,335,2499,50,2,37,0
52,2.17,44,11,2999,5,0,65,0
95,2.35,26,40,2999,10,1,72,0
63,1.51,77,221,2499,50,1,10,1
104,3.02,278,348,4999,30,0,92,1
103,4.86,176,132,2999,40,0,71,1
115,6.65,296,308,2999,50,1,49,1
7,5.98,130,43,2499,50,1,52,0
63,3.17,212,300,4999,10,0,95,1
28,3.31,161,131,1999,10,2,23,1
105,5.51,283,211,1499,30,1,83,1
17,2.39,97,346,1499,5,2,1,1
80,1.74,283,166,799,5,0,40,1
43,3.61,135,25,999,20,1,23,1
79,3.95,31,168,2499,30,1,39,1
32,0.29,290,354,2499,15,2,73,1
32,3.37,261,17,2499,15,0,98,0
1,2.72,129,132,1999,40,1,29,1
48,4.93,181,224,4999,10,2,68,1
77,3.84,32,310,1999,50,0,41,1
24,4.08,45,9,2999,30,2,91,0
58,6.12,175,331,1499,40,1,64,0
28,7.73,57,43,799,10,1,54,0
91,7.05,257,262,2499,50,1,96,1
108,5.34,27,111,3999,0,1,86,1
94,5.19,164,224,1999,15,1,28,1
50,11.3,105,334,3999,30,2,13,0
35,2.67,91,136,1999,15,1,15,0
79,1.23,111,152,1999,10,1,95,1
64,2.2,21,27,799,15,1,31,0
2,4.24,172,270,4999,0,1,58,1
37,1.31,222,161,1499,30,1,73,1
58,4.24,147,255,4999,5,2,11,0
95,0.92,106,306,2499,30,1,68,1
111,4.93,178,257,2999,50,0,75,1
49,1.29,179,211,999,5,1,55,1
3,0.94,253,17,1499,15,0,19,1
101,6.25,289,94,1299,0,1,71,1
92,4.25,14,244,3999,5,1,66,0
70,5.46,286,344,3999,50,1,17,1
61,10.51,215,52,1999,5,1,24,1
10,3.23,215,316,4999,5,1,1,1
98,3.78,118,9,799,5,1,93,1
114,0.74,197,76,1999,0,2,77,1
38,6.48,8,259,3999,30,1,84,0
80,1.38,229,65,4999,0,0,5,1
76,5.52,167,78,2499,20,2,12,1
72,2.67,281,167,2499,20,0,99,1
71,4.35,100,105,1999,15,1,75,1
7,4.8,295,89,2999,20,2,50,0
110,2.28,85,264,799,20,0,89,1
46,2.73,77,250,1499,40,0,42,0
82,1.4,278,324,3999,50,1,65,1
38,7.53,113,248,1999,30,1,9,0
43,4.85,141,210,3999,10,2,86,0
40,7.18,264,341,1999,0,1,59,0
48,3.34,31,305,2999,10,1,37,1
52,1.57,139,310,999,20,1,90,1
96,4.26,223,269,1299,0,1,14,1
18,2.54,166,173,2499,0,0,99,0
16,1.39,151,161,2999,30,1,18,1
64,1.1,60,334,2499,40,1,73,1
25,1.66,205,153,1999,5,0,36,1
87,1.8,110,179,4999,30,0,46,1
91,4.24,44,362,1999,0,0,7,1
1,3.56,28,43,2499,20,1,63,0
52,3.06,146,32,4999,20,0,95,0
38,10.29,214,316,4999,0,0,71,0
66,1.33,260,98,1299,40,2,37,1
112,9.87,234,316,1499,50,1,5,1
39,4.56,64,107,1499,40,1,52,0
81,3.29,181,13,1999,50,0,75,0
25,0.35,221,126,1499,50,1,29,1
14,2.51,203,44,2499,0,1,10,0
16,1.45,102,27,799,30,1,25,0
41,2.0,23,143,1499,30,1,85,0
16,5.27,262,178,1999,30,0,58,1
86,2.0,26,83,1299,10,1,84,1
89,5.51,198,59,4999,5,0,67,1
8,2.25,296,225,3999,30,2,43,1
118,2.42,115,131,999,50,0,98,1
92,0.82,287,60,2499,40,1,67,1
74,3.58,46,143,2499,30,1,88,0
58,3.84,127,275,1299,30,2,20,0
89,2.22,235,256,799,10,0,44,1
116,3.37,193,29,1499,15,1,24,1
5,8.82,236,317,2499,15,0,87,0
32,2.95,111,113,4999,50,1,95,0
44,1.7,11,175,1499,50,2,10,1
69,7.45,80,83,2999,5,0,96,0
17,11.9,195,188,1499,20,1,31,0
72,2.76,271,132,3999,30,1,77,1
40,1.12,63,8,799,15,0,53,0
118,1.68,9,189,999,40,0,24,1
107,0.88,47,310,3999,30,1,4,1
58,2.48,279,25,799,20,2,25,1
14,1.29,109,185,4999,30,1,16,1
82,2.81,235,241,799,15,1,85,1
9,5.15,26,313,3999,15,0,31,0
32,3.06,199,102,3999,0,1,53,0
63,2.99,34,162,2999,0,1,48,0
110,2.92,135,108,2499,50,1,62,0
4,5.19,172,297,1299,10,1,54,0
27,2.07,170,224,2999,50,1,83,0
108,3.02,95,57,3999,30,0,50,1
89,1.71,236,347,999,5,2,68,1
86,1.73,100,61,2499,30,2,44,1
45,1.67,220,43,2499,0,1,62,0
70,3.92,89,111,4999,0,1,60,1
68,0.67,146,245,2999,30,2,9,1
60,1.61,205,320,2499,30,2,3,1
115,0.2,237,361,1499,0,1,13,1
117,1.16,124,269,999,5,1,38,1
56,1.58,78,45,2499,20,0,28,1
18,4.0,65,54,1299,0,1,55,0
4,11.17,267,337,799,15,2,42,0
79,4.67,236,325,1299,40,1,8,1
57,4.27,285,288,4999,40,1,93,0
82,4.38,164,99,1999,20,1,95,0
81,1.22,217,247,799,20,1,30,1
66,2.5,218,112,799,50,0,62,1
99,3.66,207,223,4999,50,1,95,1
92,4.09,191,255,1999,40,1,91,0
1,5.04,218,297,3999,50,0,37,1
70,0.93,226,40,3999,50,0,21,1
118,3.56,85,231,1499,5,2,85,0
14,1.43,155,177,1999,15,0,78,0
80,5.54,238,264,1299,40,0,85,1
34,6.61,65,243,2499,10,1,62,0
44,3.97,202,37,1299,50,1,57,0
46,2.17,125,8,3999,20,2,60,0
118,1.55,237,148,1499,0,1,84,1
20,1.67,26,348,2499,15,1,77,0
14,2.34,289,271,2999,0,2,78,0
3,0.79,174,240,3999,5,0,79,0
20,6.99,56,148,1999,5,0,45,0
112,4.78,64,309,1499,5,2,71,1
65,3.1,71,359,3999,30,0,96,0
110,3.85,204,104,1299,10,2,93,1
102,5.93,22,136,799,0,2,57,1
56,1.28,131,337,2499,50,1,38,1
85,3.16,281,110,1299,20,0,61,1
106,2.6,27,270,3999,0,1,25,0
107,3.38,120,342,2999,40,2,49,1
0,2.21,43,284,2999,10,0,44,0
46,4.86,206,65,2999,5,0,44,0
109,2.76,42,252,799,50,1,77,1
69,4.81,221,26,1999,10,0,6,1
3,2.62,118,364,799,0,1,41,0
43,2.74,31,160,2999,30,0,4,0
49,2.29,10,15,1499,50,1,28,1
18,6.05,21,84,1499,5,1,87,0
25,1.84,164,82,3999,20,1,97,0
47,3.16,131,356,4999,20,1,97,1
7,1.36,266,183,799,10,1,20,1
0,3.7,225,192,2499,10,2,80,0
89,3.11,20,43,1499,10,2,85,0
10,1.69,138,107,2999,20,2,97,0
68,5.2,93,270,1999,0,0,6,0
61,5.39,13,55,999,50,1,79,0
19,2.72,42,248,2999,10,1,14,0
119,0.53,157,231,2499,40,2,73,1
55,8.14,66,176,1499,10,1,5,0
65,4.79,210,310,1999,15,1,65,1
118,3.43,241,277,2499,15,1,44,1
90,4.41,75,79,4999,5,1,65,0
25,1.94,112,64,4999,0,1,23,0
35,3.31,120,233,3999,30,0,21,0
76,3.76,100,305,3999,5,2,99,1
64,2.95,213,34,999,20,1,85,0
55,0.68,102,38,1999,30,1,8,1
6,1.06,150,98,999,40,1,80,1
33,3.09,188,215,1299,10,1,49,1
24,2.79,30,113,2999,40,1,82,0
15,5.22,183,12,2999,0,0,22,0
15,0.54,233,236,2499,20,0,25,1
46,0.17,56,294,999,30,0,33,0
74,2.1,297,222,4999,10,1,26,1
39,1.96,53,312,1999,15,1,56,1
17,3.37,128,322,1499,10,0,21,1
63,6.62,262,273,3999,10,1,99,1
100,4.38,97,244,2999,30,0,81,1
45,3.17,53,31,1999,0,0,82,0
27,4.16,142,121,2999,15,1,81,0
97,8.37,218,169,1999,15,0,51,1
114,1.69,178,222,1299,5,1,20,1
96,3.52,171,288,2499,50,0,74,1
119,4.04,113,326,3999,10,0,56,1
63,2.42,160,293,1299,5,2,95,1
64,6.49,54,27,2499,30,1,9,1
102,6.07,173,193,4999,5,0,91,1
87,12.59,225,65,1999,30,1,78,0
62,4.25,257,227,2999,40,2,36,1
39,5.09,265,260,1999,40,1,15,0
115,4.41,290,31,1499,20,0,61,1
34,3.83,84,25,999,10,1,100,0
66,2.4,62,195,1299,50,1,25,0
15,2.89,257,45,2999,50,1,89,0
13,11.05,223,299,1299,15,0,60,0
39,3.14,187,98,1299,15,0,99,0
66,7.03,49,349,2499,10,2,17,1
79,4.72,81,57,799,40,0,71,0
120,2.57,229,146,3999,15,2,12,1
65,1.37,138,150,3999,0,1,50,1
53,8.73,95,222,4999,10,2,9,1
83,2.53,220,144,1499,30,0,97,1
12,5.97,160,162,4999,30,0,100,0
8,8.57,66,13,3999,15,2,98,0
18,9.35,90,110,999,5,1,30,0
96,1.07,226,157,999,20,2,56,1
77,1.51,42,260,999,5,0,85,1
118,12.22,156,86,1999,0,2,38,1
57,3.47,129,361,999,40,1,43,1
95,5.4,123,226,2499,30,0,87,1
79,1.12,278,209,1499,50,1,95,1
51,6.87,45,35,2999,15,0,23,0
53,4.41,147,342,2499,40,1,91,0
38,3.7,225,341,1499,30,1,58,1
89,5.8,72,179,3999,20,2,6,1
115,1.07,142,137,4999,15,0,61,1
32,2.76,280,127,1999,30,1,39,1
42,1.76,16,155,1299,40,1,86,1
114,3.34,17,315,799,5,1,43,1
29,1.66,237,132,2499,50,1,77,0
102,1.18,80,272,1999,5,0,39,1
0,0.39,23,58,1499,40,0,44,0
66,3.73,130,171,3999,0,0,98,0
18,7.28,84,150,1299,40,0,44,0
17,2.6,262,97,1299,15,1,45,0
13,1.37,191,233,2499,10,1,31,1
69,2.85,112,149,2499,0,2,76,0
104,1.96,18,8,4999,0,2,26,0
8,2.75,197,121,1999,20,1,88,0
95,4.42,53,86,2999,5,0,80,0
101,1.79,37,196,799,20,1,56,1
99,3.03,251,264,2999,40,1,48,1
60,4.54,182,294,2499,40,2,53,1
54,3.22,239,7,3999,0,2,53,1
28,1.66,160,252,1499,30,1,54,1
53,2.04,254,8,4999,30,0,35,1
65,1.25,207,147,2499,15,1,31,1
46,4.15,101,280,2999,50,1,9,1
97,4.03,257,32,2999,0,1,100,1
116,0.73,260,127,4999,15,2,35,1
16,5.9,68,279,3999,5,2,84,0
58,7.23,86,70,3999,15,0,81,0
49,2.62,201,113,799,10,1,27,1
106,4.1,239,76,3999,30,2,34,1
44,2.18,266,261,1299,50,1,44,1
26,2.76,193,135,4999,15,1,93,0
89,6.43,261,321,3999,20,1,94,1
114,3.71,269,263,4999,10,0,17,1
90,7.97,141,141,1499,15,0,20,1
41,1.89,106,318,999,30,0,20,1
45,1.01,262,125,1499,10,1,23,1
81,1.92,147,243,2499,20,1,59,1
35,3.39,146,128,799,0,0,10,1
60,2.04,185,251,3999,10,0,56,1
100,2.8,100,263,2999,30,1,9,1
5,1.31,164,156,999,40,0,13,1
32,5.27,296,258,4999,50,1,86,0
37,7.92,182,279,1999,30,1,20,0
118,7.12,231,128,999,10,2,72,1
39,2.7,101,193,999,10,0,20,1
98,6.53,66,224,2999,15,1,95,0
52,6.49,180,275,799,15,0,72,0
109,4.25,144,12,4999,10,1,36,1
26,3.39,212,250,3999,5,1,78,1
117,8.24,247,179,3999,20,1,59,1
7,5.93,59,53,2999,30,1,30,0
23,5.96,68,304,999,30,0,29,0
40,10.69,31,242,1999,10,2,36,0
53,0.4,8,139,2499,20,1,20,1
35,2.56,184,90,1299,0,1,6,0
102,3.3,190,179,4999,40,0,45,1
12,0.48,183,277,2999,0,2,0,1
16,6.16,252,271,3999,15,1,44,1
78,6.41,280,309,999,10,2,61,1
56,1.82,57,279,2499,50,1,20,1
57,4.81,299,265,799,10,1,72,0
6,3.83,231,89,1299,30,2,28,1
97,3.83,184,225,799,5,1,52,1
68,5.35,300,78,2499,0,1,3,1
112,1.98,186,329,2999,10,1,41,1
119,11.44,130,108,3999,5,1,100,0
68,1.08,138,281,999,30,0,95,0
69,4.85,269,272,4999,20,1,50,1
84,6.72,40,50,2499,50,1,70,0
89,0.38,45,338,799,40,2,83,1
114,3.95,181,339,1299,10,1,17,1
75,9.2,149,117,3999,0,1,56,1
22,1.35,237,231,1499,0,1,8,1
75,8.67,92,25,799,5,2,71,0
117,2.02,78,12,999,5,1,91,0
23,3.16,265,325,2999,20,1,88,0
75,2.17,16,324,4999,0,1,3,1
78,3.3,162,301,1499,0,0,55,1
103,2.37,269,190,1999,5,1,8,1
35,4.91,24,120,4999,10,0,10,0
24,3.42,165,252,799,15,0,89,0
26,0.74,153,206,2999,15,0,48,1
22,3.88,66,281,2499,30,0,44,0
40,1.75,103,316,1999,5,0,40,1
101,2.19,128,134,2999,40,0,30,1
112,2.43,234,353,1999,5,1,68,1
111,2.87,289,307,1999,30,0,37,1
56,1.61,120,218,2999,20,1,61,1
27,9.74,243,214,4999,20,1,79,0
3,8.09,22,42,999,30,0,64,0
4,3.73,88,177,3999,20,1,60,0
27,1.83,186,271,2499,20,2,67,0
84,4.25,15,328,1299,40,2,31,1
111,1.95,82,196,2999,40,2,4,1
28,4.02,182,351,4999,20,0,65,0
46,1.06,84,74,799,50,1,98,0
115,5.88,79,200,2999,0,1,53,1
61,2.4,97,173,3999,50,0,81,0
28,5.94,22,144,2499,20,1,60,0
106,3.79,294,132,2999,50,0,2,1
105,2.9,283,255,1499,40,1,14,1
108,7.44,293,303,1299,30,1,31,1
110,1.08,295,166,1499,40,1,58,1
8,3.39,205,160,1499,40,2,2,1
100,5.18,206,36,1499,5,2,23,1
59,2.48,124,353,1499,0,1,72,1
82,7.74,124,287,1999,30,0,45,0
52,2.06,32,301,3999,5,0,53,1
11,1.51,192,147,3999,40,2,22,1
86,3.24,230,226,3999,50,0,2,1
85,8.37,90,290,1999,30,0,93,0
53,4.14,137,294,1299,50,1,69,1
78,2.66,76,179,1499,5,0,48,0
55,0.29,74,224,999,40,1,77,1
71,2.71,103,235,3999,30,0,61,1
59,1.11,30,65,2499,5,1,4,0
29,2.6,249,290,1999,10,0,55,1
108,4.62,179,248,1999,50,1,39,1
21,12.43,34,13,799,0,1,14,0
56,5.57,150,143,1299,5,1,50,0
9,4.73,74,94,1299,40,2,79,0
35,2.45,112,165,2499,15,2,51,0
12,10.42,114,157,1999,30,0,22,0
23,3.61,259,115,2999,30,2,16,0
115,11.35,185,249,1499,5,1,44,1
15,5.09,198,147,3999,0,1,55,0
113,3.54,80,55,2999,15,0,65,1
37,5.18,245,108,2499,50,1,24,1
62,7.02,112,184,1999,30,2,73,0
38,4.6,287,329,2999,5,1,33,1
56,2.23,40,324,1299,15,2,30,0
11,2.88,135,317,999,0,2,31,1
38,2.24,283,178,999,15,1,36,0
62,0.96,84,91,2499,30,0,83,0
46,2.03,240,59,4999,40,1,59,1
11,2.18,60,58,3999,30,0,79,0
99,1.2,106,269,2499,15,1,20,1
106,4.63,203,71,4999,10,0,3,1
89,3.75,22,359,4999,50,0,89,1
69,8.9,113,135,1999,30,0,89,1
98,2.31,103,206,4999,10,1,28,1
69,4.23,229,67,3999,40,1,25,1
54,2.34,50,158,1499,5,1,59,0
23,1.04,187,84,3999,0,2,19,1
75,1.77,288,151,2499,0,0,25,1
1,0.43,27,117,999,5,2,69,0
37,0.53,86,283,1999,10,2,10,1
47,6.33,95,238,1499,40,1,1,0
117,6.1,204,262,3999,10,1,96,1
11,3.05,44,147,1499,30,2,57,0
111,3.15,90,22,1499,30,1,43,1
59,0.92,144,250,1299,20,1,40,1
71,2.76,274,103,1499,50,0,59,1
61,4.3,193,286,999,15,2,89,0
7,5.16,70,19,999,15,1,46,0
120,7.33,252,179,3999,5,0,89,1
82,3.07,103,35,999,20,1,28,0
120,5.57,154,313,2499,15,0,80,1
31,2.16,231,189,4999,10,2,20,1
27,10.03,274,22,3999,10,1,45,0
37,3.55,284,266,799,5,0,99,0
52,7.23,263,37,999,40,1,45,1
90,2.11,102,53,4999,40,1,59,0
102,8.51,46,275,2999,20,0,13,1
88,3.37,132,126,3999,5,0,28,1
25,8.47,288,52,3999,20,0,39,1
58,4.14,207,322,999,15,2,62,1
10,2.15,264,50,799,40,0,86,0
94,3.93,70,147,799,40,2,39,0
53,1.7,186,112,1999,10,2,94,1
70,4.04,120,239,1999,10,1,48,1
53,3.24,252,279,999,20,1,74,1
23,5.16,200,202,3999,20,0,9,0
86,3.55,140,294,1299,5,1,59,1
92,4.21,87,46,2999,15,1,15,1
58,0.45,240,160,2499,0,1,27,1
51,0.36,62,61,2499,5,2,63,0
118,4.79,213,43,4999,30,2,12,1
8,0.28,118,219,999,50,2,50,0
39,0.36,85,324,1999,40,1,32,0
38,4.33,57,213,2999,15,1,33,0
57,1.8,267,39,2999,10,1,57,1
14,1.28,63,175,999,30,0,96,0
74,6.6,282,39,2499,50,1,99,0
91,1.4,55,223,1299,10,2,10,1
106,2.38,205,101,799,40,0,78,1
102,3.56,102,124,1499,5,1,39,1
68,5.65,221,341,3999,0,1,13,1
118,6.41,266,136,999,20,0,95,1
77,6.15,71,119,1499,20,0,10,1
17,4.85,68,48,3999,30,2,3,0
55,6.18,17,229,999,0,2,4,1
39,1.27,151,209,2999,10,2,41,1
20,2.38,221,104,4999,50,2,84,0
73,6.51,133,242,1299,40,1,97,1
81,1.19,199,240,1499,15,0,63,1
5,5.42,207,277,3999,40,1,89,0
60,2.28,248,271,1499,15,1,83,1
74,5.81,73,43,4999,20,1,52,0
5,3.25,150,129,799,40,2,87,1
25,3.0,61,320,4999,15,0,30,0
25,4.97,206,257,3999,10,2,41,1
15,1.22,67,20,2499,0,2,6,0
96,6.88,281,162,4999,30,2,41,1
27,2.13,165,88,4999,30,0,91,0
12,3.28,233,337,3999,15,1,8,1
120,5.19,180,343,1999,40,2,89,1
44,7.97,91,243,1299,40,1,36,0
95,7.74,136,188,3999,15,1,19,1
7,3.77,27,250,4999,50,1,58,0
74,3.96,187,73,2499,5,1,10,1
77,7.09,164,231,4999,5,1,31,1
59,8.86,32,307,1999,40,1,34,0
69,1.87,264,364,2999,10,0,91,1
9,0.41,181,315,3999,30,1,60,0
80,2.58,30,81,1999,30,2,53,0
7,4.28,84,210,1299,5,2,53,0
86,1.76,45,338,1499,30,1,75,1
16,3.33,175,110,4999,30,1,96,0
36,2.18,52,211,799,0,1,57,0
59,1.18,225,99,1499,0,1,68,1
111,0.34,28,162,3999,15,2,32,1
68,3.67,12,183,999,15,1,14,0
15,1.09,253,121,1499,40,1,100,1
33,6.35,183,43,1299,40,1,58,0
23,0.96,98,197,1499,15,1,8,0
117,2.17,235,302,999,40,0,89,1
95,2.11,238,352,1499,0,1,93,1
27,12.91,94,312,999,30,1,20,0
5,0.38,124,98,2999,10,2,28,0
33,1.76,279,209,799,5,1,27,1
77,5.68,205,53,2999,5,2,21,0
30,2.41,122,244,4999,30,0,34,0
75,4.99,105,63,2499,40,1,3,1
70,3.09,49,70,3999,10,2,60,0
7,5.69,45,102,1999,40,1,3,0
7,5.29,219,161,799,30,1,44,0
95,1.94,294,123,1299,30,0,48,1
7,2.92,248,300,1299,20,0,48,0
5,4.43,92,158,1999,20,2,93,0
39,4.02,76,181,799,50,0,10,1
89,10.18,206,65,3999,40,2,65,1
21,5.32,285,169,2499,15,1,48,0
82,4.2,267,24,4999,10,0,80,1
112,4.98,274,105,999,10,1,26,1
47,4.93,291,268,1999,30,0,39,1
4,4.44,72,211,2999,0,1,93,0
99,0.59,216,45,2499,50,1,26,1
86,1.11,64,76,1299,10,0,22,1
49,12.76,208,245,2499,0,0,22,0
95,3.02,165,357,1299,30,1,77,1
95,3.64,61,215,2999,30,1,20,1
61,5.5,67,48,2499,20,2,49,0
74,8.61,237,106,1999,20,0,42,1
86,3.88,195,282,4999,15,0,24,1
80,3.35,47,231,2999,10,2,74,0
82,1.21,114,340,2999,20,0,41,1
55,6.76,285,59,3999,40,0,90,0
100,5.6,40,220,1499,30,1,39,1
92,0.26,193,246,799,15,1,8,1
94,3.15,290,271,4999,0,1,38,1
62,0.04,95,79,1999,30,1,81,1
57,1.96,289,114,3999,10,0,3,1
70,1.63,249,82,4999,50,0,57,1
112,2.5,94,53,999,50,1,68,1
111,5.33,192,233,2999,20,2,19,1
1,5.29,104,232,1999,5,0,62,0
76,14.13,213,224,999,30,1,95,0
34,0.76,120,184,1999,50,2,31,0
62,1.93,92,17,799,50,1,71,0
50,1.47,124,294,4999,40,0,18,1
55,4.66,206,72,2999,0,2,79,0
83,19.26,233,88,1999,40,1,73,0
61,1.41,78,109,2999,5,0,59,0
0,0.94,89,322,1299,30,1,75,0
46,6.57,105,182,1299,50,1,4,0
108,2.3,55,240,3999,15,1,94,0
77,4.44,272,85,2499,50,0,89,1
115,3.99,284,20,1499,0,0,52,1
57,16.71,151,268,4999,40,0,36,0
108,4.12,197,153,2499,10,0,74,1
109,0.5,250,33,1299,0,2,35,1
25,4.83,274,73,999,15,1,58,0
64,1.47,174,209,1499,50,1,82,1
17,1.78,189,304,2999,10,0,10,1
114,3.61,139,29,1299,30,2,62,1
55,6.63,159,34,799,0,1,11,1
108,2.97,143,100,4999,40,2,83,1
31,5.12,127,343,4999,5,1,50,0
17,1.69,298,329,1299,40,0,1,1
100,2.23,137,347,2999,20,1,35,1
35,1.95,255,72,999,30,1,49,1
114,7.3,214,351,2499,40,0,33,1
120,3.42,79,345,1499,30,0,59,1
40,1.65,147,149,799,15,1,72,0
79,3.18,169,218,999,0,1,54,1
89,1.6,56,28,2999,5,1,26,1
39,6.46,156,215,1499,10,1,99,0
87,5.79,174,261,1999,30,2,85,0
116,10.05,75,36,1499,0,1,19,1
116,3.69,9,357,1999,50,0,14,1
22,2.6,166,116,1999,0,2,55,0
36,2.65,37,14,1499,5,1,16,0
20,1.06,19,91,999,5,0,53,0
26,1.45,233,135,1499,0,1,36,0
8,13.34,107,284,3999,40,1,72,0
7,3.4,52,292,2999,10,1,79,0
33,3.95,51,137,4999,20,2,44,0
76,3.58,289,265,799,5,1,65,1
66,0.95,227,64,1299,20,1,55,1
7,2.4,144,143,1299,40,1,58,0
100,6.48,236,273,1499,10,1,37,1
64,5.19,175,287,2999,40,1,28,1
62,2.73,297,81,4999,15,2,29,1
45,4.01,93,35,799,5,0,28,0
63,13.22,106,50,999,5,2,18,0
7,3.19,169,343,1299,5,1,23,0
96,2.02,72,132,799,20,1,3,1
61,0.81,68,58,799,50,2,5,1
112,7.17,135,243,2999,10,0,59,0
24,3.01,36,28,1499,10,2,6,0
12,1.59,20,245,1299,40,0,57,0
27,3.25,14,75,3999,40,2,51,0
58,2.3,300,131,999,20,1,54,1
53,3.9,71,87,2499,30,0,44,0
10,1.71,217,202,999,20,0,55,0
56,3.36,145,134,1499,50,0,53,1
15,1.82,290,129,1299,50,1,13,1
18,3.5,234,119,2999,5,2,78,0
41,2.01,219,238,1299,5,1,10,1
64,7.17,87,307,2999,30,2,37,0
118,1.19,120,58,4999,15,0,62,1
104,3.91,118,249,1999,10,0,47,1
76,2.79,179,234,4999,40,1,98,0
84,0.55,244,138,2499,0,1,96,1
21,6.33,225,182,2999,10,1,21,0
19,3.11,18,35,1499,0,1,77,0
80,3.35,274,330,2999,50,0,5,1
17,8.21,13,363,799,15,1,50,0
109,3.88,214,265,2999,20,0,49,1
62,2.79,83,333,2999,15,1,7,1
65,3.57,94,330,4999,30,1,41,1
60,6.49,125,15,2999,50,1,8,0
6,3.23,168,10,3999,40,1,74,0
41,3.37,299,123,1299,30,1,28,1
12,6.37,211,19,2499,5,2,9,0
117,0.54,115,11,2999,10,0,43,1
80,3.63,177,193,1299,20,2,72,0
30,1.0,17,206,999,20,1,20,0
55,4.38,26,41,2499,10,1,58,0
25,5.74,211,36,2499,40,0,48,0
39,3.78,130,148,2499,0,1,93,0
82,3.32,205,61,999,15,2,82,1
19,3.61,228,172,1499,20,1,69,0
93,1.87,54,136,2999,5,1,34,1
40,1.51,149,186,999,30,0,64,1
84,4.21,193,169,1499,30,0,21,1
33,2.6,66,9,1299,50,2,1,1
85,4.47,165,10,1999,50,1,15,1
68,2.6,277,123,1499,20,1,15,1
114,7.11,264,139,2999,0,2,25,1
76,1.36,108,270,999,0,1,65,0
9,2.34,183,272,999,15,1,94,0
7,0.92,261,147,1299,30,1,6,0
10,1.19,254,170,2499,30,1,23,1
53,8.3,177,97,1999,15,0,14,0
95,2.73,76,324,1299,50,0,13,1
25,2.04,186,358,4999,30,0,12,1
119,0.87,225,260,799,0,1,43,1
100,3.24,58,27,1999,50,0,49,0
35,1.8,171,212,2999,50,1,49,0
82,8.67,89,355,1999,40,2,80,0
79,2.27,144,30,3999,10,2,24,1
5,1.58,184,54,2999,5,2,40,0
61,1.85,27,53,2999,15,0,29,1
89,2.73,25,175,999,15,0,18,1
78,0.57,163,158,1999,50,0,4,1
5,10.21,11,64,2999,50,1,95,0
56,12.67,208,320,4999,40,1,73,0
15,2.54,34,211,2499,40,2,6,0
65,3.76,51,12,1299,30,2,6,0
12,2.99,293,361,4999,15,0,12,1
28,1.08,291,80,799,5,2,56,1
115,2.06,223,175,4999,15,0,38,1
88,3.71,183,141,2499,40,0,85,1
54,9.68,211,152,1999,40,2,29,0
85,4.06,297,41,3999,50,1,17,1
83,5.69,147,176,2999,0,1,45,0
105,4.89,256,163,1499,15,2,88,1
65,2.57,18,311,2999,10,1,16,1
93,1.26,253,192,3999,30,2,38,1
35,1.89,270,346,2499,0,1,68,1
88,2.07,62,265,2999,5,0,100,1
20,3.29,86,95,1999,5,2,80,0
53,3.49,177,275,2999,30,0,8,1
75,6.03,54,128,4999,50,1,9,0
74,4.19,82,279,1499,10,2,65,1
82,5.69,31,96,1499,10,1,86,0
32,4.54,126,354,2999,30,2,44,1
93,3.54,90,338,2999,40,0,73,1
78,6.13,167,254,799,15,0,22,0
23,8.26,264,123,999,40,1,92,0
108,0.94,120,217,999,15,0,74,1
102,0.94,282,38,999,0,2,78,1
3,2.1,141,260,799,5,2,98,1
29,0.94,17,57,2999,10,2,22,0
49,6.64,211,222,2999,20,0,33,1
61,2.96,133,281,3999,20,2,52,1
6,5.84,34,42,999,50,0,62,0
99,6.84,183,127,2999,30,0,90,0
67,17.24,75,155,999,30,0,56,0
84,2.96,31,277,1999,0,2,97,0
7,4.82,297,274,3999,0,1,9,1
59,0.86,278,73,2999,0,1,74,1
26,1.65,29,44,1299,30,2,27,0
80,5.23,187,57,1299,10,1,12,1
103,6.18,184,315,1299,40,0,86,0
113,3.88,262,357,999,30,2,55,1
64,2.31,278,310,2999,30,1,61,1
75,0.79,248,285,999,30,2,41,1
101,5.41,146,67,2999,10,0,21,1
53,6.15,203,242,1299,10,2,18,0
30,12.2,130,239,1499,40,2,78,0
16,3.51,250,249,999,0,0,77,1
69,1.28,270,335,1499,15,1,78,1
46,1.06,298,364,1499,0,2,54,1
16,4.98,231,201,1999,50,1,88,0
33,3.55,41,346,999,10,1,65,0
31,0.77,175,33,799,10,0,1,1
74,4.05,35,130,4999,30,0,86,1
91,1.39,89,122,999,15,0,98,1
78,4.27,155,299,3999,40,0,18,1
91,1.0,181,7,2499,50,0,76,1
50,5.57,263,322,3999,30,0,35,0
16,3.51,34,31,999,10,0,86,0
26,3.7,70,133,999,5,1,50,0
73,2.81,66,80,1999,20,0,38,1
33,3.43,274,292,2999,5,1,84,1
68,3.28,213,225,3999,5,1,87,1
71,2.3,139,179,999,15,2,1,1
25,0.43,142,352,799,40,2,94,0
94,1.12,17,331,1999,20,2,46,1
25,5.28,276,206,999,10,1,4,0
37,5.68,291,270,1499,40,1,88,0
61,3.45,41,258,2999,20,2,42,1
94,2.77,177,210,799,10,2,58,1
61,2.76,97,210,1999,20,1,5,0
67,1.7,187,25,999,0,1,77,0
26,0.55,143,137,999,20,2,36,1
102,5.17,44,294,1499,5,0,40,0
30,0.2,267,365,1999,40,2,80,1
22,1.45,295,235,799,40,2,9,1
27,2.95,132,254,4999,40,0,98,0
71,3.21,132,239,799,30,1,48,1
97,7.81,246,20,2499,5,0,51,1
86,6.05,283,341,1999,20,0,68,1
76,2.3,95,125,2499,40,2,25,1
46,3.27,167,272,2499,5,0,61,0
46,3.18,169,199,4999,0,1,65,0
15,3.28,59,210,2499,15,0,75,0
105,2.73,100,326,1999,40,0,7,1
59,7.68,260,57,3999,5,1,41,1
44,1.16,21,305,4999,15,2,83,0
49,2.72,121,124,1999,50,1,0,1
25,0.96,172,130,3999,10,1,13,0
50,3.55,15,15,1499,30,1,91,0
5,1.06,144,137,799,30,2,52,0
35,1.85,172,283,1999,50,1,23,1
73,1.55,26,344,799,15,1,34,1
66,2.46,182,251,2999,0,1,5,1
84,2.47,284,73,1299,10,0,36,1
103,2.87,121,140,799,30,1,80,1
51,3.2,132,174,2499,40,0,77,0
91,1.86,80,21,3999,30,0,36,1
90,4.23,7,70,3999,50,1,2,1
16,5.58,17,216,2999,30,1,26,0
3,4.57,294,149,999,50,0,62,0
95,1.66,55,349,3999,20,1,4,1
97,0.83,156,227,999,10,0,46,1
90,5.15,41,291,2499,20,0,90,0
99,7.46,245,16,1999,20,1,80,1
105,2.82,251,91,799,15,2,12,1
97,7.26,173,165,2999,30,1,99,0
110,2.69,24,45,799,15,1,66,0
3,3.07,265,128,1999,50,1,2,1
48,8.09,49,73,2499,0,1,50,0
85,9.35,200,59,799,10,0,89,0
58,4.95,47,90,1299,40,1,37,1
78,0.46,253,139,3999,30,0,33,1
7,1.92,109,28,1999,40,2,10,0
45,1.0,106,7,1299,10,0,96,0
42,3.45,293,335,1299,5,2,74,1
100,3.27,199,286,2499,0,0,77,1
69,4.38,39,107,1299,50,1,59,0
60,1.12,148,246,1999,30,1,13,1
97,1.14,170,281,1299,50,1,23,1
61,2.09,227,244,2499,10,0,22,1
110,5.88,45,70,1299,0,0,76,0
82,5.28,111,197,1499,30,1,45,0
22,3.64,108,227,2999,50,0,52,0
27,2.05,96,259,4999,50,0,29,0
97,1.73,272,44,2999,30,2,31,1
92,7.45,190,134,999,30,0,41,0
31,2.41,282,172,1499,50,0,98,0
90,1.53,100,30,799,20,2,86,1
85,1.59,79,217,2999,30,2,34,1
48,1.58,57,206,1299,5,0,65,0
102,4.47,97,279,999,30,1,94,1
88,4.62,242,134,1999,30,1,10,1
106,5.35,286,349,4999,5,2,86,1
79,7.08,73,188,2499,0,1,4,1
50,2.55,161,107,3999,15,0,17,1
87,6.93,183,358,2499,10,0,28,1
118,4.02,291,218,1999,50,0,64,1
117,2.53,24,263,2999,15,1,36,1
71,4.03,142,169,3999,30,1,28,1
39,1.96,13,278,3999,20,1,65,1
119,4.31,145,192,1299,0,0,76,1
74,7.08,151,198,1299,30,2,73,0
26,1.64,106,217,1499,5,2,46,0
22,5.38,46,347,4999,5,0,35,1
13,2.4,82,128,799,30,2,50,0
28,3.53,130,117,4999,50,1,0,1
37,8.92,39,184,799,50,0,95,0
112,2.79,23,46,1999,30,0,5,1
48,4.68,123,105,2999,15,1,21,0
53,9.78,238,286,1999,15,0,10,1
75,5.27,234,161,3999,30,1,46,1
105,7.94,182,319,2999,50,1,9,1
18,11.53,298,315,2999,15,0,50,0
57,3.68,148,154,2499,50,0,81,0
63,1.31,82,173,1499,50,1,44,0
112,2.43,123,125,2499,40,0,24,1
47,3.78,50,252,2999,20,1,74,0
80,2.55,130,285,1299,15,1,72,1
39,2.93,99,148,999,0,1,83,0
95,2.71,186,58,799,5,0,67,1
47,1.08,85,321,999,40,1,20,0
91,0.99,285,167,2499,50,1,67,1
52,6.46,123,139,2499,40,2,50,0
111,0.14,248,226,2499,15,1,1,1
83,2.66,272,177,2499,40,1,37,1
117,8.22,50,146,1299,40,1,71,0
58,0.77,10,31,3999,15,2,43,1
62,10.27,164,91,1299,30,1,45,0
64,3.9,280,103,2999,5,2,41,1
103,5.09,151,81,3999,0,1,3,1
6,7.81,106,180,2499,15,1,59,0
38,6.51,73,300,2499,10,1,79,0
80,4.65,100,141,1299,0,2,49,1
91,3.29,121,145,999,10,2,96,1
23,9.02,165,290,2999,10,0,2,1
25,5.68,169,53,2499,40,1,90,0
82,2.4,149,68,999,5,0,17,1
38,1.42,288,222,1499,10,0,18,1
34,5.14,165,261,1999,20,1,79,0
73,2.58,112,145,2499,10,1,100,0
111,4.58,234,106,3999,20,0,48,1
29,5.2,184,22,1999,30,1,97,0
3,1.55,264,223,1999,0,2,78,1
63,2.47,291,245,1299,30,1,21,1
27,2.67,268,223,4999,50,1,1,1
69,2.29,113,313,1999,50,1,19,1
3,2.74,224,337,2999,30,1,22,0
99,0.56,130,132,1499,10,1,81,1
102,1.26,251,357,3999,30,1,89,1
72,4.07,217,300,1299,5,0,37,1
119,0.3,275,364,2499,10,1,19,1
66,0.48,150,280,3999,50,1,23,1
55,1.92,237,335,4999,5,1,42,1
46,2.77,157,256,2999,10,2,4,1
15,1.79,254,338,1999,5,0,44,1
55,3.48,101,231,1999,50,2,93,0
75,2.87,217,22,799,5,1,12,1
100,0.34,285,352,2999,15,0,82,1
13,1.58,83,355,799,15,1,57,1
103,1.66,217,159,2999,0,1,15,1
29,6.22,300,347,1999,10,0,88,1
65,17.79,231,327,999,30,2,80,0
14,4.21,129,52,999,5,1,34,0
23,6.07,275,139,2499,30,2,95,0
33,0.06,50,205,4999,15,1,43,0
119,10.13,58,34,1999,40,1,93,0
41,3.51,20,160,3999,20,0,19,1
117,3.76,251,194,1499,15,0,4,1
33,4.81,49,266,3999,40,1,28,1
42,2.43,164,24,2499,10,0,80,0
75,3.59,285,219,3999,40,1,9,1
96,1.46,175,124,1499,5,1,92,1
40,3.54,131,21,999,15,1,31,0
20,8.36,78,191,2999,50,0,100,0
47,3.58,144,202,999,10,1,49,0
72,1.62,207,277,2499,10,1,4,1
22,4.62,234,296,1299,0,1,8,1
71,2.57,39,27,2999,10,0,13,1
50,6.74,211,27,999,5,1,41,0
45,1.78,187,252,1999,40,0,57,1
70,3.67,22,97,1499,15,1,62,1
63,10.57,124,347,1499,40,1,86,0
79,0.96,16,180,1499,5,1,11,1
105,6.25,79,69,1299,5,0,86,0
9,3.21,61,330,3999,50,2,23,0
113,3.73,274,164,1299,15,0,93,1
5,6.76,197,37,2499,0,0,17,0
55,3.12,225,138,1299,40,0,39,1
77,2.02,190,315,2999,15,0,38,1
110,1.67,90,151,999,30,1,87,0
104,4.66,168,264,799,50,2,51,1
79,12.17,154,195,2499,50,0,86,0
21,1.73,43,169,4999,5,1,81,0
60,6.03,86,274,3999,15,0,98,0
77,3.84,128,353,4999,5,1,15,1
12,2.37,16,251,1299,10,0,61,0
76,1.33,110,117,2999,50,0,87,0
44,3.47,257,360,1299,50,1,8,1
104,12.81,146,336,4999,15,2,13,1
82,5.25,255,62,4999,20,0,0,1
88,3.04,177,84,799,40,1,73,1
22,3.34,251,37,1999,20,1,78,1
36,6.28,104,265,2499,15,2,27,1
118,3.5,273,185,1999,5,1,12,1
79,4.9,275,279,1299,40,2,58,1
89,1.1,89,304,1999,0,1,23,1
14,2.45,259,247,4999,0,2,78,1
41,1.44,119,178,1499,50,1,5,1
108,3.22,261,23,2499,50,0,24,1
50,4.83,217,208,2499,30,1,67,1
60,5.62,26,351,1999,20,0,80,0
53,4.26,41,328,2999,50,1,55,0
104,6.33,177,109,1299,40,0,33,1
41,3.12,76,183,999,5,1,61,0
103,4.99,104,247,1999,15,2,24,1
5,7.48,37,24,1499,5,0,62,0
27,3.93,248,125,3999,0,0,2,1
16,3.72,247,292,3999,10,1,16,1
72,3.58,276,215,2999,30,0,92,1
33,3.16,141,175,799,30,1,16,0
5,3.55,142,106,2999,5,1,80,0
75,6.33,15,356,2999,40,1,58,0
109,0.93,66,176,2999,10,2,67,1
73,8.76,81,204,799,50,1,48,0
34,2.45,243,187,4999,20,0,46,1
89,4.9,284,38,4999,50,1,61,1
60,6.14,81,178,1299,50,1,91,0
4,2.55,225,340,999,5,2,92,0
13,2.18,165,294,2499,5,0,88,1
19,3.46,147,297,3999,15,1,100,0
65,5.18,71,264,3999,0,2,51,0
91,1.63,149,199,1499,50,2,70,1
118,4.76,85,224,4999,15,2,91,1
15,3.42,52,208,3999,15,1,33,0
49,5.42,144,258,2999,15,2,80,1
81,0.94,12,201,2999,15,2,86,1
17,0.62,233,136,1999,15,0,12,1
44,5.69,104,37,1499,30,1,58,0
46,4.3,149,105,2499,15,0,99,0
37,4.74,264,363,999,0,1,71,0
4,2.17,7,252,999,5,0,89,0
58,2.35,140,299,2999,10,1,97,0
80,5.09,49,283,3999,20,1,52,1
61,2.3,7,310,1999,0,1,37,1
38,2.07,221,278,2499,5,1,13,1
110,1.96,34,247,3999,40,0,80,1
88,7.46,188,85,1999,0,2,85,0
55,2.93,40,331,799,30,0,91,0
90,3.42,65,174,4999,15,1,81,1
60,2.15,264,219,999,15,0,100,1
119,4.69,285,281,3999,20,0,17,1
23,2.08,124,293,799,30,0,44,0
81,2.64,69,147,4999,10,2,6,1
52,7.1,150,295,1499,50,0,73,0
17,4.69,134,183,999,0,1,91,0
10,1.97,210,133,2499,20,2,86,0
35,2.22,120,332,1999,20,1,11,1
18,4.77,192,110,4999,10,0,22,0
16,4.38,274,175,999,20,1,85,1
38,5.0,19,160,2499,0,1,80,0
92,4.29,296,266,4999,40,0,100,1
60,3.07,19,106,999,20,0,68,1
64,2.23,141,182,2499,20,1,65,1
62,2.0,200,190,2999,10,2,27,1
15,9.77,243,84,4999,50,0,81,0
31,5.27,207,156,1499,5,0,12,0
51,1.46,64,320,3999,0,2,93,0
18,1.54,173,339,999,15,1,38,1
28,6.2,85,64,999,50,2,82,0
0,0.15,248,285,4999,0,0,13,1
27,2.98,300,328,3999,5,0,15,1
17,3.3,295,174,1299,50,1,26,1
7,3.72,256,358,1999,20,1,22,1
116,7.29,99,348,2999,20,2,18,1
106,2.64,168,100,1299,30,1,5,1
7,4.18,206,248,999,40,1,66,0
83,3.69,22,157,1499,5,1,64,0
7,3.15,290,219,1499,5,2,54,1
16,5.57,145,112,4999,15,0,46,0
42,5.54,39,49,2999,30,0,67,0
0,0.66,267,181,999,40,1,50,1
25,11.84,161,24,2499,20,0,0,0
16,1.64,97,283,1299,5,0,84,0
120,2.4,251,247,4999,10,0,46,1
30,9.18,241,345,4999,50,0,22,1
83,0.95,87,274,2499,50,2,42,1
66,1.99,255,161,4999,50,1,66,1
2,5.61,241,349,2999,5,0,28,1
11,2.69,265,188,1299,0,0,39,1
43,3.9,248,19,2999,5,1,88,0
18,11.31,28,143,999,50,0,75,0
80,5.46,288,151,1999,10,1,83,1
107,3.64,121,55,4999,0,1,34,1
15,4.37,36,295,999,15,1,9,0
53,6.57,162,267,1999,30,2,70,1
96,3.27,29,107,2999,50,1,2,1
82,0.74,184,109,2999,10,1,50,1
61,0.44,201,347,3999,20,1,80,1
1,2.27,100,64,999,5,0,5,0
37,6.81,159,306,2499,20,2,37,0
3,3.5,150,18,2999,5,1,50,0
18,2.89,170,81,1499,50,1,6,0
19,1.28,267,98,1299,15,2,97,1
35,2.31,59,323,4999,0,1,70,0
92,5.39,130,52,2499,20,1,18,1
93,11.51,47,286,2499,20,1,94,0
104,0.61,41,338,3999,10,2,17,1
25,3.28,237,15,3999,50,0,91,0
50,3.93,134,359,1499,15,1,44,1
108,9.09,22,224,1299,30,1,58,0
82,3.2,242,149,3999,20,0,74,1
29,3.75,37,309,1499,20,0,73,0
108,5.79,269,186,1299,40,0,90,1
69,1.84,122,201,2499,5,1,7,0
12,0.55,107,237,999,10,2,91,0
72,1.76,16,151,3999,40,2,85,1
12,5.63,236,330,2499,10,0,9,0
23,2.36,207,126,999,50,1,79,0
5,0.4,254,244,1499,15,0,45,0
65,2.81,127,347,1499,20,1,84,1
98,1.89,282,195,3999,40,2,77,1
92,5.22,250,183,1299,15,1,79,1
66,2.19,119,325,799,50,1,68,1
8,2.91,21,126,2999,40,0,87,0
99,9.81,27,80,2999,10,0,21,0
90,6.67,62,159,1299,40,1,45,1
82,1.77,133,356,4999,50,0,50,1
30,3.71,295,265,1999,50,1,39,1
40,5.93,198,304,3999,40,1,96,0
62,1.48,230,152,1999,20,0,21,1
92,1.91,231,180,4999,10,0,77,1
26,0.39,26,49,1499,30,1,80,0
37,4.72,229,98,1999,0,1,18,1
70,5.03,26,311,999,20,2,15,1
120,4.09,88,236,2999,30,0,11,1
106,3.2,57,127,999,10,2,62,1
77,1.67,41,319,799,0,1,71,1
84,3.23,54,185,999,10,1,26,1
95,2.63,90,112,4999,0,1,46,0
105,9.45,285,318,2499,50,1,25,1
5,9.43,93,13,2499,30,0,25,0
85,6.42,77,267,2999,10,2,0,1
59,3.14,148,11,1999,5,2,20,1
91,2.24,130,48,799,50,1,84,1
98,5.48,296,30,2499,15,0,16,1
32,1.33,151,262,1499,30,2,81,0
54,2.49,36,54,1999,50,0,4,0
111,2.78,172,334,1499,40,0,30,1
104,2.08,61,173,999,40,1,5,1
86,4.5,190,247,2999,30,1,98,1
93,3.08,198,363,2499,40,0,76,1
58,8.51,31,361,1299,50,2,56,0
33,3.21,147,76,1999,15,1,53,0
62,5.89,218,71,999,30,1,52,1
105,4.4,197,8,2499,30,0,26,1
61,0.34,155,284,4999,30,1,77,1
97,5.89,22,305,3999,50,1,7,1
60,2.68,143,251,1299,40,1,85,1
10,7.79,86,212,4999,5,1,87,0
91,9.63,42,31,2999,15,0,51,0
101,3.7,276,162,2999,20,1,39,1
89,3.13,32,353,1299,5,1,54,0
22,3.67,40,211,799,50,0,0,0
30,4.09,75,103,1499,15,2,19,0
54,1.37,19,230,4999,40,2,58,1
6,5.89,31,253,3999,0,1,100,0
30,6.24,60,28,3999,30,2,44,0
66,8.42,236,170,1499,50,1,31,1
80,2.68,115,73,4999,5,1,39,1
118,1.25,128,311,1499,15,0,61,1
61,7.36,268,336,3999,40,1,96,0
97,0.81,23,298,1299,15,1,96,1
52,1.81,264,189,799,10,0,98,1
38,1.98,276,176,3999,30,1,40,1
21,3.71,207,180,999,40,0,91,0
51,1.03,221,123,1499,50,1,93,0
31,4.49,101,40,4999,0,1,62,0
65,10.39,62,160,1299,20,1,27,0
48,6.1,125,131,3999,30,0,70,1
83,1.4,286,105,1299,20,1,36,1
6,3.36,115,19,4999,40,0,75,0
36,6.12,87,29,1299,5,1,57,0
23,3.08,300,258,4999,40,1,9,1
106,6.14,171,232,999,15,0,27,1
78,3.02,214,180,999,20,1,88,1
38,0.82,221,125,4999,30,0,82,1
38,4.36,134,212,4999,50,2,21,1
37,5.3,36,326,1999,30,1,57,0
95,3.77,70,144,799,30,0,4,1
119,2.92,56,58,2499,30,0,33,1
42,4.67,104,131,799,0,0,45,0
67,4.56,291,113,999,10,1,84,1
5,1.64,189,191,1999,10,1,18,1
33,0.99,31,116,799,20,1,55,0
114,4.06,245,151,1299,15,2,77,1
2,0.32,102,187,2999,40,0,34,0
80,0.4,279,320,1499,10,2,6,1
99,2.61,238,262,4999,40,0,32,1
78,0.87,170,334,799,5,2,75,1
11,1.05,246,146,1999,5,0,61,1
50,1.31,248,187,4999,5,2,11,1
108,6.68,265,260,4999,50,2,12,1
28,3.45,148,274,2499,50,0,43,1
72,3.28,217,350,2499,30,0,89,1
8,8.75,119,296,799,50,1,42,0
50,5.27,76,9,1499,5,1,50,0
16,1.0,31,40,1299,20,1,76,0
107,9.46,292,305,1999,0,0,27,1
118,4.24,239,65,2499,10,0,7,1
24,3.83,49,241,799,20,1,49,0
103,3.22,159,229,4999,15,1,95,1
95,1.27,132,338,1999,10,0,35,1
49,6.26,138,133,3999,5,0,33,1
88,6.72,190,112,999,20,0,92,0
25,2.23,16,345,2999,10,2,50,0
21,0.79,218,33,799,20,2,14,1
66,1.2,78,111,2999,40,2,67,0
101,2.29,191,72,799,40,1,78,1
108,3.96,193,12,1999,0,1,86,1
20,3.2,67,103,1999,50,2,5,1
54,4.56,203,322,1499,5,1,54,1
27,2.24,246,340,1999,15,1,28,1
71,14.57,223,77,1299,50,2,73,0
77,8.36,166,304,999,30,1,75,0
90,0.72,11,225,1299,0,2,1,1
77,2.66,229,229,1299,5,0,32,1
108,0.95,45,269,2999,30,1,28,1
81,6.8,231,149,799,20,2,19,1
20,2.28,207,225,1999,10,1,0,1
84,1.17,9,209,2999,5,2,72,0
65,5.44,259,64,3999,20,0,49,1
113,2.25,30,221,2499,20,1,20,1
118,2.51,226,131,1299,30,0,21,1
74,1.52,291,75,799,50,0,19,1
57,2.91,47,219,999,5,1,59,0
36,4.19,80,361,4999,40,1,86,0
14,7.32,107,72,2499,15,2,56,0
5,3.51,40,25,1499,5,1,59,0
38,10.06,74,329,1499,50,0,43,0
118,1.68,252,21,999,50,0,72,1
114,4.98,269,240,2499,5,2,88,1
108,5.89,273,210,1499,30,1,45,1
1,1.96,171,109,1299,15,0,55,0
84,1.49,186,267,999,15,2,94,1
92,3.23,6,313,2499,10,0,97,0
112,8.59,14,300,1999,20,1,28,1
46,2.21,10,299,1299,15,2,53,0
117,5.32,51,359,1999,5,1,5,1
11,1.07,137,279,3999,50,0,8,1
8,6.92,168,361,1499,10,0,20,0
107,2.49,107,147,3999,50,1,36,1
16,1.73,270,158,2499,30,2,40,1
50,0.51,238,212,799,20,2,46,1
5,1.63,50,13,1299,15,0,37,0
108,3.62,173,228,2999,15,0,91,1
29,3.93,77,59,1999,40,1,61,0
118,2.65,254,326,1999,0,1,8,1
17,6.76,116,169,4999,30,2,53,0
118,5.18,45,287,3999,40,1,35,1
6,7.62,242,357,3999,30,0,37,0
3,11.87,80,131,999,5,0,85,0
64,3.34,185,38,2499,5,1,75,0
19,1.36,291,254,2999,30,1,73,1
58,4.73,207,215,799,5,2,19,1
9,3.73,213,338,4999,5,1,23,1
42,2.63,295,112,2999,40,0,42,1
86,1.01,212,347,999,40,1,84,1
20,3.07,164,290,3999,15,0,4,0
20,1.67,39,359,2999,30,1,5,0
39,0.97,17,285,2999,15,2,88,0
105,3.02,199,279,1999,15,1,76,1
26,5.01,24,322,999,0,0,10,0
17,2.77,171,337,1299,50,0,64,0
88,7.89,193,214,799,40,1,37,0
58,4.06,145,124,799,15,2,50,0
59,2.62,237,27,1999,5,1,71,0
109,5.74,82,52,2999,5,1,25,0
26,1.16,109,164,3999,20,2,92,0
111,0.56,14,96,2499,50,0,91,1
87,0.15,287,275,799,30,1,63,1
36,1.74,49,350,999,30,0,8,1
18,1.56,281,335,2999,5,1,23,1
120,6.54,6,86,1999,5,1,41,1
115,4.53,148,75,2999,40,2,35,1
33,8.16,117,298,799,10,2,1,0
53,3.56,116,79,999,30,2,93,1
104,8.35,282,171,1299,15,2,18,1
87,7.95,220,53,2499,0,1,62,0
96,0.99,191,88,2999,40,1,55,1
56,6.47,39,116,799,40,0,14,0
67,9.6,36,302,799,30,2,80,0
52,3.45,149,330,1999,5,0,73,1
13,0.74,121,227,1499,40,0,21,0
16,1.91,66,333,1999,15,2,75,0
22,4.46,254,96,1299,40,1,79,1
61,4.49,298,149,999,10,2,78,1
18,3.38,153,257,799,10,2,19,0
23,2.77,237,7,999,15,1,4,1
4,3.66,154,347,2999,50,2,7,1
103,1.48,16,112,4999,0,1,40,0
103,6.22,286,32,1499,30,1,5,1
3,5.44,260,174,999,30,2,25,1
108,3.51,147,96,1499,40,1,10,1
78,3.04,153,300,1999,10,2,84,1
70,1.62,287,112,1499,50,2,53,1
74,11.53,298,196,1299,5,0,41,1
53,8.39,289,312,4999,5,1,2,1
56,1.43,88,323,1999,10,1,92,1
100,0.24,298,50,1999,40,1,89,1
99,6.74,211,238,1299,15,1,26,0
57,2.38,229,268,2999,30,1,20,1
31,5.53,229,163,1499,0,1,12,1
77,1.15,44,299,2999,20,0,63,1
101,6.35,50,63,3999,0,0,38,0
86,7.45,52,238,4999,40,1,73,0
48,0.89,124,150,1999,20,1,100,0
68,1.5,62,61,2499,0,0,69,0
107,1.75,125,170,1999,0,0,43,1
89,5.47,50,156,2999,50,1,78,1
38,1.37,80,240,1499,50,2,32,0
40,1.95,182,215,1299,50,0,34,1
88,2.2,21,12,4999,0,0,14,1
29,0.3,244,333,1999,40,0,38,1
37,2.12,216,344,999,0,2,47,1
97,1.15,268,172,1999,50,0,65,1
113,5.54,51,335,2999,30,0,47,1
4,2.71,39,279,1499,10,1,7,0
37,2.6,140,231,2499,40,1,81,1
33,5.17,270,168,4999,20,2,31,1
64,5.3,114,126,999,0,0,72,0
106,1.66,186,89,1299,5,0,0,1
76,4.8,133,355,2999,50,2,31,1
28,0.22,89,264,4999,20,1,35,1
2,4.02,66,105,2999,40,0,39,0
109,2.81,246,56,999,20,2,37,1
5,1.52,109,125,3999,15,2,75,0
47,6.26,72,163,3999,5,1,70,0
78,2.98,26,203,1999,10,1,69,0
118,2.26,197,32,1499,40,1,64,1
34,7.43,191,260,999,0,0,36,0
32,0.92,243,308,1499,30,1,42,1
65,3.96,233,176,1999,20,1,23,1
33,7.52,64,351,999,15,2,69,0
95,1.39,11,99,3999,0,2,49,1
56,1.09,13,178,4999,0,1,5,1
6,2.61,221,330,2499,10,1,39,0
45,4.16,133,123,4999,50,0,49,1
70,0.99,220,221,4999,40,2,93,1
63,8.88,102,147,799,30,1,38,0
43,3.83,178,96,799,15,1,69,0
1,3.01,247,15,1999,20,1,66,0
45,7.86,177,133,2499,10,2,30,0
47,2.46,119,288,2499,40,0,1,1
21,6.85,116,22,799,40,0,39,0
81,3.43,116,20,1499,30,2,44,0
29,1.76,59,167,1499,50,0,87,1
74,8.12,200,365,3999,40,2,1,1
94,4.34,221,16,4999,10,1,68,1
45,2.71,160,82,4999,30,0,19,1
49,0.2,81,81,4999,20,1,56,0
16,3.4,228,41,1999,20,2,43,1
80,1.74,253,257,1499,0,1,28,1
78,5.62,56,226,1499,20,1,65,1
32,4.64,155,33,2999,50,1,57,0
29,2.68,241,38,999,5,1,36,0
110,2.35,194,344,3999,30,1,0,1
95,2.81,281,76,3999,0,0,54,1
62,8.4,72,90,2499,30,0,11,0
116,3.25,127,227,2499,0,1,16,1
99,3.31,282,335,2499,10,1,19,1
18,10.72,173,90,1499,40,0,1,0
29,9.97,199,207,1999,0,1,54,0
60,11.23,40,63,2999,0,0,69,0
19,2.11,203,314,4999,15,1,31,1
42,4.63,272,127,1999,40,0,76,0
44,2.02,88,234,4999,20,2,74,0
45,1.74,6,362,2999,20,1,31,1
118,0.61,147,211,1299,20,2,23,1
113,1.76,138,105,1999,50,1,80,1
61,3.05,73,179,2999,15,0,54,1
119,1.71,227,282,4999,20,1,75,1
85,1.96,213,143,999,50,1,96,1
0,4.51,155,162,4999,30,0,25,0
32,2.81,31,294,2999,5,1,45,0
0,2.44,180,251,799,5,1,46,0
95,2.62,84,54,1999,15,0,99,0
91,1.18,263,357,1299,50,1,59,1
47,3.93,130,22,1299,40,2,55,0
89,3.17,56,43,2499,50,1,37,1
49,19.35,190,33,3999,30,2,88,0
44,2.25,92,239,799,40,1,27,1
104,0.84,80,321,3999,30,1,23,1
36,1.43,278,45,3999,40,1,2,1
110,0.7,157,134,3999,5,1,36,1
10,7.11,114,310,1299,5,0,98,0
100,0.96,163,69,2499,0,1,47,1
96,5.08,79,364,2999,5,0,98,1
107,4.89,23,272,4999,40,1,60,1
50,4.51,140,26,2499,50,0,6,1
67,2.55,285,261,4999,30,2,52,1
16,3.49,288,19,1499,20,1,86,0
83,0.78,198,232,999,40,2,74,1
73,1.77,233,82,3999,40,0,0,1
89,0.69,48,236,2999,10,0,59,1
18,3.22,43,62,1499,40,1,35,0
39,12.36,51,233,999,0,2,65,0
56,2.64,28,34,999,15,1,83,0
6,6.58,35,57,999,30,2,11,0
13,5.78,299,184,3999,5,2,79,0
18,3.54,283,17,1499,5,2,30,0
72,7.4,197,65,3999,15,1,39,0
23,16.28,6,201,2499,20,0,71,0
15,2.03,256,325,1999,30,1,67,1
92,3.4,249,116,4999,15,1,38,1
95,2.71,212,50,2499,15,2,71,1
70,0.95,21,128,4999,20,1,50,1
54,5.58,265,76,1999,10,1,85,0
92,11.88,133,347,1999,30,1,23,0
62,2.47,178,51,4999,50,0,17,1
113,1.65,239,313,799,5,0,63,1
64,6.62,58,73,4999,50,0,29,1
98,7.87,63,179,3999,15,2,57,0
56,1.13,271,54,1999,50,1,73,1
43,2.56,294,249,3999,0,1,43,1
16,3.16,33,27,999,15,0,59,0
5,6.63,296,196,1499,5,1,84,0
97,3.57,234,181,799,30,2,36,1
113,2.59,287,272,3999,40,2,91,1
41,1.58,266,156,999,0,2,66,1
51,2.42,262,301,1299,20,2,1,1
29,6.75,228,351,2999,30,1,56,0
44,10.14,248,129,1299,0,1,40,0
87,1.85,96,299,1999,10,2,27,1
31,10.71,238,78,2499,50,1,76,0
86,6.91,54,143,799,40,2,35,0
103,3.24,264,31,1499,50,1,73,1
116,5.02,121,339,1299,20,0,35,1
44,1.82,17,306,3999,15,2,38,1
25,9.37,116,364,1499,40,1,97,0
80,4.83,75,165,4999,5,1,40,1
55,4.19,200,260,799,10,0,54,1
27,0.88,170,258,2499,0,0,38,1
46,2.43,215,252,2499,20,0,80,1
20,0.53,284,154,4999,0,1,19,1
53,1.27,55,310,1999,10,0,9,1
41,2.57,118,344,799,0,2,16,1
65,2.3,117,239,2499,15,0,85,0
17,2.12,261,222,2999,20,0,52,0
53,2.56,182,298,799,40,0,56,1
51,0.17,82,262,799,5,1,62,1
55,1.23,84,54,999,20,0,51,1
116,4.06,87,134,4999,50,2,48,1
74,0.56,168,39,799,40,1,73,1
31,5.32,150,86,1999,30,2,53,0
33,3.61,146,17,4999,40,0,23,1
0,7.03,27,281,1999,20,1,18,0
63,2.99,63,200,4999,5,0,47,1
23,6.98,15,62,999,50,2,87,0
76,2.22,20,30,799,20,2,12,1
55,2.16,103,270,799,40,1,23,0
111,3.12,264,54,1299,5,1,95,1
88,2.23,18,11,4999,15,0,34,1
105,1.32,143,82,2499,0,1,78,1
17,2.52,57,204,2999,30,1,42,1
67,4.27,194,67,1499,10,2,43,0
52,1.99,19,148,799,40,1,51,0
74,5.38,99,212,3999,30,0,50,0
41,3.29,6,25,2999,5,1,73,0
66,3.23,223,16,1299,15,0,13,1
107,2.18,74,117,2499,40,0,30,1
11,3.47,131,363,1999,0,0,68,0
54,0.41,233,252,1499,30,1,18,1
118,3.91,32,245,3999,0,0,57,1
69,6.93,35,98,3999,50,1,43,0
87,6.01,197,238,999,0,1,55,1
72,7.33,120,137,1499,20,1,52,0
74,0.6,61,157,1999,5,2,100,1
42,1.98,57,251,1499,30,1,62,0
114,1.09,75,107,1499,50,1,79,1
107,1.59,147,97,3999,0,0,88,0
67,10.59,266,171,1499,5,2,22,0
109,2.18,89,112,1499,20,1,23,1
76,10.86,109,129,999,15,0,63,0
79,4.75,289,29,1499,40,1,82,1
72,4.06,260,47,1299,50,1,14,1
92,1.13,248,65,2999,40,1,19,1
105,2.93,191,39,4999,50,1,67,1
9,1.28,126,350,999,20,0,70,0
59,2.77,99,212,999,50,1,61,1
12,5.07,162,173,999,40,1,56,0
106,1.05,136,270,1299,0,1,39,1
85,0.94,184,33,1499,50,0,18,1
3,4.23,37,164,799,20,2,56,0
108,4.44,222,9,999,30,1,100,1
87,0.79,227,198,1999,40,0,19,1
46,2.89,299,97,2999,40,2,17,1
40,9.99,130,204,799,20,1,100,0
15,1.82,33,11,1299,50,0,3,0
109,15.84,82,256,1999,30,0,33,0
112,2.45,244,183,1299,15,2,8,1
117,3.86,193,231,799,0,1,47,1
112,3.8,188,342,4999,15,1,32,1
116,5.8,33,191,3999,20,2,85,1
104,2.78,249,336,2499,0,1,94,1
6,2.67,257,277,2499,15,1,22,1
32,6.15,157,169,1999,40,2,24,0
15,0.15,137,195,999,15,0,85,0
84,1.1,44,123,1299,20,0,68,0
11,5.34,175,120,2499,15,0,46,0
20,4.01,74,63,4999,30,2,83,0
97,1.37,73,294,1499,30,1,55,1
19,1.42,47,93,1299,10,1,61,0
2,3.79,185,242,2999,0,1,91,0
117,2.56,76,211,4999,10,2,10,1
35,0.98,110,268,2999,40,1,4,1
77,0.79,37,95,1499,20,1,64,0
50,4.1,31,202,999,20,1,76,0
56,4.24,75,17,1299,40,1,49,1
34,7.78,14,39,1499,0,1,68,0
83,2.94,98,50,4999,10,2,65,0
30,10.24,272,323,3999,50,1,68,0
44,0.65,193,320,2499,30,0,100,1
86,2.54,113,155,3999,20,1,59,1
56,0.53,21,7,1499,50,2,53,1
33,2.33,30,133,1499,40,1,85,0
98,6.83,263,27,2499,0,0,81,1
60,3.49,260,57,4999,10,2,38,1
85,6.23,298,25,799,40,1,71,0
57,5.81,196,80,2499,30,1,73,0
21,6.45,213,249,999,10,2,5,0
39,2.78,257,251,799,30,1,96,1
12,2.52,285,22,799,10,0,22,0
72,3.55,134,319,2499,50,0,50,1
27,1.75,57,294,799,20,1,31,1
25,2.78,164,238,2999,40,1,10,1
54,2.02,104,34,1999,10,0,46,0
106,4.26,43,261,1999,5,2,77,0
62,3.86,146,215,1299,10,0,89,0
53,6.37,42,272,2999,0,1,75,0
21,8.01,216,11,3999,10,0,90,0
31,8.1,88,7,4999,30,1,54,0
70,4.93,245,331,2999,20,0,77,1
70,4.03,75,142,4999,0,0,83,0
71,5.82,214,192,1499,20,2,54,1
72,1.66,64,237,1999,50,2,51,1
62,3.02,60,230,1299,0,1,20,1
50,3.73,279,21,799,5,1,53,1
105,4.92,164,130,3999,15,1,46,1
47,0.49,192,228,1999,15,0,14,1
67,2.52,38,250,3999,40,1,52,1
105,5.11,289,319,999,10,2,44,1
114,5.48,5,171,4999,30,0,54,1
110,5.84,270,299,3999,20,1,22,1
106,0.42,48,202,1999,30,0,3,1
116,1.8,272,235,2999,15,1,99,1
115,2.22,266,326,2999,50,2,64,1
81,3.07,97,309,1299,15,2,56,1
14,5.6,216,117,1999,40,1,44,0
108,0.41,36,347,4999,30,2,87,1
82,2.14,266,88,999,20,1,78,1
113,3.3,294,327,1999,50,2,65,1
115,2.22,296,274,4999,40,1,12,1
85,2.58,274,132,799,5,1,24,1
105,5.74,142,82,2499,40,0,0,1
76,2.7,128,124,1999,40,0,76,1
24,6.01,229,131,3999,40,0,9,1
39,2.44,290,327,999,50,1,23,1
55,14.89,75,207,2499,5,0,54,0
37,6.08,283,218,2999,30,1,18,0
102,3.24,112,48,4999,20,1,38,1
21,6.81,58,104,1299,30,1,10,0
18,0.52,122,233,1999,20,1,32,0
69,7.39,179,145,799,20,2,62,0
8,0.69,111,306,799,15,0,97,1
23,7.42,268,13,2999,10,1,33,0
100,1.79,22,76,799,10,0,14,1
116,3.6,167,93,3999,10,0,15,1
86,8.28,42,298,2999,15,2,7,1
70,8.55,10,28,4999,30,0,34,0
52,1.8,19,186,799,50,2,47,0
73,2.77,68,67,1299,20,0,1,1
63,3.19,145,154,4999,0,0,62,1
97,1.05,188,72,3999,15,1,5,1
29,0.55,242,280,1499,10,1,95,1
4,1.79,267,306,1299,10,1,74,0
65,4.14,136,80,3999,0,2,54,0
63,3.22,42,145,799,50,0,46,0
65,4.0,122,77,4999,20,0,68,0
84,3.91,216,142,4999,20,2,99,1
100,2.88,108,281,799,10,0,4,1
86,7.68,159,245,799,30,2,92,0
12,4.82,110,215,1299,0,1,16,0
106,4.33,295,29,1999,15,2,77,1
42,4.8,103,123,3999,20,0,84,0
117,8.3,26,191,799,15,1,91,1
72,2.03,105,357,1499,0,1,92,1
20,6.73,276,85,3999,30,0,25,1
28,1.96,129,18,4999,10,0,86,0
106,4.52,260,118,3999,10,2,34,1
115,1.71,46,46,1999,5,1,67,0
52,2.1,50,195,799,30,1,23,1
107,2.34,22,267,4999,40,1,79,1
33,6.25,20,100,3999,40,1,79,0
93,4.29,166,221,4999,0,1,5,1
9,4.81,247,69,1999,10,1,93,0
24,1.71,126,11,3999,50,1,22,1
64,4.15,244,307,1499,20,1,86,0
87,1.12,35,117,4999,40,0,87,0
48,7.15,162,166,1999,20,1,19,0
83,0.5,7,160,799,20,2,52,1
120,2.18,6,349,799,15,2,79,1
79,3.09,259,76,999,10,0,16,1
37,0.79,158,97,2499,10,1,7,1
119,11.86,128,224,3999,10,0,26,1
53,6.39,48,133,3999,40,1,52,0
26,6.41,112,351,2999,30,1,72,0
114,0.16,50,128,1499,10,2,12,1
52,3.24,252,276,1499,30,1,16,1
34,3.69,300,345,2499,15,0,96,0
0,4.38,132,22,4999,40,0,45,0
93,1.43,81,117,1299,50,1,10,1
120,3.08,96,329,999,0,0,95,1
88,2.53,28,29,4999,15,2,5,1
31,6.16,257,321,1999,30,1,39,1
39,4.94,49,217,4999,50,0,25,0
105,5.37,170,169,4999,5,2,65,1
12,1.84,85,78,3999,50,1,10,0
43,6.62,164,290,1999,15,0,42,0
58,7.56,251,138,2499,0,1,0,1
72,4.98,295,344,4999,15,2,78,1
29,0.58,222,291,2999,50,2,15,1
92,7.52,162,237,4999,5,1,53,1
0,2.78,67,75,799,0,0,2,0
70,5.22,81,157,1499,20,2,61,0
120,1.08,157,112,2499,0,1,82,1
14,1.34,193,323,799,0,1,30,1
19,0.87,48,81,1299,20,1,36,0
21,13.66,164,63,999,20,1,33,0
75,5.17,175,52,1499,5,1,25,1
108,3.78,287,339,799,5,1,67,1
49,2.63,278,51,2499,5,0,89,1
87,5.47,143,239,2499,30,1,90,1
82,7.16,32,63,1499,15,2,67,0
86,1.99,26,42,2499,5,1,47,0
12,2.24,78,225,1299,0,1,85,0
29,2.34,300,292,2999,15,1,72,1
62,5.16,15,251,2999,20,1,80,0
110,7.33,94,124,2999,30,0,49,1
28,5.73,284,142,2999,5,0,82,0
48,5.65,29,169,1499,15,2,2,0
51,1.27,157,148,799,5,1,90,0
111,6.19,271,154,3999,20,2,3,1
117,1.68,53,356,799,50,1,62,1
32,3.46,77,301,1499,40,1,56,0
85,5.45,7,50,4999,30,0,95,0
101,2.42,169,111,4999,20,1,95,1
35,2.48,173,105,999,30,1,18,1
107,1.4,243,209,3999,50,2,11,1
2,4.28,87,299,2999,0,1,5,0
29,14.18,258,238,1499,30,2,76,0
61,2.63,27,54,1499,40,0,42,0
30,4.73,208,325,999,0,1,25,0
73,6.99,150,314,4999,5,0,69,0
108,3.48,165,96,999,40,1,84,0
106,4.59,60,204,999,20,0,75,1
109,5.12,237,328,1499,20,1,83,1
64,9.1,44,277,2499,40,2,92,0
13,3.32,233,221,2999,40,1,94,0
10,2.21,280,89,1499,40,2,92,0
113,1.9,270,13,1499,50,1,42,1
25,7.44,27,223,999,15,0,97,0
10,4.04,38,196,2499,50,0,89,0
69,0.69,40,242,999,50,0,69,1
68,2.16,59,122,2499,0,0,37,1
20,0.66,203,41,4999,50,2,90,0
88,4.71,189,241,2999,15,0,50,1
52,8.88,204,68,999,0,1,85,0
11,6.11,299,177,999,0,1,39,1
76,2.78,145,154,2499,30,0,75,1
82,9.06,236,215,1299,50,1,86,1
62,6.1,231,86,1499,0,2,7,1
64,6.8,119,154,999,0,1,85,1
58,0.66,245,221,799,40,1,100,1
13,1.3,233,315,799,0,2,28,0
21,3.54,120,41,3999,20,1,95,0
80,4.52,169,228,1999,0,2,45,1
87,2.26,161,85,1299,15,1,6,1
101,7.22,30,116,999,15,2,1,1
109,4.82,55,92,4999,50,1,46,0
8,3.65,247,16,4999,50,2,84,0
33,1.61,190,115,1299,50,1,66,0
53,6.28,252,89,4999,10,2,41,0
2,0.72,7,303,2999,30,1,28,1
87,1.16,41,261,1299,0,1,60,0
52,1.8,37,19,1499,10,0,94,0
92,2.51,206,50,1499,50,2,71,1
120,4.66,43,202,799,0,2,50,1
109,8.26,260,121,3999,15,1,65,1
43,2.06,243,242,2999,40,1,2,1
110,4.73,116,115,799,5,1,1,1
34,6.24,138,206,999,5,1,17,0
107,0.37,52,154,2499,10,1,4,1
5,3.24,163,321,999,15,1,72,1
54,1.68,16,140,3999,5,2,47,0
106,4.46,21,247,3999,15,2,54,0
32,11.51,179,107,3999,40,2,58,0
68,2.89,136,228,2999,30,1,56,1
12,4.2,174,79,1999,15,1,72,0
17,11.58,178,293,1999,10,1,94,0
63,4.29,153,163,2499,0,1,53,0
103,6.43,15,212,4999,50,1,41,1
65,5.29,278,315,999,30,1,63,1
24,1.25,220,343,2499,50,1,9,1
2,3.67,94,120,4999,40,0,74,0
28,4.01,140,80,4999,0,1,86,0
16,9.33,250,105,1999,50,1,30,0
88,10.22,32,257,4999,40,0,81,0
101,1.11,130,83,1299,20,2,71,1
64,1.4,279,303,999,5,0,38,1
112,3.37,111,186,1299,0,1,49,1
86,1.28,21,287,3999,50,0,43,1
109,2.46,224,239,2999,0,0,92,1
117,5.97,46,253,999,10,1,98,0
11,5.25,257,138,2499,40,1,3,0
45,1.14,167,184,4999,10,0,12,1
90,3.19,6,315,4999,30,2,41,1
110,1.37,202,57,2499,50,2,43,1
73,5.2,60,188,4999,50,1,30,0
85,0.7,106,212,1499,50,1,62,1
3,6.65,51,358,1499,10,0,48,0
52,3.72,43,120,2999,20,1,38,0
25,6.31,247,10,999,40,1,68,0
73,2.91,80,210,2499,0,0,39,0
25,3.93,85,140,1499,20,2,35,0
114,1.32,168,195,2499,5,1,31,1
10,0.58,23,294,2499,40,1,79,0
78,6.84,188,290,1499,30,1,16,1
117,1.59,166,247,2499,20,1,9,1
81,4.87,29,37,1499,15,2,10,0
95,4.32,100,163,1299,5,2,4,1
92,1.56,216,102,4999,15,1,33,1
42,2.19,52,298,3999,40,2,34,0
0,1.91,29,147,999,15,1,93,0
83,0.84,257,122,2999,50,1,4,1
86,2.29,73,352,2499,30,1,10,1
3,0.85,248,263,1499,30,1,57,1
28,7.27,244,214,1499,15,1,47,0
24,6.71,277,307,2999,30,1,67,0
113,0.82,155,329,999,50,0,42,1
32,1.1,65,322,1499,5,1,94,0
73,0.59,269,33,1299,5,0,82,1
60,5.7,175,211,4999,10,1,13,0
99,4.88,248,314,4999,40,0,68,1
24,5.34,154,322,1299,5,2,68,0
26,6.39,291,326,1299,50,1,10,1
32,3.32,116,94,2499,15,2,45,0
9,3.16,294,105,1499,30,2,20,0
5,3.47,88,53,3999,15,1,24,0
54,1.96,161,320,2499,30,1,56,1
94,2.31,261,14,1999,50,0,86,0
119,2.25,25,286,1999,40,1,66,1
99,4.24,102,294,2499,50,2,61,1
44,6.33,214,164,999,15,1,49,0
84,5.15,101,287,1999,15,0,70,1
54,3.23,290,161,1999,40,0,51,1
14,1.17,241,222,1299,50,2,8,1
117,8.72,284,95,3999,5,0,49,1
40,4.4,91,242,799,40,1,87,0
42,6.16,114,179,2999,20,2,26,0
108,5.47,269,233,1499,40,1,88,1
113,7.73,215,228,1299,40,0,78,1
99,11.01,250,166,1999,30,0,91,0
60,1.18,137,194,2999,20,2,43,1
118,2.48,293,100,799,15,0,17,1
15,1.02,139,232,4999,40,1,31,0
103,8.54,111,342,1299,30,1,36,1
64,3.73,185,158,4999,50,2,84,0
80,4.66,300,55,2499,5,0,95,1
53,0.38,135,273,999,50,0,56,0
75,2.78,98,281,1999,50,2,4,1
29,12.08,291,108,2499,40,1,53,0
56,0.7,248,122,999,40,0,20,1
64,2.0,198,137,4999,30,1,12,1
50,3.56,243,349,4999,15,1,51,1
43,4.51,121,325,2999,20,1,13,1
107,2.31,83,99,3999,10,2,30,1
40,2.59,10,102,1999,40,0,12,0
99,3.0,18,174,2999,5,0,89,1
29,1.47,83,284,999,0,1,75,0
71,2.5,144,81,1999,0,2,23,1
15,4.54,268,240,999,10,2,51,0
118,1.62,152,201,2999,10,1,45,1
110,1.6,298,350,799,0,0,18,1
8,4.91,296,144,4999,0,1,19,1
36,1.96,149,47,2499,10,1,2,1
68,1.23,290,277,1499,5,2,57,1
19,12.06,62,208,4999,5,2,92,0
85,3.02,51,344,3999,0,1,97,1
72,6.1,232,273,1299,50,2,75,1
115,4.16,187,264,799,30,0,43,1
88,1.19,41,47,1999,20,1,57,1
35,7.96,293,259,1499,10,1,22,0
9,1.97,36,202,2999,20,0,37,0
57,16.62,271,124,799,30,0,42,1
23,2.97,297,265,999,0,0,73,1
42,1.31,82,328,999,30,2,81,1
95,0.7,58,206,4999,10,1,39,1
27,2.85,297,334,1999,20,0,96,0
103,1.01,106,346,2999,5,2,26,1
3,0.26,243,252,999,0,0,75,1
110,3.23,5,248,2999,30,1,44,1
77,4.75,89,295,999,10,1,58,0
82,1.88,14,214,1299,15,0,98,0
14,0.58,161,213,999,30,1,11,1
71,0.74,265,226,2999,5,2,30,1
19,3.88,91,288,1299,50,0,90,0
47,4.7,8,170,1999,30,0,73,0
11,4.92,252,214,1299,10,1,71,0
67,2.39,211,251,4999,10,0,54,1
42,0.41,46,85,2999,50,2,7,1
41,2.74,13,102,999,50,0,27,0
72,2.91,236,21,799,30,0,12,1
96,2.4,273,324,4999,40,1,57,1
3,1.38,129,130,2999,15,1,80,0
21,3.38,223,63,1499,5,2,45,0
30,9.66,54,200,1999,30,1,82,0
34,4.83,111,195,1999,5,0,95,0
78,6.15,231,81,3999,20,2,48,1
79,4.28,127,191,799,30,1,7,1
62,0.19,51,18,1299,20,1,83,0
12,10.51,89,267,799,5,2,90,0
52,3.42,116,128,4999,40,2,91,0
105,2.89,69,265,799,10,1,73,1
48,0.47,191,173,799,0,0,8,1
47,0.96,117,11,1299,10,1,23,1
5,5.51,166,61,799,40,0,54,0
18,1.3,114,113,3999,40,1,10,1
58,6.09,33,43,4999,40,1,70,0
106,4.32,187,291,2999,50,1,83,1
34,1.43,250,192,2499,0,0,85,0
64,5.24,229,147,1499,0,0,42,1
98,4.59,216,357,3999,5,0,35,1
86,8.08,95,310,999,10,0,73,0
11,7.4,209,174,1299,0,1,72,0
58,3.81,35,153,3999,40,2,99,0
35,2.04,154,76,2999,10,1,52,1
118,3.23,93,234,1299,0,0,7,1
30,0.87,159,132,4999,5,0,60,1
86,0.92,146,125,2999,5,1,19,1
8,3.29,59,286,1999,0,2,53,0
103,9.43,189,227,1499,20,2,64,0
102,3.16,221,293,999,50,1,64,1
113,12.36,99,352,1299,50,0,99,1
54,7.72,137,276,1999,50,1,44,1
103,2.48,218,30,3999,40,2,49,1
103,1.7,238,42,4999,15,2,40,1
92,1.63,283,271,2499,50,0,44,1
93,5.39,97,199,3999,5,2,87,0
95,0.4,257,55,799,15,0,48,1
41,6.55,213,82,999,40,1,76,0
8,4.55,247,275,4999,50,1,93,0
51,2.35,75,47,1499,30,1,69,0
39,1.65,37,19,4999,40,0,75,0
71,8.06,171,225,1499,30,0,57,1
68,2.62,263,133,2999,30,0,4,1
74,0.57,267,42,4999,5,0,52,1
28,5.57,34,239,1499,15,1,82,0
69,4.13,72,170,1299,5,2,27,1
52,8.9,270,253,1299,5,1,42,1
48,6.58,81,136,799,20,1,37,1
12,2.8,72,303,1499,15,1,68,0
48,1.74,279,197,1999,15,2,55,0
81,3.9,278,128,2999,40,0,89,1
71,1.73,109,217,799,40,1,75,1
118,2.44,33,212,1999,15,0,62,1
52,2.05,116,221,4999,15,1,71,1
77,2.92,194,107,799,20,1,99,0
19,5.46,95,96,2999,30,0,1,0
0,2.19,111,276,3999,10,0,56,0
0,2.52,67,51,1999,0,1,32,0
68,0.42,174,201,2499,20,0,10,1
26,3.92,267,306,2999,40,0,100,0
32,2.19,85,207,2999,20,1,43,0
3,1.82,296,329,4999,40,1,45,1
57,1.02,142,252,2999,5,2,98,1
73,2.31,132,140,2999,50,1,17,1
95,5.66,56,355,3999,40,2,27,1
67,0.42,104,206,2999,5,1,33,1
105,5.22,143,349,4999,15,2,42,1
116,6.52,100,234,2499,15,2,20,1
85,0.56,116,75,799,30,1,65,1
79,14.84,60,108,2499,40,1,29,0
21,2.03,295,91,4999,50,0,11,1
38,1.99,55,31,1299,5,2,31,1
104,1.52,206,333,1299,30,2,8,1
100,2.23,88,11,1499,10,1,39,1
46,2.37,76,102,999,5,1,53,0
32,1.68,12,143,4999,5,1,4,0
50,4.19,5,155,1299,15,0,93,0
12,3.44,82,27,1999,0,1,20,0
96,4.47,213,68,1999,40,1,62,1
83,10.09,288,252,999,40,1,81,1
120,8.2,199,364,1299,20,0,60,1
7,2.39,21,74,3999,50,0,87,0
42,0.09,126,317,2499,40,0,72,1
68,2.81,129,345,999,20,1,62,0
2,5.01,143,137,1499,30,2,11,0
93,6.48,134,66,2999,15,0,10,1
98,5.95,6,189,1299,10,0,89,0
49,1.77,90,284,799,50,1,43,1
64,2.4,141,41,1299,5,1,19,1
48,2.91,183,94,999,10,0,36,1
67,5.06,90,224,1499,5,1,65,0
12,3.45,171,92,1999,40,0,15,0
19,1.67,209,75,1999,30,0,40,1
62,3.38,274,35,1999,15,1,78,0
119,0.29,275,129,2999,20,1,84,1
111,1.39,203,228,2499,5,0,16,1
28,14.52,70,90,4999,5,1,8,0
106,1.67,232,22,799,40,1,61,1
86,1.64,46,58,999,15,2,57,0
25,2.03,13,318,999,15,1,22,0
100,3.24,92,271,1999,15,1,85,0
45,1.36,254,31,1299,50,1,19,1
42,1.15,102,233,799,5,2,12,1
39,2.75,212,145,999,20,1,33,0
99,1.81,128,73,1999,0,1,96,0
106,7.18,80,263,1499,5,1,36,1
116,3.27,81,293,1999,10,1,15,1
9,11.32,51,347,1299,50,0,29,0
67,4.26,236,260,799,30,1,48,1
2,1.51,59,222,4999,40,0,23,0
39,5.56,239,308,2499,20,1,68,0
63,2.91,139,348,1499,40,2,62,0
91,5.6,156,264,1499,50,0,67,1
3,1.08,76,287,999,10,1,48,0
7,1.16,297,133,799,10,1,3,1
58,4.06,193,223,3999,40,1,35,1
105,1.19,140,105,1999,5,0,89,0
22,8.49,199,304,999,5,0,46,0
72,9.75,35,306,2999,15,1,78,0
23,7.27,55,69,1999,50,1,56,0
10,2.87,143,253,3999,5,1,40,1
109,2.17,154,323,3999,10,1,60,1
83,1.45,151,97,1499,10,1,40,1
108,2.76,51,185,999,30,1,56,1
87,1.72,19,163,1299,40,0,67,0
117,8.78,63,306,2499,50,0,92,1
97,3.78,286,62,1499,10,2,55,1
79,1.64,285,91,4999,20,1,61,1
114,0.99,290,46,2999,0,2,55,1
16,1.2,235,200,2999,40,0,24,1
115,4.34,260,303,1499,10,0,15,1
20,3.39,58,69,2999,0,2,31,0
39,1.96,55,335,2999,30,1,17,1
83,6.91,244,300,4999,5,0,99,1
66,3.18,244,35,1299,20,1,95,0
107,5.96,182,299,4999,15,2,28,1
97,5.44,39,243,1299,15,1,57,1
92,3.64,282,20,999,15,2,97,0
35,1.59,111,332,1999,10,0,82,1
34,2.56,41,286,3999,15,1,25,0
109,1.98,250,146,4999,20,0,24,1
49,2.45,177,349,3999,40,1,81,1
51,0.76,114,220,999,40,1,87,1
72,11.67,149,265,3999,0,2,93,0
49,8.68,170,125,2999,15,1,73,0
81,4.39,287,56,1299,40,1,23,1
79,8.18,201,207,999,0,0,64,0
92,0.44,156,235,4999,0,1,31,1
43,6.05,205,30,3999,50,1,86,0
50,4.84,77,194,999,40,1,9,0
3,5.59,121,61,2999,0,2,17,0
113,5.48,118,177,1999,40,1,92,1
35,0.86,40,227,1299,50,2,25,0
34,2.5,151,270,2499,40,0,42,1
25,0.94,10,277,799,15,1,13,0
77,2.92,14,70,999,20,0,79,1
104,1.22,96,133,1499,20,1,79,1
56,4.27,288,40,1299,15,1,51,1
8,3.47,104,35,1299,15,0,66,0
30,4.21,215,83,1299,20,1,89,0
94,1.95,188,57,2499,10,1,21,1
74,12.6,130,88,4999,50,0,18,0
93,7.68,167,10,1299,10,1,53,0
95,2.34,249,249,2999,30,1,23,1
76,0.84,92,96,999,5,0,42,1
118,3.76,117,231,999,20,2,49,1
44,1.32,23,339,1299,5,0,95,0
20,6.19,119,30,4999,40,1,26,0
79,2.09,34,241,1299,20,2,57,1
43,2.58,211,195,2499,30,0,50,1
82,6.45,71,253,2499,0,2,85,1
111,1.05,10,361,2999,10,1,4,1
9,3.42,185,237,1499,15,1,0,0
52,2.42,194,162,4999,10,1,1,1
22,2.56,162,344,1999,40,0,56,0
98,4.37,172,168,2499,40,1,80,1
15,3.39,278,32,799,50,1,27,0
119,2.0,99,136,799,0,1,56,1
108,1.99,107,324,4999,15,1,89,1
86,2.63,176,237,3999,40,2,17,1
19,0.45,33,319,799,50,0,9,0
107,8.58,168,58,1999,30,0,98,0
88,5.81,134,287,1299,0,1,44,1
13,2.29,61,149,999,0,1,72,0
17,1.67,117,43,2499,5,1,39,0
24,11.04,262,340,1299,10,1,60,0
5,6.09,179,328,2499,15,1,56,1
8,4.6,289,35,4999,15,1,73,0
72,2.1,62,197,999,50,0,31,1
112,4.18,284,163,4999,10,1,81,1
96,2.66,102,310,1499,50,1,47,1
96,2.52,155,67,3999,0,2,56,1
67,9.85,267,49,1499,30,1,35,1
92,10.66,291,325,1999,5,2,79,1
6,2.14,283,317,1999,40,1,97,1
108,4.53,212,217,999,15,0,31,1
107,3.54,261,86,799,40,1,58,1
71,1.29,38,124,799,15,2,79,1
60,3.58,297,24,2999,30,1,56,1
78,15.87,139,329,2499,20,1,7,1
115,3.49,180,194,2499,40,0,45,1
47,1.66,280,314,1299,40,2,87,1
15,3.97,67,357,2499,40,0,22,0
3,3.49,212,263,1999,0,0,53,0
98,4.76,77,31,2999,20,2,76,0
40,5.75,128,38,1299,20,2,43,0
83,0.44,115,88,999,40,2,7,1
72,3.85,207,329,4999,20,1,82,1
81,6.1,233,39,3999,5,2,57,1
78,2.71,250,305,2499,30,1,63,1
93,1.66,279,162,799,50,1,98,1
66,2.17,142,341,3999,10,1,48,1
105,2.16,174,231,1299,30,0,20,1
86,1.37,23,188,3999,30,2,25,1
59,6.08,63,16,1299,20,0,32,0
99,3.9,169,82,799,5,1,19,1
18,3.49,107,316,4999,30,1,86,0
110,1.0,275,125,4999,40,1,90,1
116,10.17,233,295,1499,5,1,21,1
63,5.72,49,64,2499,5,1,27,1
67,3.54,149,27,1299,30,2,10,1
76,2.79,223,265,4999,5,1,75,0
88,3.65,135,254,2499,5,1,42,1
44,2.67,127,347,4999,10,2,47,1
73,2.22,15,188,1499,0,0,5,1
74,0.8,149,160,1499,40,2,92,1
4,8.49,29,228,999,5,1,67,0
88,1.3,284,233,1999,50,1,33,1
35,12.22,260,173,1299,15,0,26,0
7,0.86,259,259,2499,30,2,72,1
111,1.23,252,7,999,5,2,18,1
31,0.73,76,347,999,30,1,21,1
91,3.77,113,104,4999,5,0,79,0
74,2.73,244,10,999,5,1,33,1
1,1.08,62,257,1299,0,2,71,0
36,4.46,116,257,1499,5,0,61,0
51,6.22,204,52,1299,30,1,72,0
115,1.75,128,67,2999,30,1,25,1
65,6.52,19,13,3999,30,0,20,0
18,0.79,81,283,2499,50,1,23,0
12,1.51,191,285,1499,10,1,40,1
60,5.41,221,42,999,20,1,16,1
60,2.41,20,21,4999,20,0,14,1
8,4.71,152,46,2999,50,1,32,0
98,2.24,62,91,1499,30,2,53,1
75,7.34,116,110,3999,15,1,11,0
22,4.44,141,278,2999,0,0,71,0
115,14.08,112,73,2499,40,0,44,0
36,8.18,31,55,1499,0,1,88,0
11,3.32,210,69,4999,5,2,22,0
66,3.47,136,248,4999,10,0,72,1
30,2.22,74,361,1499,15,1,70,0
97,0.33,167,259,2499,0,1,60,1
110,4.58,59,334,3999,40,2,5,1
89,7.79,286,315,1299,40,0,7,1
31,3.38,98,233,4999,50,1,66,0
41,7.25,211,56,999,5,1,58,0
46,1.39,263,322,3999,15,1,26,1
54,2.02,117,363,999,20,0,42,1
7,2.37,34,262,1999,20,1,92,0
48,1.06,184,192,999,40,1,75,1
94,1.76,242,345,1499,0,0,53,1
64,1.41,131,349,3999,5,0,87,1
4,0.61,20,217,3999,0,1,14,0
114,11.84,229,204,1999,10,2,27,1
29,4.52,149,180,2999,20,2,80,1
11,5.35,264,170,1299,40,2,5,0
87,5.21,176,92,1299,15,2,90,0
71,5.29,253,353,2499,30,1,49,1
11,8.46,77,344,799,10,1,91,0
5,0.31,280,284,1999,5,2,56,1
65,2.03,227,191,1999,15,2,88,1
11,2.77,17,258,2499,40,2,98,0
58,2.45,67,149,799,30,0,58,0
59,4.52,163,212,3999,0,0,55,0
94,4.19,67,286,1999,15,0,23,1
15,7.08,108,198,4999,30,1,10,0
102,2.85,60,200,2499,10,2,30,1
113,0.38,34,85,2499,0,1,65,0
85,1.39,219,100,1299,15,0,95,1
29,5.29,78,145,3999,30,1,84,0
71,2.5,267,322,4999,50,0,46,1
60,6.85,256,43,799,15,0,26,1
50,4.12,256,249,4999,30,1,58,1
58,3.18,144,76,1299,40,1,16,1
119,3.28,268,350,2499,10,0,86,1
108,4.18,225,151,4999,20,1,15,1
9,2.04,97,334,999,0,1,82,0
66,1.79,201,213,1499,20,1,38,1
29,5.6,247,84,1499,10,1,39,1
69,1.69,84,187,999,10,1,29,1
94,2.98,118,318,4999,30,0,24,1
95,3.38,32,221,1299,20,0,30,1
111,1.06,140,269,1499,5,1,59,1
3,1.92,43,145,2999,50,1,45,0
10,4.54,21,46,999,30,0,23,0
64,7.17,237,302,799,15,0,10,1
56,0.19,136,243,999,30,1,44,1
18,16.81,107,301,999,10,1,24,0
2,6.46,113,345,2999,15,1,50,0
84,4.62,23,238,4999,10,1,36,0
33,2.62,87,99,799,0,1,47,0
68,2.52,112,287,1499,5,0,88,1
117,1.66,11,75,4999,30,1,19,1
26,0.58,126,345,3999,0,1,13,1
76,5.92,87,332,799,20,1,87,1
61,2.0,107,123,1499,50,0,32,1
1,2.58,87,237,999,30,0,79,0
29,9.25,198,86,799,20,0,50,0
102,2.61,247,111,4999,20,1,57,1
3,4.56,285,363,1999,30,2,94,1
0,9.82,177,211,2499,20,1,68,0
34,2.91,210,143,2499,30,1,10,0
26,0.78,20,93,3999,20,0,85,0
116,2.51,270,15,3999,40,0,23,1
55,3.73,195,201,999,10,1,80,1
70,3.62,232,184,4999,15,0,80,0
34,2.65,195,152,999,30,2,59,0
55,4.43,286,29,3999,0,1,68,1
47,4.23,93,24,999,0,2,17,1
77,16.9,228,290,1999,40,2,51,1
87,7.95,132,81,2999,50,1,34,0
8,1.27,294,195,1299,40,2,14,1
112,1.37,37,35,1499,20,1,30,1
114,4.72,17,38,999,15,0,69,1
6,3.34,258,326,999,5,1,73,1
28,2.26,98,341,2999,5,2,73,0
93,6.65,252,119,3999,5,0,99,1
18,2.58,103,191,2999,0,1,43,1
58,6.32,122,111,1299,40,2,100,0
78,5.46,70,56,1299,10,1,80,0
39,1.18,118,238,1299,0,1,2,0
27,1.18,169,243,1499,5,1,44,1
23,0.23,280,219,4999,10,1,10,1
73,2.96,98,107,999,10,2,31,1
86,12.66,72,173,1299,10,0,89,0
2,1.47,72,278,4999,5,1,42,0
84,6.76,105,55,3999,30,2,44,0
77,0.46,291,15,1999,50,1,35,1
78,4.44,50,356,1499,40,0,18,1
22,2.9,70,198,4999,0,1,81,0
89,2.56,227,154,1999,50,0,75,1
93,4.23,194,182,1299,0,1,81,0
56,3.77,154,13,1999,30,0,15,1
21,0.92,177,44,2499,5,2,6,0
57,7.46,108,130,3999,15,1,4,0
92,2.89,174,317,2999,0,0,92,1
81,8.09,114,20,2999,50,1,14,0
18,3.73,223,106,999,50,2,33,1
84,1.09,252,278,3999,5,1,27,1
86,1.77,151,223,1299,0,1,69,1
54,2.2,249,51,999,40,0,35,1
18,2.44,183,135,4999,30,1,13,1
86,4.12,69,156,1299,10,2,7,1
11,8.05,13,233,2499,0,0,41,0
59,2.48,253,365,4999,30,1,68,1
54,13.2,241,356,4999,50,1,67,0
105,7.52,38,257,1299,5,2,62,1
97,0.88,47,192,3999,40,0,1,1
65,2.17,15,70,1299,50,1,80,0
96,2.74,297,346,4999,0,2,68,1
75,9.45,83,162,4999,30,1,22,0
26,2.21,86,103,2499,15,1,41,0
10,4.45,130,129,1499,15,2,39,0
87,2.98,284,124,2999,40,0,100,1
21,7.22,112,145,4999,10,0,22,0
52,3.83,290,209,3999,50,1,16,1
10,1.88,17,139,999,10,2,22,1
61,3.5,126,103,799,10,0,39,1
34,2.22,238,314,3999,30,0,88,0
63,5.15,215,207,999,40,1,50,0
29,1.12,38,293,1299,40,0,50,1
16,0.38,145,239,2999,15,0,78,0
26,0.89,248,119,2999,10,0,10,1
9,1.01,18,362,2999,40,0,67,1
3,3.07,19,324,4999,10,0,61,0
21,4.32,65,336,3999,5,1,41,0
26,4.67,223,339,3999,30,2,66,1
107,2.18,273,68,1499,40,2,88,1
22,8.54,198,125,2499,30,0,59,0
79,3.93,151,235,799,40,1,87,0
93,5.17,14,139,999,15,2,9,1
41,1.4,287,269,1499,15,1,37,1
75,3.49,197,19,2499,50,1,3,1
17,2.19,91,176,4999,15,0,70,0
117,1.73,117,267,799,40,2,53,1
66,2.6,143,288,1299,0,0,67,1
31,1.79,79,166,2499,5,0,56,0
64,2.08,63,275,799,30,1,0,1
60,7.04,98,48,1499,40,0,7,0
42,6.0,120,264,1299,0,0,33,0
101,8.36,127,108,2999,40,1,61,1
20,3.81,93,168,999,15,1,44,0
120,7.84,228,66,2499,0,1,68,0
75,2.17,103,318,2499,30,2,1,1
7,1.87,195,73,999,0,1,29,1
57,9.39,180,203,1499,0,1,6,0
27,1.66,87,181,1499,5,1,61,0
102,0.42,196,321,1499,10,0,66,1
24,0.41,72,196,799,20,2,68,0
14,3.22,160,170,1999,20,1,71,0
89,2.17,132,246,799,15,0,94,1
118,3.86,57,253,3999,15,0,94,1
59,2.44,207,159,4999,30,1,76,1
78,11.7,151,13,999,15,1,80,0
31,7.44,180,262,1499,50,2,46,0
84,1.12,281,30,1499,15,1,38,1
53,1.98,138,60,1299,40,1,90,0
74,2.81,160,166,1999,30,1,91,0
112,2.44,217,274,999,5,0,36,1
55,1.81,107,109,4999,10,0,63,0
95,1.81,243,38,3999,10,2,80,1
36,3.47,80,91,3999,40,2,26,0
44,7.83,107,255,1999,30,1,96,0
12,1.78,267,260,2999,30,0,24,1
117,6.84,236,157,1999,30,1,78,1
77,3.84,62,137,2499,10,2,81,1
96,3.57,121,252,799,40,1,12,1
110,0.97,233,141,3999,5,1,85,1
46,1.54,240,157,1999,10,0,94,1
3,3.29,240,285,1499,30,2,95,0
42,2.78,241,127,1499,15,2,37,1
1,1.3,294,362,3999,0,1,93,1
73,2.78,132,89,3999,0,2,28,0
107,4.31,265,188,1999,50,1,10,1
117,2.82,213,101,3999,15,1,61,1
108,1.2,151,355,1299,30,1,46,1
88,4.39,82,337,2499,0,1,51,1
115,2.2,183,134,4999,0,0,6,1
21,7.64,200,256,2499,20,1,61,0
77,2.67,232,363,1999,50,2,96,1
76,6.2,95,132,1499,10,0,70,0
70,1.12,210,20,999,40,0,74,1
7,11.39,244,259,999,10,2,64,0
105,2.73,104,306,1999,15,1,2,1
47,1.27,51,89,799,5,1,29,0
103,0.9,123,202,1499,15,0,44,1
41,4.13,53,318,2499,30,0,72,1
91,0.46,87,34,999,30,1,29,1
7,5.23,216,196,1499,50,2,85,0
110,9.06,12,277,999,5,1,85,0
4,1.94,10,338,999,20,2,85,0
99,3.23,133,347,2499,10,0,61,1
17,8.01,110,245,1999,0,1,46,0
40,4.0,220,66,1499,40,1,98,1
16,6.28,179,53,2499,40,1,79,0
5,5.65,61,358,2499,10,1,21,0
8,2.44,249,211,2999,0,2,43,1
120,1.79,183,354,1499,30,0,53,1
43,7.21,139,92,1499,50,0,54,0
48,9.24,98,343,4999,30,0,51,0
41,7.24,257,152,1999,50,1,93,0
18,5.29,267,291,4999,0,1,22,0
9,4.28,14,340,4999,0,0,15,0
17,1.97,198,29,2999,15,1,97,0
17,3.41,263,326,1499,5,1,80,0
74,2.71,101,260,799,15,1,14,1
22,0.33,58,167,999,5,1,66,0
89,5.79,139,296,2499,20,1,8,1
37,0.9,66,209,1499,40,2,1,1
70,4.75,98,345,1299,30,0,63,1
47,2.46,54,15,999,0,1,59,0
40,3.61,297,173,4999,20,2,0,1
58,3.17,189,199,1499,0,0,25,1
94,2.62,246,117,4999,30,0,42,1
19,3.2,155,298,799,5,0,54,0
25,3.31,106,202,2499,50,1,3,0
62,2.48,174,69,3999,10,2,69,1
31,4.19,231,49,999,50,2,77,1
1,2.47,26,136,2499,30,0,24,0
115,0.76,255,232,999,15,0,79,1
76,4.66,292,219,4999,0,1,11,1
88,2.05,64,188,1499,30,2,18,1
49,13.44,236,240,1499,15,1,41,0
110,0.69,37,159,3999,0,0,14,1
120,5.04,166,71,3999,30,0,78,1
63,2.79,291,244,999,0,1,91,1
21,5.04,112,93,2999,0,1,3,0
101,0.87,204,359,4999,5,2,44,1
26,6.68,173,319,4999,20,2,14,0
18,5.18,101,146,999,50,0,32,0
108,1.38,85,118,1499,0,1,38,1
1,0.68,275,364,799,15,0,57,1
5,3.86,127,129,999,15,1,13,0
43,0.33,291,334,1299,5,1,59,1
37,3.28,21,352,4999,50,0,25,0
117,1.06,63,167,2499,15,0,99,1
95,9.82,247,253,799,0,2,47,1
41,5.5,198,146,2999,20,0,43,1
95,2.16,34,351,4999,5,1,72,0
83,1.11,114,84,4999,10,1,51,1
33,5.68,267,112,3999,0,0,60,0
33,1.41,57,249,799,10,2,62,0
94,2.08,148,292,2499,0,2,46,1
54,0.94,75,218,3999,40,1,20,1
50,5.32,91,209,999,5,1,23,1
109,6.47,252,328,2499,15,1,45,1
30,0.77,236,215,2499,15,2,33,1
45,5.18,35,124,1499,30,1,77,0
65,2.61,256,275,2999,40,1,23,1
22,0.54,43,153,799,40,1,97,0
80,7.23,218,60,799,10,0,76,0
56,1.12,194,324,4999,0,1,62,1
44,3.05,289,353,1299,50,2,66,1
83,5.59,72,133,2999,30,2,69,0
117,0.44,29,345,3999,10,1,6,1
111,1.71,36,32,1999,0,1,72,1
44,0.9,56,300,2499,10,1,68,1
30,2.55,125,197,1499,10,2,71,0
29,6.62,38,126,2999,0,2,8,0
16,6.95,102,47,799,40,2,53,0
2,3.67,300,227,799,0,1,50,1
62,3.21,53,193,1299,50,1,80,0
16,3.91,288,245,1499,50,0,39,1
115,11.76,63,43,1299,0,1,35,0
62,1.75,17,161,999,5,1,88,0
40,0.34,122,11,799,20,1,76,1
17,1.33,153,37,3999,20,2,93,0
67,3.32,228,198,4999,20,2,67,1
12,2.39,24,200,1299,5,1,40,0
109,1.6,253,349,999,30,1,20,1
70,3.86,36,344,799,10,2,19,1
12,3.47,280,110,3999,20,2,3,1
20,4.37,155,231,999,5,0,37,1
55,2.2,48,113,1499,15,0,8,0
116,3.65,77,142,4999,50,1,50,1
40,0.33,158,214,1499,0,0,27,0
91,3.62,167,337,1499,20,0,93,0
30,5.28,56,361,1299,20,1,37,0
22,1.77,38,130,2999,15,1,7,1
0,0.8,92,95,2499,10,2,26,0
8,10.75,63,216,2499,50,1,96,0
24,6.94,274,91,799,0,1,8,1
109,4.91,298,262,1299,20,2,64,1
38,5.09,32,121,999,5,1,19,0
83,1.18,267,146,1999,15,0,1,1
83,4.47,27,88,3999,40,0,75,0
98,1.28,58,224,1499,0,1,98,1
86,3.34,236,163,1499,10,0,77,1
8,3.26,96,278,1999,40,2,42,0
81,5.99,184,327,1299,10,0,17,1
51,6.73,278,114,1499,15,2,42,0
100,3.49,283,77,1499,10,1,49,1
10,7.85,297,327,2999,15,1,35,0
34,12.73,96,191,2999,15,1,88,0
68,3.78,214,119,1299,50,2,100,0
7,3.86,60,73,1999,30,1,70,0
6,3.29,286,79,1499,15,2,37,0
28,2.11,71,215,799,20,2,58,0
68,3.9,27,63,2999,20,0,33,0
109,1.45,155,263,2499,15,2,62,1
78,8.37,207,158,1299,10,0,8,1
39,3.01,170,36,2499,20,2,47,0
91,1.55,241,191,1499,5,2,38,1
64,2.21,53,10,4999,40,1,83,1
105,6.79,177,124,2499,30,0,73,1
49,9.4,28,53,4999,20,0,84,0
101,4.45,207,362,1299,40,2,83,1
60,1.71,35,217,2999,10,1,16,1
2,2.65,68,122,2499,10,1,15,0
52,3.75,162,116,1299,15,1,83,0
107,5.51,8,355,1299,50,0,88,0
11,1.4,237,193,999,50,1,78,0
58,11.11,73,327,999,5,1,47,0
6,4.06,15,156,1299,50,2,62,0
109,6.98,127,49,999,5,0,21,1
41,4.15,139,276,4999,40,1,80,1
39,5.22,270,239,999,5,1,23,1
9,5.96,178,72,1499,30,0,43,0
48,2.67,240,185,1499,15,1,43,1
118,5.84,156,142,999,40,1,18,1
71,5.27,61,340,1499,30,1,40,0
48,6.34,93,202,1999,30,0,34,0
37,7.79,73,175,999,20,1,42,0
19,1.72,229,107,1299,20,2,92,0
66,4.15,48,34,999,10,0,50,1
11,5.91,201,130,799,30,1,15,0
81,3.21,128,200,1499,40,1,38,1
92,7.25,45,277,799,0,1,31,0
50,3.08,182,220,1299,30,0,70,1
102,8.59,280,60,999,40,0,8,1
65,9.7,38,78,799,10,0,81,0
24,0.84,253,67,1299,30,1,33,1
59,6.02,190,326,799,0,1,45,1
36,0.75,105,26,799,20,2,19,1
89,6.55,258,149,1999,0,1,2,1
38,4.45,268,285,1499,0,2,38,0
112,1.02,285,266,1499,30,1,32,1
34,2.77,230,155,3999,20,2,28,0
27,4.08,31,22,1499,10,2,88,0
40,1.5,48,218,2499,50,1,65,0
7,0.89,196,230,2499,20,1,19,1
43,2.3,286,134,2999,50,0,75,0
83,2.25,118,222,799,5,1,98,0
62,4.77,269,239,1299,5,0,5,1
96,7.44,30,311,4999,40,2,34,1
115,5.81,62,322,3999,30,1,76,0
112,5.44,283,176,1499,20,1,83,1
33,3.65,133,220,2499,40,1,97,0
66,0.79,112,274,2499,30,0,97,0
55,3.13,254,231,1999,20,1,34,1
69,0.16,166,80,4999,20,2,48,1
89,1.36,296,241,2499,40,0,48,1
73,4.1,281,259,4999,15,1,84,1
78,2.48,241,75,3999,15,1,92,1
88,1.79,137,291,999,10,1,38,1
29,5.83,74,127,3999,30,0,7,0
79,3.38,33,27,4999,30,2,20,1
45,2.87,16,14,1299,50,1,6,0
118,7.49,218,217,999,0,1,80,1
48,2.17,34,76,799,50,0,20,0
77,12.49,91,91,4999,50,2,0,0
100,2.61,125,49,1999,5,1,15,1
71,5.63,267,73,1299,40,0,92,0
8,7.31,117,274,2999,10,2,28,0
107,10.14,8,174,799,10,0,93,0
112,3.26,287,201,2999,5,2,29,1
85,2.02,53,93,2499,10,0,14,1
57,7.38,154,294,1499,30,2,24,0
10,2.25,49,137,1299,5,0,90,0
61,3.24,114,129,4999,20,2,41,1
87,7.24,161,85,1499,50,2,18,1
73,0.8,267,177,999,10,2,18,1
60,1.87,290,348,1299,30,2,77,1
12,3.17,200,243,4999,5,1,84,0
25,7.74,156,171,1999,10,0,59,0
64,3.99,183,151,3999,40,1,18,1
55,8.3,115,46,1299,30,1,16,0
112,4.33,12,288,2499,0,1,2,1
111,8.41,38,199,2999,50,1,60,0
61,2.35,143,208,2999,50,2,9,1
66,1.28,196,136,2999,15,1,43,1
86,2.47,91,286,1499,15,0,1,1
73,3.08,86,104,1299,40,0,24,1
115,5.04,272,40,2499,30,1,14,1
36,5.28,263,222,2499,20,2,56,0
108,9.19,163,313,2999,50,1,90,0
56,4.81,157,229,4999,15,1,35,1
51,4.47,24,170,2499,40,0,77,0
0,3.58,239,121,999,30,2,10,0
0,4.89,59,69,4999,0,0,15,0
4,4.83,196,279,1299,30,0,75,0
101,1.05,150,261,799,30,1,94,1
86,2.73,98,206,2499,0,1,64,0
28,9.53,216,355,1299,40,1,67,0
106,2.05,169,69,2999,20,1,36,1
118,1.34,184,148,799,20,1,70,1
39,2.69,82,180,999,5,0,70,0
43,0.73,116,119,999,10,0,95,1
35,0.98,67,327,999,30,1,87,1
34,1.53,160,267,3999,50,2,41,1
87,5.88,287,206,4999,0,1,73,0
9,0.84,102,218,1499,0,1,83,0
95,1.13,59,96,3999,10,2,61,1
30,5.79,300,347,4999,5,0,85,1
69,5.86,92,118,999,5,2,77,0
24,5.38,290,67,2999,15,2,48,0
33,8.2,116,189,1499,30,1,1,0
67,2.24,87,307,799,50,1,51,1
3,1.75,136,348,2499,30,2,37,0
74,1.31,291,257,999,20,1,72,1
75,2.91,289,323,2999,15,0,0,1
107,3.84,241,217,4999,5,1,18,1
39,5.52,21,312,3999,10,2,69,0
77,7.26,296,315,999,5,2,14,1
63,2.5,115,100,999,15,1,4,1
37,7.18,212,350,1499,30,0,48,1
14,4.01,97,88,1999,30,1,97,0
55,3.54,224,284,799,10,0,98,0
8,4.78,104,314,799,40,2,83,0
68,8.51,166,183,799,15,0,71,0
67,2.8,133,43,1999,30,1,88,0
22,3.4,135,131,2999,15,2,20,0
86,3.46,283,31,999,30,1,21,1
22,5.57,292,362,799,5,2,86,0
94,9.37,45,231,999,40,2,18,0
113,0.34,30,240,2999,15,2,46,1
71,4.24,74,168,3999,0,1,19,0
58,8.82,43,310,2999,40,0,11,0
100,1.78,158,94,1999,0,0,82,1
78,1.03,116,260,2999,20,2,37,1
6,1.29,263,329,4999,20,1,59,0
54,3.88,41,121,2999,5,1,49,0
2,7.82,283,45,1299,0,1,12,1
81,4.0,63,154,799,5,1,44,0
32,4.11,7,192,799,10,0,8,0
112,16.32,116,295,799,30,1,13,1
5,0.96,122,183,999,30,0,31,0
55,2.57,81,78,1999,5,2,18,1
57,3.35,33,259,4999,20,1,72,1
64,2.59,170,80,1299,15,1,92,0
116,4.48,98,348,2499,50,1,23,1
119,3.17,191,230,1999,0,1,16,1
70,3.7,93,242,1999,40,2,92,0
4,0.17,48,79,3999,15,1,87,0
21,1.56,84,197,1299,10,0,55,0
19,9.5,148,186,1999,40,2,66,0
15,2.98,136,303,4999,10,2,18,1
57,1.04,198,175,4999,40,0,50,1
111,1.48,62,30,2499,40,1,34,1
96,3.26,76,114,3999,10,2,12,1
48,1.2,46,288,4999,5,1,95,0
50,3.88,32,36,799,10,2,91,0
1,3.77,187,214,4999,15,1,41,0
73,2.2,177,161,1299,15,2,38,1
65,1.61,270,220,2499,10,2,100,1
43,4.42,227,74,2999,5,1,92,1
24,4.11,20,331,799,0,0,8,0
31,4.11,203,352,1299,50,0,19,0
42,1.06,9,168,1299,20,2,81,0
93,3.36,153,123,999,40,2,2,1
55,4.28,110,163,1999,10,0,37,1
14,2.11,161,124,799,10,1,0,1
61,1.28,65,214,999,0,2,4,1
26,4.81,111,357,2499,5,2,94,0
116,0.99,51,294,799,20,0,98,0
75,1.9,299,36,1499,30,2,54,1
35,1.14,200,149,2499,10,0,34,1
42,2.95,30,257,999,10,2,60,0
67,4.53,296,55,2499,20,0,69,1
111,2.22,20,228,2999,20,1,99,1
1,3.71,50,95,2499,0,1,94,0
37,2.56,113,288,2499,50,1,80,1
28,1.42,187,334,4999,5,0,63,1
9,1.09,136,276,3999,20,1,8,1
18,6.66,68,123,2999,10,0,74,0
50,3.16,243,268,999,20,2,45,1
68,0.26,16,187,2999,10,0,98,0
18,1.3,211,110,799,50,2,94,0
54,3.4,41,162,4999,0,0,99,0
87,0.25,152,152,3999,0,2,80,1
100,2.29,277,128,2999,30,0,83,1
62,1.24,213,276,2999,50,2,66,1
38,5.21,157,221,799,30,1,73,0
20,4.83,40,37,1999,50,1,49,0
78,1.92,113,218,2999,20,2,85,1
53,2.78,277,78,799,15,2,39,1
109,5.73,278,213,4999,40,1,76,1
100,3.17,10,48,4999,30,2,7,1
11,5.93,37,284,4999,50,2,20,0
113,2.43,29,101,2999,0,1,22,1
53,5.77,139,220,2499,30,2,86,0
10,5.52,64,59,2499,50,1,95,0
74,3.67,82,265,2499,20,2,42,1
47,1.1,296,21,1499,30,1,58,1
98,0.99,198,350,4999,30,1,58,1
0,3.12,79,362,2499,10,0,78,0
101,4.99,191,135,1299,30,2,46,1
53,2.81,17,270,4999,40,1,17,0
47,2.96,39,115,1499,20,0,52,1
81,3.01,177,234,2499,50,1,87,0
112,3.99,262,50,799,40,1,95,1
16,2.1,78,211,1499,15,2,22,0
13,2.71,67,73,2999,5,2,23,0
79,0.94,104,163,799,0,0,3,1
42,2.53,136,111,2499,30,1,27,0
119,0.87,83,243,1499,20,0,2,1
34,2.61,88,323,4999,5,2,11,1
96,3.2,163,97,799,40,1,39,1
93,17.24,51,147,799,20,2,72,0
13,2.31,216,223,2999,20,1,51,1
66,3.78,122,304,1499,5,0,33,1
63,2.42,125,32,1999,40,0,85,1
103,3.14,180,364,2499,0,0,20,1
113,4.61,35,164,4999,20,1,20,1
60,0.91,46,334,1499,5,0,4,1
99,3.16,134,227,2499,20,2,98,1
86,5.5,100,306,799,20,0,74,1
5,2.22,179,88,1999,40,0,95,1
22,1.78,137,205,799,50,2,90,0
8,1.17,291,181,999,10,1,43,1
14,6.03,128,17,2999,30,2,69,0
44,1.87,62,211,3999,40,2,81,0
43,3.19,295,64,1499,20,1,3,1
80,1.86,247,341,1299,50,0,64,1
20,1.28,172,175,1999,20,1,26,0
69,6.26,100,131,1299,20,2,61,0
100,6.42,266,202,2499,0,2,81,1
78,2.92,11,171,2499,50,2,66,0
59,5.74,260,240,2999,15,2,45,1
38,2.57,177,325,1499,30,0,84,1
9,3.97,54,154,799,5,1,6,0
43,4.36,26,279,2499,40,2,92,0
57,3.41,130,81,4999,20,2,44,0
109,3.52,194,199,2499,15,0,6,1
24,3.09,224,54,3999,30,1,36,1
34,1.35,293,32,3999,0,0,86,0
92,5.73,139,187,2499,50,0,83,1
36,4.06,93,26,2999,0,1,66,1
52,3.11,178,120,2999,5,1,91,0
5,4.44,191,80,1299,15,0,86,0
98,6.05,82,365,1299,5,2,76,1
30,2.14,91,264,3999,15,1,85,0
56,2.53,257,96,1499,10,2,80,1
52,11.05,113,237,2999,40,1,29,0
82,2.33,223,74,2499,30,0,75,0
17,1.18,142,109,3999,10,0,68,0
27,8.23,296,120,3999,0,1,53,0
97,4.2,43,196,2999,5,1,78,0
13,5.11,195,339,799,50,0,40,0
52,1.38,245,120,3999,5,0,89,0
24,3.38,98,362,1999,40,0,19,0
36,1.68,41,102,4999,40,2,57,0
41,3.7,161,315,4999,10,0,1,1
4,3.17,161,254,1999,15,2,44,0
112,2.87,9,131,1499,20,1,11,1
21,3.3,95,230,2499,15,0,81,0
73,5.29,219,161,1999,50,1,19,1
49,2.53,250,18,2999,15,1,19,1
36,1.58,277,340,1499,5,1,22,1
75,4.54,283,333,2999,50,2,38,1
83,1.59,39,16,1299,40,1,25,1
65,2.45,81,326,999,20,1,13,1
98,1.84,177,28,1299,10,0,47,1
98,2.75,35,245,999,5,0,39,0
46,1.58,216,80,4999,20,0,83,0
80,10.02,189,31,3999,50,1,9,1
115,4.63,256,308,799,30,2,36,1
42,2.89,283,306,799,15,0,10,1
41,3.0,144,361,799,0,1,74,1
88,4.54,194,99,999,5,1,72,0
4,3.73,186,46,4999,0,0,55,0
88,6.5,40,78,2999,20,1,41,1
12,5.85,95,223,999,50,2,2,0
96,2.23,220,321,1299,20,1,81,1
11,1.64,242,67,1999,0,1,16,1
24,5.32,87,226,2499,40,0,12,0
1,2.79,109,305,1999,20,2,68,0
71,5.1,281,38,799,40,1,34,1
87,1.18,238,357,1499,15,0,44,1
118,5.21,202,91,3999,15,2,65,0
43,2.08,97,131,1299,15,2,89,1
109,1.12,108,48,999,10,1,96,1
73,3.67,194,182,3999,5,1,58,1
11,3.55,173,155,1299,50,0,59,0
84,2.95,62,145,1999,40,1,58,1
42,9.56,81,127,4999,15,1,79,0
70,1.86,234,79,2499,0,1,40,1
49,3.33,246,332,3999,0,0,27,1
90,4.55,112,72,1299,5,2,78,0
56,6.7,122,162,799,40,1,62,1
9,4.28,96,206,3999,50,1,87,0
55,4.32,291,305,2499,40,0,90,1
95,5.34,229,198,799,30,1,22,1
57,3.96,168,21,4999,30,2,5,1
34,4.0,111,238,3999,20,1,23,1
34,0.68,24,298,4999,40,1,66,0
9,6.65,193,197,1999,30,1,2,1
16,2.28,115,157,1299,50,2,2,0
107,3.05,190,255,4999,5,2,82,1
80,5.11,275,283,1499,20,1,37,1
13,0.27,99,346,799,40,0,33,0
97,3.14,276,316,2499,10,2,77,1
38,2.28,153,164,1499,30,1,55,1
41,8.07,178,330,799,0,2,43,1
83,2.27,72,307,999,20,1,55,1
12,7.65,148,234,1999,50,1,7,0
31,4.01,74,339,1999,15,0,12,0
117,1.12,21,124,3999,40,1,24,1
55,6.75,149,248,1999,50,2,48,0
118,2.62,218,290,4999,5,1,57,1
107,1.57,20,284,3999,30,0,61,1
15,1.35,20,52,1999,15,0,62,0
28,2.8,13,335,4999,15,0,32,0
114,2.78,151,151,799,50,1,7,1
58,6.86,261,44,4999,20,1,46,1
45,1.51,96,284,799,50,1,24,1
9,7.06,24,25,1299,30,2,0,0
74,9.27,213,83,3999,20,0,10,1
103,6.82,77,349,1299,10,1,13,1
35,5.81,143,122,2999,5,2,44,0
29,1.58,252,34,4999,20,2,17,1
92,4.37,48,203,1999,50,1,0,1
106,5.89,16,54,1499,5,1,13,0
71,0.78,254,12,1299,30,2,17,1
12,0.19,43,16,1499,30,2,22,0
13,3.01,48,280,999,15,2,14,0
50,1.1,297,297,2999,20,0,33,1
51,12.94,183,361,799,50,1,38,0
43,2.78,258,12,3999,50,2,19,1
53,3.73,170,23,2499,10,0,29,0
60,5.48,128,32,1499,0,1,12,1
85,3.12,127,86,4999,10,2,29,1
70,2.44,232,156,4999,30,1,96,0
93,1.92,293,20,799,15,1,74,1
107,4.7,183,313,1999,20,1,46,1
93,9.4,150,257,999,10,2,44,0
48,3.81,290,127,1499,10,2,97,0
23,2.45,104,139,3999,5,0,76,0
62,3.73,292,174,999,10,1,67,1
51,3.46,54,209,4999,50,1,76,0
115,7.5,258,359,799,30,1,53,1
90,7.06,116,55,1299,5,1,59,0
67,1.89,233,57,1299,15,1,0,1
10,8.23,211,360,2999,0,1,32,0
30,4.75,280,362,1999,15,1,9,1
91,5.38,169,348,1999,50,1,100,0
17,2.37,298,112,4999,50,1,17,1
55,3.1,247,8,999,10,0,98,1
51,8.48,209,169,4999,5,2,88,0
33,0.35,248,112,1299,30,1,91,1
99,1.58,114,347,799,30,0,59,1
31,1.99,41,349,1499,20,0,91,0
58,1.19,145,45,1499,0,2,79,1
101,1.65,147,135,1499,10,0,28,1
100,7.35,186,251,799,5,2,30,1
51,1.36,71,27,799,5,0,35,0
59,7.4,141,7,799,10,0,27,0
94,1.36,260,26,999,40,2,17,1
110,12.92,223,209,2499,10,0,21,1
25,3.57,294,9,1299,20,2,46,0
64,0.72,140,361,1999,20,1,88,1
63,2.57,136,336,799,50,0,31,1
17,1.06,86,42,799,40,1,69,0
25,5.44,283,123,1499,30,0,61,1
75,2.6,152,364,2999,50,0,47,1
55,1.2,170,158,1999,0,2,8,1
119,4.17,147,343,999,5,0,76,1
5,5.92,152,292,1499,10,1,41,0
115,2.58,111,257,2499,50,2,83,1
112,8.15,95,195,2499,30,1,21,1
15,3.25,50,7,2499,0,2,18,0
76,1.33,300,283,799,5,0,12,1
47,2.61,120,111,799,10,1,84,0
65,1.26,299,181,1499,20,0,25,1
59,10.49,61,313,1499,10,0,100,0
70,2.28,11,79,2999,0,1,83,0
82,3.56,282,233,1499,50,1,4,1
67,1.47,242,95,1999,15,0,58,1
39,0.79,246,23,2999,15,1,55,0
119,5.89,178,192,3999,15,0,34,1
24,3.7,160,234,2999,20,2,48,0
93,4.91,177,320,1299,50,2,64,1
44,2.7,96,365,999,0,1,60,1
12,2.87,102,176,799,20,2,89,0
33,8.88,35,264,2999,10,1,62,0
116,11.67,289,339,4999,10,0,34,1
49,8.01,109,9,4999,20,2,30,0
37,3.13,9,17,3999,10,2,88,0
109,5.17,167,320,1499,50,0,16,1
2,0.51,97,57,4999,0,1,8,0
114,4.57,111,59,999,0,1,26,1
81,13.66,251,190,2499,10,1,85,0
44,0.71,176,222,3999,30,2,2,1
105,0.85,78,66,2499,50,0,90,1
67,3.81,96,259,2499,5,2,58,0
16,4.21,123,252,3999,20,1,88,0
84,3.37,299,357,799,30,0,94,1
15,0.65,204,260,2499,0,0,79,1
111,8.47,286,325,799,5,0,27,1
59,9.36,260,333,999,20,1,48,0
119,1.39,77,203,1499,20,2,67,1
101,0.27,151,42,2499,10,1,59,1
68,2.11,236,278,2999,30,2,63,1
46,1.97,211,109,999,10,2,47,1
