Product_ID,Product_Name,Category,Days_Since_Last_Sale,Sales_Velocity,Inventory_Quantity,Product_Age,Price,Discount,Seasonality,Customer_Interest,Dead_Stock
P0001,Shirt 0001,Shirt,50,1.77,273,149,1499,15,Medium,11,1
P0002,Jacket 0002,Jacket,46,3.82,83,209,1499,0,High,12,0
P0003,Shoes 0003,Shoes,110,1.33,22,138,2999,30,High,77,1
P0004,Shirt 0004,Shirt,3,3.9,262,273,2999,5,High,73,1
P0005,Hoodie 0005,Hoodie,6,6.49,111,140,4999,20,High,11,0
P0006,Accessories 0006,Accessories,108,2.76,51,185,999,30,Medium,56,1
P0007,Shoes 0007,Shoes,34,1.43,250,192,2499,0,Low,85,0
P0008,Shoes 0008,Shoes,47,4.23,93,24,999,0,High,17,1
P0009,Shirt 0009,Shirt,72,3.85,207,329,4999,20,Medium,82,1
P0010,Jeans 0010,Jeans,71,4.16,244,103,999,15,Low,93,1
P0011,Hoodie 0011,Hoodie,115,5.04,272,40,2499,30,Medium,14,1
P0012,Shirt 0012,Shirt,44,1.82,17,306,3999,15,High,38,1
P0013,Hoodie 0013,Hoodie,80,2.31,141,357,2499,40,Low,77,1
P0014,Hoodie 0014,Hoodie,80,3.63,177,193,1299,20,High,72,0
P0015,Accessories 0015,Accessories,112,2.43,234,353,1999,5,Medium,68,1
P0016,Shoes 0016,Shoes,96,2.6,202,117,1499,40,Low,32,1
P0017,Jacket 0017,Jacket,95,9.82,247,253,799,0,High,47,1
P0018,Accessories 0018,Accessories,71,0.43,47,77,1999,10,High,4,1
P0019,Accessories 0019,Accessories,18,7.99,283,315,1999,15,Low,87,0
P0020,Hoodie 0020,Hoodie,62,2.79,83,333,2999,15,Medium,7,1
P0021,Dress 0021,Dress,37,6.08,283,218,2999,30,Medium,18,0
P0022,Shoes 0022,Shoes,66,3.54,236,315,999,40,High,51,1
P0023,Jeans 0023,Jeans,58,1.23,105,114,1499,40,Low,11,1
P0024,Accessories 0024,Accessories,68,8.51,166,183,799,15,Low,71,0
P0025,Jacket 0025,Jacket,12,7.65,148,234,1999,50,Medium,7,0
P0026,Dress 0026,Dress,46,1.32,113,25,1999,5,Medium,54,0
P0027,Dress 0027,Dress,109,5.12,237,328,1499,20,Medium,83,1
P0028,Jeans 0028,Jeans,60,2.03,115,254,2999,5,High,92,1
P0029,Accessories 0029,Accessories,30,0.77,236,215,2499,15,High,33,1
P0030,Jacket 0030,Jacket,118,1.7,242,222,1299,30,High,81,1
P0031,Shoes 0031,Shoes,79,8.18,201,207,999,0,Low,64,0
P0032,T-Shirt 0032,T-Shirt,113,6.18,277,263,1499,15,High,74,1
P0033,Jacket 0033,Jacket,95,2.63,90,112,4999,0,Medium,46,0
P0034,Jeans 0034,Jeans,21,8.21,299,317,1999,30,Low,34,1
P0035,Dress 0035,Dress,92,7.25,45,277,799,0,Medium,31,0
P0036,Shoes 0036,Shoes,85,1.7,52,277,1299,15,Low,50,1
P0037,Jacket 0037,Jacket,42,9.56,81,127,4999,15,Medium,79,0
P0038,T-Shirt 0038,T-Shirt,66,2.46,182,251,2999,0,Medium,5,1
P0039,T-Shirt 0039,T-Shirt,53,2.75,261,72,1299,5,High,8,1
P0040,Hoodie 0040,Hoodie,9,0.45,121,234,799,5,Low,39,1
P0041,Hoodie 0041,Hoodie,41,2.0,23,143,1499,30,Medium,85,0
P0042,Shirt 0042,Shirt,63,2.99,63,200,4999,5,Low,47,1
P0043,Jeans 0043,Jeans,20,4.19,200,200,2999,40,High,71,0
P0044,Accessories 0044,Accessories,79,1.23,111,152,1999,10,Medium,95,1
P0045,Jacket 0045,Jacket,75,1.77,288,151,2499,0,Low,25,1
P0046,Jacket 0046,Jacket,65,9.7,38,78,799,10,Low,81,0
P0047,Accessories 0047,Accessories,40,6.93,299,360,2999,10,Medium,36,1
P0048,Shirt 0048,Shirt,23,7.81,255,198,1999,40,Medium,51,0
P0049,Dress 0049,Dress,34,3.19,130,50,2999,0,Medium,11,0
P0050,Dress 0050,Dress,55,4.28,110,163,1999,10,Low,37,1
P0051,Shirt 0051,Shirt,29,5.2,184,22,1999,30,Medium,97,0
P0052,Dress 0052,Dress,56,9.61,114,84,1299,30,Low,67,0
P0053,Hoodie 0053,Hoodie,93,0.75,232,58,1999,0,Medium,15,1
P0054,Jacket 0054,Jacket,46,2.17,125,8,3999,20,High,60,0
P0055,Shirt 0055,Shirt,34,4.0,111,238,3999,20,Medium,23,1
P0056,Jacket 0056,Jacket,18,3.56,135,67,999,50,Low,77,0
P0057,Accessories 0057,Accessories,113,1.75,27,138,799,40,High,16,1
P0058,T-Shirt 0058,T-Shirt,7,4.89,149,58,999,0,Low,94,0
P0059,Hoodie 0059,Hoodie,25,2.25,158,303,2999,0,Medium,3,1
P0060,Shoes 0060,Shoes,112,3.37,111,186,1299,0,Medium,49,1
P0061,Hoodie 0061,Hoodie,103,4.73,150,37,3999,5,Low,97,1
P0062,Shirt 0062,Shirt,70,2.34,256,161,1499,0,Low,2,1
P0063,Shoes 0063,Shoes,29,5.83,74,127,3999,30,Low,7,0
P0064,T-Shirt 0064,T-Shirt,6,6.58,35,57,999,30,High,11,0
P0065,Shirt 0065,Shirt,66,1.81,97,101,1999,15,High,34,1
P0066,Jeans 0066,Jeans,64,2.23,141,182,2499,20,Medium,65,1
P0067,Jacket 0067,Jacket,35,1.41,167,17,799,50,Low,52,0
P0068,T-Shirt 0068,T-Shirt,24,3.31,85,18,799,20,High,92,0
P0069,Jacket 0069,Jacket,36,4.19,80,361,4999,40,Medium,86,0
P0070,Dress 0070,Dress,0,2.52,67,51,1999,0,Medium,32,0
P0071,Jeans 0071,Jeans,14,4.1,104,296,1499,20,Medium,17,1
P0072,Jeans 0072,Jeans,36,2.18,52,211,799,0,Medium,57,0
P0073,T-Shirt 0073,T-Shirt,12,2.24,78,225,1299,0,Medium,85,0
P0074,Jeans 0074,Jeans,103,4.35,196,334,1499,20,Medium,77,1
P0075,Shoes 0075,Shoes,7,2.37,34,262,1999,20,Medium,92,0
P0076,Jeans 0076,Jeans,4,3.17,161,254,1999,15,High,44,0
P0077,Jacket 0077,Jacket,59,4.46,270,27,3999,40,Medium,14,1
P0078,Jacket 0078,Jacket,72,4.06,260,47,1299,50,Medium,14,1
P0079,Shirt 0079,Shirt,0,2.21,43,284,2999,10,Low,44,0
P0080,Jacket 0080,Jacket,35,7.05,59,283,2499,15,High,67,0
P0081,Shirt 0081,Shirt,34,5.04,32,201,2499,15,Low,99,0
P0082,Jacket 0082,Jacket,65,4.0,122,77,4999,20,Low,68,0
P0083,Shoes 0083,Shoes,62,1.24,213,276,2999,50,High,66,1
P0084,Accessories 0084,Accessories,103,3.63,79,341,2999,40,Low,75,1
P0085,Shirt 0085,Shirt,22,1.96,69,79,799,30,Medium,61,0
P0086,Hoodie 0086,Hoodie,8,4.78,104,314,799,40,High,83,0
P0087,Dress 0087,Dress,33,0.06,50,205,4999,15,Medium,43,0
P0088,T-Shirt 0088,T-Shirt,45,2.71,160,82,4999,30,Low,19,1
P0089,Jacket 0089,Jacket,77,2.13,244,281,1299,20,Medium,38,1
P0090,Jeans 0090,Jeans,3,5.85,263,289,3999,5,High,38,0
P0091,Accessories 0091,Accessories,29,0.47,140,152,4999,0,Medium,0,1
P0092,Jacket 0092,Jacket,94,3.45,202,19,799,10,Medium,66,1
P0093,Jeans 0093,Jeans,101,4.99,191,135,1299,30,High,46,1
P0094,Dress 0094,Dress,74,10.79,120,236,2499,5,Medium,72,0
P0095,Dress 0095,Dress,98,2.24,62,91,1499,30,High,53,1
P0096,Dress 0096,Dress,71,4.24,74,168,3999,0,Medium,19,0
P0097,Jeans 0097,Jeans,2,0.51,97,57,4999,0,Medium,8,0
P0098,Jacket 0098,Jacket,13,3.32,233,221,2999,40,Medium,94,0
P0099,Dress 0099,Dress,59,7.4,141,7,799,10,Low,27,0
P0100,Shoes 0100,Shoes,76,10.86,109,129,999,15,Low,63,0
P0101,Shirt 0101,Shirt,44,4.54,21,294,799,0,Medium,34,0
P0102,Jeans 0102,Jeans,95,0.7,58,206,4999,10,Medium,39,1
P0103,Jeans 0103,Jeans,33,8.2,116,189,1499,30,Medium,1,0
P0104,Jacket 0104,Jacket,44,0.71,176,222,3999,30,High,2,1
P0105,Jeans 0105,Jeans,60,1.12,148,246,1999,30,Medium,13,1
P0106,Jeans 0106,Jeans,82,8.67,89,355,1999,40,High,80,0
P0107,Dress 0107,Dress,101,3.14,16,74,1999,30,Medium,98,0
P0108,Jacket 0108,Jacket,15,2.03,256,325,1999,30,Medium,67,1
P0109,Dress 0109,Dress,65,5.48,220,88,1299,20,Medium,46,1
P0110,Shirt 0110,Shirt,39,3.78,130,148,2499,0,Medium,93,0
P0111,Accessories 0111,Accessories,16,6.95,102,47,799,40,High,53,0
P0112,Shirt 0112,Shirt,118,3.91,32,245,3999,0,Low,57,1
P0113,Accessories 0113,Accessories,33,3.97,270,9,1499,15,Medium,61,0
P0114,Dress 0114,Dress,105,6.79,56,100,2499,40,Low,50,1
P0115,Shirt 0115,Shirt,15,3.1,147,65,999,50,Low,77,0
P0116,Jacket 0116,Jacket,101,1.53,136,234,999,15,Medium,47,1
P0117,T-Shirt 0117,T-Shirt,59,5.7,211,24,3999,40,Low,26,1
P0118,Dress 0118,Dress,65,2.64,66,245,799,20,Medium,76,0
P0119,Accessories 0119,Accessories,65,4.14,136,80,3999,0,High,54,0
P0120,Shoes 0120,Shoes,89,0.38,45,338,799,40,High,83,1
P0121,Accessories 0121,Accessories,12,3.0,205,175,4999,15,Low,48,0
P0122,Shoes 0122,Shoes,55,2.16,103,270,799,40,Medium,23,0
P0123,Jeans 0123,Jeans,110,0.36,288,166,1499,10,High,9,1
P0124,Shirt 0124,Shirt,30,3.08,51,343,4999,30,Low,6,1
P0125,Shoes 0125,Shoes,33,3.16,141,175,799,30,Medium,16,0
P0126,Accessories 0126,Accessories,38,4.36,134,212,4999,50,High,21,1
P0127,Jeans 0127,Jeans,66,7.31,199,363,3999,0,Low,58,1
P0128,T-Shirt 0128,T-Shirt,7,6.53,121,15,1999,30,High,43,0
P0129,Jacket 0129,Jacket,86,2.29,73,352,2499,30,Medium,10,1
P0130,Jacket 0130,Jacket,77,3.84,32,310,1999,50,Low,41,1
P0131,Jacket 0131,Jacket,119,4.83,18,121,1499,10,Medium,22,1
P0132,Shoes 0132,Shoes,54,2.34,50,158,1499,5,Medium,59,0
P0133,T-Shirt 0133,T-Shirt,26,0.78,20,93,3999,20,Low,85,0
P0134,Shoes 0134,Shoes,117,2.82,213,101,3999,15,Medium,61,1
P0135,Shirt 0135,Shirt,92,7.52,162,237,4999,5,Medium,53,1
P0136,Shoes 0136,Shoes,102,0.74,231,192,1299,15,Medium,81,1
P0137,T-Shirt 0137,T-Shirt,52,1.38,245,120,3999,5,Low,89,0
P0138,T-Shirt 0138,T-Shirt,38,1.68,62,280,1299,30,High,93,0
P0139,Shirt 0139,Shirt,64,1.4,134,35,999,15,Medium,12,1
P0140,T-Shirt 0140,T-Shirt,16,5.5,221,209,999,20,High,67,0
P0141,Accessories 0141,Accessories,104,1.96,18,8,4999,0,High,26,0
P0142,T-Shirt 0142,T-Shirt,29,5.6,247,84,1499,10,Medium,39,1
P0143,Jacket 0143,Jacket,52,3.45,149,330,1999,5,Low,73,1
P0144,Accessories 0144,Accessories,12,0.55,107,237,999,10,High,91,0
P0145,Accessories 0145,Accessories,20,2.38,221,104,4999,50,High,84,0
P0146,Shirt 0146,Shirt,18,6.66,68,123,2999,10,Low,74,0
P0147,Hoodie 0147,Hoodie,52,3.75,162,116,1299,15,Medium,83,0
P0148,Hoodie 0148,Hoodie,18,2.54,166,173,2499,0,Low,99,0
P0149,T-Shirt 0149,T-Shirt,56,7.58,22,303,2999,15,Low,82,0
P0150,Accessories 0150,Accessories,24,1.25,220,343,2499,50,Medium,9,1
P0151,Hoodie 0151,Hoodie,85,2.02,53,93,2499,10,Low,14,1
P0152,Hoodie 0152,Hoodie,30,6.24,60,28,3999,30,High,44,0
P0153,T-Shirt 0153,T-Shirt,80,5.42,62,216,3999,40,High,52,0
P0154,Hoodie 0154,Hoodie,54,1.15,159,311,1999,20,Medium,81,1
P0155,Shoes 0155,Shoes,22,4.71,59,278,1499,0,Low,6,0
P0156,Jeans 0156,Jeans,31,1.93,23,330,1999,0,Medium,29,0
P0157,Shirt 0157,Shirt,61,0.34,155,284,4999,30,Medium,77,1
P0158,Jeans 0158,Jeans,73,2.58,112,145,2499,10,Medium,100,0
P0159,T-Shirt 0159,T-Shirt,9,11.32,51,347,1299,50,Low,29,0
P0160,Jacket 0160,Jacket,99,6.74,211,238,1299,15,Medium,26,0
P0161,Shirt 0161,Shirt,71,3.21,132,239,799,30,Medium,48,1
P0162,T-Shirt 0162,T-Shirt,53,0.69,189,86,1999,20,High,56,1
P0163,Accessories 0163,Accessories,51,0.36,62,61,2499,5,High,63,0
P0164,Jacket 0164,Jacket,19,3.46,147,297,3999,15,Medium,100,0
P0165,Jeans 0165,Jeans,31,4.49,101,40,4999,0,Medium,62,0
P0166,T-Shirt 0166,T-Shirt,113,5.54,51,335,2999,30,Low,47,1
P0167,Accessories 0167,Accessories,13,5.11,195,339,799,50,Low,40,0
P0168,Shirt 0168,Shirt,49,5.42,144,258,2999,15,High,80,1
P0169,Shirt 0169,Shirt,27,4.1,107,131,4999,5,Medium,29,1
P0170,Dress 0170,Dress,109,7.47,235,17,1499,50,Low,81,1
P0171,Accessories 0171,Accessories,115,2.15,53,323,2999,40,Medium,2,1
P0172,Shoes 0172,Shoes,52,3.42,116,128,4999,40,High,91,0
P0173,Hoodie 0173,Hoodie,23,0.56,91,41,799,20,Medium,36,1
P0174,Jacket 0174,Jacket,78,2.11,286,75,4999,40,Low,29,1
P0175,Accessories 0175,Accessories,21,6.62,256,319,1499,40,High,53,0
P0176,Dress 0176,Dress,29,5.29,78,145,3999,30,Medium,84,0
P0177,Hoodie 0177,Hoodie,62,0.19,51,18,1299,20,Medium,83,0
P0178,Hoodie 0178,Hoodie,3,11.87,80,131,999,5,Low,85,0
P0179,T-Shirt 0179,T-Shirt,76,3.76,100,305,3999,5,High,99,1
P0180,Hoodie 0180,Hoodie,58,3.81,35,153,3999,40,High,99,0
P0181,Shoes 0181,Shoes,86,2.0,26,83,1299,10,Medium,84,1
P0182,Shirt 0182,Shirt,7,2.39,21,74,3999,50,Low,87,0
P0183,Dress 0183,Dress,81,3.72,216,212,2499,50,Medium,84,1
P0184,Hoodie 0184,Hoodie,11,5.08,152,242,4999,0,Low,6,0
P0185,T-Shirt 0185,T-Shirt,118,4.24,239,65,2499,10,Low,7,1
P0186,Shoes 0186,Shoes,30,2.14,91,264,3999,15,Medium,85,0
P0187,Jeans 0187,Jeans,77,1.51,42,260,999,5,Low,85,1
P0188,Shirt 0188,Shirt,33,1.41,57,249,799,10,High,62,0
P0189,Shirt 0189,Shirt,81,6.97,32,283,999,0,Low,62,0
P0190,Dress 0190,Dress,119,6.41,81,226,1499,0,Medium,63,0
P0191,Shirt 0191,Shirt,97,4.76,204,231,4999,5,Low,29,1
P0192,Hoodie 0192,Hoodie,74,6.94,177,107,2999,50,Medium,97,0
P0193,T-Shirt 0193,T-Shirt,104,3.02,278,348,4999,30,Low,92,1
P0194,Shirt 0194,Shirt,75,6.03,54,128,4999,50,Medium,9,0
P0195,Shirt 0195,Shirt,48,4.93,181,224,4999,10,High,68,1
P0196,Jeans 0196,Jeans,78,6.15,231,81,3999,20,High,48,1
P0197,Jeans 0197,Jeans,56,1.28,131,337,2499,50,Medium,38,1
P0198,Jacket 0198,Jacket,94,4.06,25,243,2999,5,Low,33,0
P0199,Shoes 0199,Shoes,112,2.51,203,345,999,40,Low,9,1
P0200,Hoodie 0200,Hoodie,92,0.26,193,246,799,15,Medium,8,1
P0201,Shirt 0201,Shirt,25,7.74,156,171,1999,10,Low,59,0
P0202,Accessories 0202,Accessories,17,6.42,164,340,3999,10,Medium,95,0
P0203,Shirt 0203,Shirt,95,4.32,100,163,1299,5,High,4,1
P0204,T-Shirt 0204,T-Shirt,85,1.59,79,217,2999,30,High,34,1
P0205,Jacket 0205,Jacket,37,0.53,86,283,1999,10,High,10,1
P0206,Shoes 0206,Shoes,80,0.25,132,222,3999,10,High,41,1
P0207,Accessories 0207,Accessories,86,2.1,137,224,2499,15,Medium,79,1
P0208,Jacket 0208,Jacket,87,5.47,143,239,2499,30,Medium,90,1
P0209,Dress 0209,Dress,49,2.53,250,18,2999,15,Medium,19,1
P0210,Shoes 0210,Shoes,7,4.8,295,89,2999,20,High,50,0
P0211,Shirt 0211,Shirt,40,4.97,116,119,1499,15,Low,0,1
P0212,Shirt 0212,Shirt,5,5.42,207,277,3999,40,Medium,89,0
P0213,Shoes 0213,Shoes,68,0.42,174,201,2499,20,Low,10,1
P0214,Shirt 0214,Shirt,43,1.73,91,147,3999,15,Low,60,0
P0215,Hoodie 0215,Hoodie,120,4.74,123,130,2999,20,Medium,78,0
P0216,Shoes 0216,Shoes,63,8.88,102,147,799,30,Medium,38,0
P0217,Jacket 0217,Jacket,28,7.27,244,214,1499,15,Medium,47,0
P0218,Shoes 0218,Shoes,27,4.16,142,121,2999,15,Medium,81,0
P0219,Accessories 0219,Accessories,10,7.79,86,212,4999,5,Medium,87,0
P0220,Shirt 0220,Shirt,120,4.14,240,294,999,15,Low,27,1
P0221,Hoodie 0221,Hoodie,64,0.72,140,361,1999,20,Medium,88,1
P0222,Hoodie 0222,Hoodie,106,5.35,286,349,4999,5,High,86,1
P0223,Dress 0223,Dress,18,7.44,7,155,4999,20,Medium,74,0
P0224,Jacket 0224,Jacket,8,10.75,63,216,2499,50,Medium,96,0
P0225,Jeans 0225,Jeans,26,2.05,120,118,2999,15,Medium,79,0
P0226,Jeans 0226,Jeans,33,1.15,135,148,4999,15,High,35,0
P0227,Shoes 0227,Shoes,43,6.05,205,30,3999,50,Medium,86,0
P0228,Dress 0228,Dress,67,4.53,296,55,2499,20,Low,69,1
P0229,T-Shirt 0229,T-Shirt,99,4.24,102,294,2499,50,High,61,1
P0230,Shoes 0230,Shoes,81,7.87,220,337,2999,30,High,87,1
P0231,Dress 0231,Dress,14,6.03,128,17,2999,30,High,69,0
P0232,Jacket 0232,Jacket,50,4.84,77,194,999,40,Medium,9,0
P0233,Jacket 0233,Jacket,12,2.28,134,74,4999,30,High,85,0
P0234,Jacket 0234,Jacket,82,5.69,31,96,1499,10,Medium,86,0
P0235,Jacket 0235,Jacket,48,1.1,169,116,4999,5,Medium,4,1
P0236,Jacket 0236,Jacket,69,4.13,72,170,1299,5,High,27,1
P0237,Dress 0237,Dress,111,3.25,18,212,1999,50,High,58,1
P0238,Dress 0238,Dress,55,0.68,102,38,1999,30,Medium,8,1
P0239,Hoodie 0239,Hoodie,75,4.54,283,333,2999,50,High,38,1
P0240,Accessories 0240,Accessories,50,2.05,251,80,1499,15,Low,91,1
P0241,Jeans 0241,Jeans,36,4.46,116,257,1499,5,Low,61,0
P0242,Shirt 0242,Shirt,16,1.42,211,361,799,20,Medium,88,1
P0243,Jacket 0243,Jacket,57,6.07,237,27,2499,15,Medium,37,1
P0244,T-Shirt 0244,T-Shirt,86,9.81,65,302,1499,5,Low,90,0
P0245,Shirt 0245,Shirt,89,1.1,89,304,1999,0,Medium,23,1
P0246,Dress 0246,Dress,28,1.42,187,334,4999,5,Low,63,1
P0247,T-Shirt 0247,T-Shirt,32,0.92,243,308,1499,30,Medium,42,1
P0248,T-Shirt 0248,T-Shirt,59,2.81,254,344,799,20,High,15,1
P0249,T-Shirt 0249,T-Shirt,90,4.41,75,79,4999,5,Medium,65,0
P0250,Hoodie 0250,Hoodie,88,5.45,232,47,1999,50,Medium,65,1
P0251,Dress 0251,Dress,119,4.07,89,100,2999,40,High,68,1
P0252,T-Shirt 0252,T-Shirt,54,5.34,275,138,1299,10,Medium,45,1
P0253,Jacket 0253,Jacket,9,3.16,294,105,1499,30,High,20,0
P0254,Shoes 0254,Shoes,46,2.03,240,59,4999,40,Medium,59,1
P0255,T-Shirt 0255,T-Shirt,22,1.45,295,235,799,40,High,9,1
P0256,Hoodie 0256,Hoodie,84,2.89,43,134,1999,10,High,17,1
P0257,Shirt 0257,Shirt,20,1.49,210,218,3999,15,Medium,89,1
P0258,Dress 0258,Dress,106,4.32,187,291,2999,50,Medium,83,1
P0259,Accessories 0259,Accessories,12,1.51,191,285,1499,10,Medium,40,1
P0260,Hoodie 0260,Hoodie,100,2.23,137,347,2999,20,Medium,35,1
P0261,T-Shirt 0261,T-Shirt,32,6.95,34,165,799,0,Medium,84,0
P0262,Dress 0262,Dress,23,7.4,259,358,2499,0,Medium,65,0
P0263,Shoes 0263,Shoes,107,7.25,147,239,4999,15,Medium,45,1
P0264,T-Shirt 0264,T-Shirt,10,3.2,107,77,1299,50,Medium,96,0
P0265,Hoodie 0265,Hoodie,16,2.1,78,211,1499,15,High,22,0
P0266,Jeans 0266,Jeans,67,4.8,59,195,3999,50,High,38,0
P0267,Jacket 0267,Jacket,46,1.54,240,157,1999,10,Low,94,1
P0268,Accessories 0268,Accessories,24,5.64,64,14,1999,50,Low,3,0
P0269,Shirt 0269,Shirt,93,1.94,28,338,799,40,Low,40,1
P0270,Hoodie 0270,Hoodie,72,2.8,26,106,2499,20,Low,2,1
P0271,Dress 0271,Dress,20,5.73,36,22,999,10,Low,100,0
P0272,Accessories 0272,Accessories,83,0.5,7,160,799,20,High,52,1
P0273,Accessories 0273,Accessories,82,2.02,74,163,2499,50,High,73,1
P0274,Accessories 0274,Accessories,82,4.38,164,99,1999,20,Medium,95,0
P0275,T-Shirt 0275,T-Shirt,11,5.08,92,268,1999,0,Medium,35,0
P0276,Jacket 0276,Jacket,36,4.51,63,43,4999,40,Medium,48,0
P0277,T-Shirt 0277,T-Shirt,41,2.77,256,167,1299,20,High,26,1
P0278,Dress 0278,Dress,16,6.13,223,357,799,5,High,52,1
P0279,T-Shirt 0279,T-Shirt,100,1.41,205,180,3999,20,Low,48,1
P0280,Jeans 0280,Jeans,117,1.35,81,323,1999,50,Low,82,1
P0281,Jacket 0281,Jacket,47,4.35,259,24,1999,0,Low,0,1
P0282,Jacket 0282,Jacket,102,1.26,251,357,3999,30,Medium,89,1
P0283,Dress 0283,Dress,27,10.03,274,22,3999,10,Medium,45,0
P0284,Shirt 0284,Shirt,40,2.07,143,276,999,20,Medium,61,1
P0285,Jeans 0285,Jeans,98,6.05,82,365,1299,5,High,76,1
P0286,Hoodie 0286,Hoodie,46,1.06,84,74,799,50,Medium,98,0
P0287,T-Shirt 0287,T-Shirt,111,8.66,14,36,1299,15,High,65,0
P0288,Shoes 0288,Shoes,17,3.37,128,322,1499,10,Low,21,1
P0289,T-Shirt 0289,T-Shirt,77,2.02,190,315,2999,15,Low,38,1
P0290,Accessories 0290,Accessories,98,2.62,38,231,4999,5,Medium,91,0
P0291,T-Shirt 0291,T-Shirt,107,1.75,125,170,1999,0,Low,43,1
P0292,Hoodie 0292,Hoodie,104,2.79,84,326,799,30,High,1,1
P0293,T-Shirt 0293,T-Shirt,70,1.12,210,20,999,40,Low,74,1
P0294,Jeans 0294,Jeans,104,2.07,57,285,999,0,Medium,58,1
P0295,Jeans 0295,Jeans,12,5.97,160,162,4999,30,Low,100,0
P0296,Jacket 0296,Jacket,81,3.9,278,128,2999,40,Low,89,1
P0297,Dress 0297,Dress,100,1.38,139,269,999,10,High,27,1
P0298,Shirt 0298,Shirt,12,2.87,102,176,799,20,High,89,0
P0299,Shoes 0299,Shoes,99,7.46,245,16,1999,20,Medium,80,1
P0300,Accessories 0300,Accessories,30,2.28,49,178,799,50,High,66,0
P0301,T-Shirt 0301,T-Shirt,1,1.25,203,364,4999,15,Medium,13,1
P0302,T-Shirt 0302,T-Shirt,15,4.95,295,19,1299,0,Medium,15,0
P0303,Hoodie 0303,Hoodie,8,0.28,118,219,999,50,High,50,0
P0304,Dress 0304,Dress,72,2.67,281,167,2499,20,Low,99,1
P0305,Jeans 0305,Jeans,37,7.9,245,238,1299,50,Low,27,1
P0306,Shoes 0306,Shoes,74,2.81,160,166,1999,30,Medium,91,0
P0307,Jacket 0307,Jacket,53,6.39,48,133,3999,40,Medium,52,0
P0308,Jeans 0308,Jeans,55,1.23,84,54,999,20,Low,51,1
P0309,Accessories 0309,Accessories,85,2.72,142,267,1999,0,Low,24,1
P0310,Dress 0310,Dress,96,2.52,155,67,3999,0,High,56,1
P0311,Accessories 0311,Accessories,99,4.76,246,128,799,5,Medium,8,1
P0312,Shirt 0312,Shirt,108,3.51,147,96,1499,40,Medium,10,1
P0313,Jacket 0313,Jacket,86,8.61,54,365,1999,15,High,100,0
P0314,Shirt 0314,Shirt,44,2.18,266,261,1299,50,Medium,44,1
P0315,Hoodie 0315,Hoodie,108,3.48,165,96,999,40,Medium,84,0
P0316,Accessories 0316,Accessories,33,2.6,66,9,1299,50,High,1,1
P0317,Hoodie 0317,Hoodie,8,3.29,59,286,1999,0,High,53,0
P0318,T-Shirt 0318,T-Shirt,87,3.07,35,123,2999,40,Medium,33,1
P0319,Shirt 0319,Shirt,7,1.53,294,104,999,5,Medium,41,1
P0320,Dress 0320,Dress,6,5.75,173,168,2999,40,Medium,76,0
P0321,Accessories 0321,Accessories,35,1.89,270,346,2499,0,Medium,68,1
P0322,Shoes 0322,Shoes,17,1.78,189,304,2999,10,Low,10,1
P0323,Jacket 0323,Jacket,2,0.72,7,303,2999,30,Medium,28,1
P0324,Jeans 0324,Jeans,27,2.13,165,88,4999,30,Low,91,0
P0325,Dress 0325,Dress,69,1.87,264,364,2999,10,Low,91,1
P0326,Dress 0326,Dress,107,0.37,52,154,2499,10,Medium,4,1
P0327,Hoodie 0327,Hoodie,43,2.78,258,12,3999,50,High,19,1
P0328,Shirt 0328,Shirt,20,8.36,78,191,2999,50,Low,100,0
P0329,Accessories 0329,Accessories,27,0.88,170,258,2499,0,Low,38,1
P0330,Accessories 0330,Accessories,103,3.24,264,31,1499,50,Medium,73,1
P0331,T-Shirt 0331,T-Shirt,53,2.73,8,47,2999,20,Medium,31,1
P0332,T-Shirt 0332,T-Shirt,53,5.23,123,175,3999,20,Low,28,1
P0333,Jacket 0333,Jacket,64,5.5,277,9,3999,10,Low,65,1
P0334,Hoodie 0334,Hoodie,99,12.57,230,177,1499,15,Medium,0,1
P0335,Dress 0335,Dress,20,4.01,74,63,4999,30,High,83,0
P0336,Accessories 0336,Accessories,106,1.66,186,89,1299,5,Low,0,1
P0337,Shoes 0337,Shoes,98,2.08,268,336,4999,10,Medium,3,1
P0338,Hoodie 0338,Hoodie,12,2.26,185,185,1299,30,Medium,14,1
P0339,Jacket 0339,Jacket,56,1.94,9,139,2999,5,Low,46,0
P0340,Jacket 0340,Jacket,48,9.75,201,92,1499,40,Low,29,0
P0341,Hoodie 0341,Hoodie,117,5.32,51,359,1999,5,Medium,5,1
P0342,Jacket 0342,Jacket,53,4.73,44,277,1299,10,High,0,0
P0343,Hoodie 0343,Hoodie,9,1.28,126,350,999,20,Low,70,0
P0344,Jeans 0344,Jeans,52,5.46,139,100,3999,15,Medium,61,1
P0345,Hoodie 0345,Hoodie,43,7.08,144,362,2999,30,Medium,63,0
P0346,Shirt 0346,Shirt,46,2.77,157,256,2999,10,High,4,1
P0347,Hoodie 0347,Hoodie,52,2.06,32,301,3999,5,Low,53,1
P0348,Jacket 0348,Jacket,73,8.76,81,204,799,50,Medium,48,0
P0349,Accessories 0349,Accessories,45,1.83,179,85,3999,30,High,6,1
P0350,Shirt 0350,Shirt,12,1.67,53,172,1999,0,High,99,0
P0351,Jacket 0351,Jacket,36,1.43,278,45,3999,40,Medium,2,1
P0352,T-Shirt 0352,T-Shirt,101,3.12,31,314,4999,50,Medium,75,0
P0353,T-Shirt 0353,T-Shirt,23,4.0,225,220,999,0,Medium,60,0
P0354,Accessories 0354,Accessories,1,6.44,126,137,1299,30,Medium,78,0
P0355,Accessories 0355,Accessories,85,4.89,73,163,2499,30,Medium,83,0
P0356,Shirt 0356,Shirt,80,4.83,75,165,4999,5,Medium,40,1
P0357,Jeans 0357,Jeans,99,7.82,154,328,3999,50,High,20,1
P0358,Accessories 0358,Accessories,13,1.37,191,233,2499,10,Medium,31,1
P0359,T-Shirt 0359,T-Shirt,9,0.82,250,51,1999,50,Medium,11,1
P0360,Hoodie 0360,Hoodie,34,5.06,200,207,1299,20,High,100,0
P0361,Jacket 0361,Jacket,24,3.01,36,28,1499,10,High,6,0
P0362,T-Shirt 0362,T-Shirt,2,6.46,113,345,2999,15,Medium,50,0
P0363,T-Shirt 0363,T-Shirt,110,3.23,5,248,2999,30,Medium,44,1
P0364,Jeans 0364,Jeans,101,2.0,186,235,1299,0,Medium,94,1
P0365,Shirt 0365,Shirt,16,5.11,178,244,1499,5,Low,64,0
P0366,Shirt 0366,Shirt,11,3.55,173,155,1299,50,Low,59,0
P0367,Dress 0367,Dress,53,3.24,252,279,999,20,Medium,74,1
P0368,Jeans 0368,Jeans,115,14.08,112,73,2499,40,Low,44,0
P0369,Hoodie 0369,Hoodie,23,7.42,268,13,2999,10,Medium,33,0
P0370,Shirt 0370,Shirt,28,5.57,34,239,1499,15,Medium,82,0
P0371,Jacket 0371,Jacket,42,3.63,229,363,1999,50,Medium,10,1
P0372,Accessories 0372,Accessories,24,3.4,93,298,3999,10,Low,96,0
P0373,Jeans 0373,Jeans,99,2.61,238,262,4999,40,Low,32,1
P0374,Accessories 0374,Accessories,59,3.91,172,73,2999,15,Low,7,1
P0375,T-Shirt 0375,T-Shirt,89,2.22,235,256,799,10,Low,44,1
P0376,Jacket 0376,Jacket,101,1.11,130,83,1299,20,High,71,1
P0377,Jacket 0377,Jacket,64,3.21,65,93,1999,50,Medium,97,0
P0378,T-Shirt 0378,T-Shirt,83,4.14,124,258,1299,20,Low,90,1
P0379,Jeans 0379,Jeans,118,6.47,194,228,799,5,Low,92,1
P0380,T-Shirt 0380,T-Shirt,27,1.68,125,78,999,20,Medium,77,0
P0381,Accessories 0381,Accessories,15,3.42,52,208,3999,15,Medium,33,0
P0382,Dress 0382,Dress,46,4.86,206,65,2999,5,Low,44,0
P0383,Jacket 0383,Jacket,80,4.78,63,282,1299,40,High,100,1
P0384,Shoes 0384,Shoes,103,9.43,189,227,1499,20,High,64,0
P0385,Shoes 0385,Shoes,91,2.65,227,163,1299,0,Low,72,1
P0386,Accessories 0386,Accessories,57,1.56,15,187,1499,50,Medium,51,0
P0387,Hoodie 0387,Hoodie,75,3.59,285,219,3999,40,Medium,9,1
P0388,Shirt 0388,Shirt,26,2.76,193,135,4999,15,Medium,93,0
P0389,T-Shirt 0389,T-Shirt,117,2.39,241,249,2999,40,High,42,1
P0390,T-Shirt 0390,T-Shirt,52,2.13,38,178,4999,50,Low,81,1
P0391,Hoodie 0391,Hoodie,41,4.15,139,276,4999,40,Medium,80,1
P0392,Hoodie 0392,Hoodie,58,1.89,66,169,2999,5,Medium,69,0
P0393,Accessories 0393,Accessories,46,5.57,231,30,2999,15,Medium,10,1
P0394,Accessories 0394,Accessories,93,5.39,97,199,3999,5,High,87,0
P0395,Hoodie 0395,Hoodie,104,4.43,120,300,1299,50,Low,35,1
P0396,Jacket 0396,Jacket,33,1.37,137,135,3999,50,Low,96,0
P0397,Accessories 0397,Accessories,36,4.02,297,47,799,15,Medium,96,0
P0398,Dress 0398,Dress,5,6.76,197,37,2499,0,Low,17,0
P0399,Accessories 0399,Accessories,6,5.84,34,42,999,50,Low,62,0
P0400,T-Shirt 0400,T-Shirt,95,5.29,65,259,2999,40,Medium,4,1
P0401,Accessories 0401,Accessories,95,3.38,32,221,1299,20,Low,30,1
P0402,Jacket 0402,Jacket,116,3.27,81,293,1999,10,Medium,15,1
P0403,Hoodie 0403,Hoodie,24,7.5,125,262,999,40,Low,65,0
P0404,T-Shirt 0404,T-Shirt,32,4.11,7,192,799,10,Low,8,0
P0405,Accessories 0405,Accessories,54,4.14,41,67,1999,10,Medium,1,1
P0406,Jacket 0406,Jacket,57,16.71,151,268,4999,40,Low,36,0
P0407,Dress 0407,Dress,6,2.6,96,282,4999,5,High,83,0
P0408,Accessories 0408,Accessories,115,0.33,277,117,2999,20,Medium,58,1
P0409,Jacket 0409,Jacket,56,2.91,91,323,4999,40,Medium,80,0
P0410,Dress 0410,Dress,11,3.05,44,147,1499,30,High,57,0
P0411,Hoodie 0411,Hoodie,15,4.06,182,239,1299,5,Low,88,0
P0412,Accessories 0412,Accessories,79,4.75,289,29,1499,40,Medium,82,1
P0413,Dress 0413,Dress,42,0.41,46,85,2999,50,High,7,1
P0414,T-Shirt 0414,T-Shirt,116,4.82,289,37,3999,40,Low,51,1
P0415,Hoodie 0415,Hoodie,99,3.19,70,10,999,5,High,74,0
P0416,T-Shirt 0416,T-Shirt,76,2.7,128,124,1999,40,Low,76,1
P0417,Shoes 0417,Shoes,6,0.68,149,72,1999,5,Low,76,0
P0418,Jeans 0418,Jeans,99,8.54,124,293,4999,40,High,72,1
P0419,Accessories 0419,Accessories,110,2.36,113,182,1299,30,Low,68,1
P0420,Dress 0420,Dress,50,5.34,96,129,2499,40,Medium,81,0
P0421,Jeans 0421,Jeans,72,1.66,64,237,1999,50,High,51,1
P0422,Jeans 0422,Jeans,31,4.19,231,49,999,50,High,77,1
P0423,Dress 0423,Dress,74,2.73,244,10,999,5,Medium,33,1
P0424,Hoodie 0424,Hoodie,7,5.23,216,196,1499,50,High,85,0
P0425,Accessories 0425,Accessories,96,2.66,102,310,1499,50,Medium,47,1
P0426,Shoes 0426,Shoes,86,1.59,18,256,2999,20,Low,96,0
P0427,T-Shirt 0427,T-Shirt,88,3.3,222,150,799,40,Medium,23,1
P0428,Jacket 0428,Jacket,119,3.17,174,351,2499,10,Medium,92,1
P0429,T-Shirt 0429,T-Shirt,71,4.0,284,339,4999,50,Medium,12,1
P0430,Jacket 0430,Jacket,44,6.33,214,164,999,15,Medium,49,0
P0431,T-Shirt 0431,T-Shirt,85,1.29,260,71,1999,5,Medium,90,1
P0432,Dress 0432,Dress,58,6.12,175,331,1499,40,Medium,64,0
P0433,Shoes 0433,Shoes,3,1.11,77,276,1499,20,High,70,0
P0434,Accessories 0434,Accessories,103,5.09,151,81,3999,0,Medium,3,1
P0435,Jacket 0435,Jacket,66,5.2,110,35,2499,15,Low,63,0
P0436,Accessories 0436,Accessories,28,2.26,98,341,2999,5,High,73,0
P0437,Accessories 0437,Accessories,104,1.73,67,244,4999,5,Medium,98,1
P0438,Accessories 0438,Accessories,28,1.65,158,159,1299,40,High,38,1
P0439,Shirt 0439,Shirt,97,3.53,259,100,999,15,Low,62,1
P0440,Hoodie 0440,Hoodie,97,5.44,39,243,1299,15,Medium,57,1
P0441,T-Shirt 0441,T-Shirt,27,2.98,300,328,3999,5,Low,15,1
P0442,Accessories 0442,Accessories,76,0.28,257,121,4999,20,Low,90,1
P0443,T-Shirt 0443,T-Shirt,78,2.14,161,302,1999,0,Medium,83,1
P0444,Accessories 0444,Accessories,86,2.08,138,225,3999,40,Medium,61,1
P0445,Jacket 0445,Jacket,43,4.73,133,252,2999,50,High,9,0
P0446,Hoodie 0446,Hoodie,89,4.9,284,38,4999,50,Medium,61,1
P0447,Hoodie 0447,Hoodie,3,3.73,256,26,1499,20,Low,32,0
P0448,Dress 0448,Dress,89,6.12,139,59,1299,50,Medium,70,1
P0449,Shirt 0449,Shirt,103,6.43,15,212,4999,50,Medium,41,1
P0450,Dress 0450,Dress,8,2.25,296,225,3999,30,High,43,1
P0451,Dress 0451,Dress,118,1.62,152,201,2999,10,Medium,45,1
P0452,Dress 0452,Dress,4,3.14,84,311,799,10,Low,85,0
P0453,Dress 0453,Dress,55,3.73,195,201,999,10,Medium,80,1
P0454,Dress 0454,Dress,95,2.16,34,351,4999,5,Medium,72,0
P0455,Shoes 0455,Shoes,83,19.26,233,88,1999,40,Medium,73,0
P0456,Hoodie 0456,Hoodie,49,8.22,88,7,799,40,High,99,0
P0457,Dress 0457,Dress,74,2.0,154,173,4999,0,Medium,94,1
P0458,Accessories 0458,Accessories,14,1.34,193,323,799,0,Medium,30,1
P0459,Hoodie 0459,Hoodie,31,1.87,25,189,3999,40,Medium,4,1
P0460,Hoodie 0460,Hoodie,27,6.51,41,356,1999,30,Low,17,0
P0461,Jeans 0461,Jeans,21,6.61,250,279,2499,5,Medium,5,1
P0462,Shoes 0462,Shoes,104,8.29,287,163,799,5,Medium,49,1
P0463,Dress 0463,Dress,16,1.58,106,207,999,50,Medium,27,0
P0464,T-Shirt 0464,T-Shirt,58,4.72,298,198,2999,50,Medium,23,1
P0465,Jacket 0465,Jacket,89,1.71,236,347,999,5,High,68,1
P0466,Shirt 0466,Shirt,107,9.46,292,305,1999,0,Low,27,1
P0467,Accessories 0467,Accessories,70,1.63,249,82,4999,50,Low,57,1
P0468,T-Shirt 0468,T-Shirt,105,1.07,181,146,1999,5,High,66,1
P0469,Shoes 0469,Shoes,56,1.27,217,312,1299,15,High,17,1
P0470,Jacket 0470,Jacket,25,3.31,106,202,2499,50,Medium,3,0
P0471,Shoes 0471,Shoes,24,5.38,290,67,2999,15,High,48,0
P0472,Accessories 0472,Accessories,9,5.15,26,313,3999,15,Low,31,0
P0473,Hoodie 0473,Hoodie,44,1.32,23,339,1299,5,Low,95,0
P0474,Jacket 0474,Jacket,82,2.46,291,360,1499,15,High,82,1
P0475,Hoodie 0475,Hoodie,10,2.21,280,89,1499,40,High,92,0
P0476,Accessories 0476,Accessories,76,1.15,151,340,999,30,Low,96,1
P0477,T-Shirt 0477,T-Shirt,52,2.17,44,11,2999,5,Low,65,0
P0478,Accessories 0478,Accessories,71,8.06,171,225,1499,30,Low,57,1
P0479,T-Shirt 0479,T-Shirt,103,1.01,95,260,1499,15,Low,10,1
P0480,Jacket 0480,Jacket,67,3.91,76,94,3999,5,High,96,0
P0481,Jacket 0481,Jacket,110,8.18,287,215,2499,20,Medium,64,1
P0482,Dress 0482,Dress,94,7.91,144,186,2499,10,Medium,16,0
P0483,Shoes 0483,Shoes,27,9.74,243,214,4999,20,Medium,79,0
P0484,Dress 0484,Dress,74,4.19,82,279,1499,10,High,65,1
P0485,Shoes 0485,Shoes,106,4.63,203,71,4999,10,Low,3,1
P0486,Dress 0486,Dress,64,2.2,21,27,799,15,Medium,31,0
P0487,Hoodie 0487,Hoodie,48,0.99,222,183,4999,10,High,70,1
P0488,Jacket 0488,Jacket,46,2.98,233,28,799,10,Low,28,1
P0489,T-Shirt 0489,T-Shirt,51,7.04,142,331,2999,20,High,60,0
P0490,Shoes 0490,Shoes,101,0.27,151,42,2499,10,Medium,59,1
P0491,Accessories 0491,Accessories,87,2.28,214,256,2999,5,Low,72,1
P0492,Shoes 0492,Shoes,53,4.94,162,155,4999,30,Low,57,1
P0493,T-Shirt 0493,T-Shirt,59,3.34,157,79,1499,40,Medium,98,1
P0494,Dress 0494,Dress,56,7.62,167,97,4999,30,Medium,52,0
P0495,Shoes 0495,Shoes,46,6.57,105,182,1299,50,Medium,4,0
P0496,Shirt 0496,Shirt,30,0.87,159,132,4999,5,Low,60,1
P0497,Hoodie 0497,Hoodie,104,3.55,14,210,799,50,Medium,20,1
P0498,Jacket 0498,Jacket,45,1.78,187,252,1999,40,Low,57,1
P0499,T-Shirt 0499,T-Shirt,113,1.76,138,105,1999,50,Medium,80,1
P0500,Jacket 0500,Jacket,25,0.94,10,277,799,15,Medium,13,0
P0501,Shirt 0501,Shirt,112,3.99,262,50,799,40,Medium,95,1
P0502,Shoes 0502,Shoes,113,7.73,215,228,1299,40,Low,78,1
P0503,Shoes 0503,Shoes,4,4.25,55,103,4999,50,Low,84,0
P0504,Accessories 0504,Accessories,83,0.88,151,42,2999,20,Low,53,1
P0505,Shirt 0505,Shirt,51,3.2,132,174,2499,40,Low,77,0
P0506,T-Shirt 0506,T-Shirt,104,4.81,262,36,4999,40,Low,40,1
P0507,Accessories 0507,Accessories,74,3.02,55,288,1499,0,Medium,15,0
P0508,Hoodie 0508,Hoodie,119,4.2,158,91,1499,30,Medium,50,1
P0509,Accessories 0509,Accessories,53,1.91,74,363,1299,20,Medium,0,1
P0510,Jeans 0510,Jeans,32,2.76,280,127,1999,30,Medium,39,1
P0511,T-Shirt 0511,T-Shirt,49,2.63,283,293,1999,0,Low,17,1
P0512,Jeans 0512,Jeans,37,8.67,138,254,2999,50,High,33,0
P0513,Shirt 0513,Shirt,26,1.35,224,190,2999,10,Low,89,0
P0514,Dress 0514,Dress,97,0.33,167,259,2499,0,Medium,60,1
P0515,Jeans 0515,Jeans,14,8.31,140,279,1499,10,High,99,0
P0516,Hoodie 0516,Hoodie,95,3.64,61,215,2999,30,Medium,20,1
P0517,Accessories 0517,Accessories,60,1.1,181,360,999,50,Low,0,1
P0518,Dress 0518,Dress,20,6.19,119,30,4999,40,Medium,26,0
P0519,Accessories 0519,Accessories,45,5.01,153,128,2999,20,Low,50,0
P0520,Jeans 0520,Jeans,68,9.59,245,231,999,20,Medium,10,0
P0521,Accessories 0521,Accessories,5,3.86,127,129,999,15,Medium,13,0
P0522,Shirt 0522,Shirt,37,14.11,296,300,2499,30,Medium,91,1
P0523,Dress 0523,Dress,61,3.05,73,179,2999,15,Low,54,1
P0524,Shirt 0524,Shirt,85,5.02,67,149,4999,50,High,26,0
P0525,Jeans 0525,Jeans,61,5.53,225,175,1499,40,Medium,21,1
P0526,Shirt 0526,Shirt,81,2.35,20,63,3999,30,Low,20,0
P0527,Hoodie 0527,Hoodie,77,2.29,82,48,999,50,Medium,23,1
P0528,Jeans 0528,Jeans,73,5.61,126,315,2499,40,Medium,18,1
P0529,Jeans 0529,Jeans,45,1.01,262,125,1499,10,Medium,23,1
P0530,Jeans 0530,Jeans,12,1.77,221,127,3999,30,Low,25,1
P0531,T-Shirt 0531,T-Shirt,94,2.98,118,318,4999,30,Low,24,1
P0532,Accessories 0532,Accessories,93,9.4,150,257,999,10,High,44,0
P0533,T-Shirt 0533,T-Shirt,2,5.61,241,349,2999,5,Low,28,1
P0534,T-Shirt 0534,T-Shirt,93,3.54,90,338,2999,40,Low,73,1
P0535,Hoodie 0535,Hoodie,5,2.18,171,347,3999,5,High,10,1
P0536,Dress 0536,Dress,92,11.88,133,347,1999,30,Medium,23,0
P0537,Accessories 0537,Accessories,7,3.19,169,343,1299,5,Medium,23,0
P0538,Shirt 0538,Shirt,43,1.77,281,188,799,20,Medium,11,1
P0539,Shoes 0539,Shoes,108,13.35,261,171,1499,30,Medium,6,1
P0540,Jeans 0540,Jeans,106,1.05,136,270,1299,0,Medium,39,1
P0541,Shirt 0541,Shirt,107,7.89,62,216,999,10,High,80,0
P0542,Jeans 0542,Jeans,32,3.37,261,17,2499,15,Low,98,0
P0543,Hoodie 0543,Hoodie,80,5.6,145,188,2999,50,Low,69,1
P0544,Jeans 0544,Jeans,111,4.93,178,257,2999,50,Low,75,1
P0545,T-Shirt 0545,T-Shirt,74,5.54,179,144,3999,10,Medium,78,1
P0546,Accessories 0546,Accessories,76,14.13,213,224,999,30,Medium,95,0
P0547,Shoes 0547,Shoes,49,12.76,208,245,2499,0,Low,22,0
P0548,Jacket 0548,Jacket,10,1.86,11,343,2499,10,Medium,70,0
P0549,Jeans 0549,Jeans,94,4.8,55,93,799,15,Low,37,1
P0550,Shirt 0550,Shirt,27,0.6,263,304,999,50,Medium,30,1
P0551,T-Shirt 0551,T-Shirt,107,5.96,182,299,4999,15,High,28,1
P0552,Jacket 0552,Jacket,69,6.93,35,98,3999,50,Medium,43,0
P0553,Shoes 0553,Shoes,40,0.33,158,214,1499,0,Low,27,0
P0554,Jacket 0554,Jacket,15,3.28,59,210,2499,15,Low,75,0
P0555,T-Shirt 0555,T-Shirt,67,5.59,160,192,999,20,Low,90,0
P0556,Accessories 0556,Accessories,98,4.32,48,91,1999,15,Medium,67,0
P0557,Accessories 0557,Accessories,47,1.08,85,321,999,40,Medium,20,0
P0558,Dress 0558,Dress,55,1.2,170,158,1999,0,High,8,1
P0559,Accessories 0559,Accessories,63,2.99,34,162,2999,0,Medium,48,0
P0560,Dress 0560,Dress,58,2.35,140,299,2999,10,Medium,97,0
P0561,Jacket 0561,Jacket,89,2.54,18,27,4999,15,High,36,0
P0562,Hoodie 0562,Hoodie,61,0.93,110,167,1299,15,Medium,20,1
P0563,Shirt 0563,Shirt,120,3.42,79,345,1499,30,Low,59,1
P0564,Shirt 0564,Shirt,75,9.45,83,162,4999,30,Medium,22,0
P0565,Jacket 0565,Jacket,10,1.12,198,149,3999,0,Medium,87,0
P0566,Jeans 0566,Jeans,100,2.8,100,263,2999,30,Medium,9,1
P0567,Jeans 0567,Jeans,88,5.17,44,113,3999,10,Low,69,0
P0568,Accessories 0568,Accessories,17,0.71,260,290,4999,40,Low,20,1
P0569,Shirt 0569,Shirt,18,3.44,111,56,1499,10,Low,100,0
P0570,Shirt 0570,Shirt,86,6.79,21,41,1999,20,Low,28,0
P0571,Dress 0571,Dress,54,1.37,19,230,4999,40,High,58,1
P0572,Hoodie 0572,Hoodie,101,3.7,276,162,2999,20,Medium,39,1
P0573,T-Shirt 0573,T-Shirt,117,6.46,17,197,1499,0,Medium,20,1
P0574,Jeans 0574,Jeans,81,13.66,251,190,2499,10,Medium,85,0
P0575,Shirt 0575,Shirt,25,3.56,218,243,799,10,Medium,98,0
P0576,Dress 0576,Dress,5,1.81,155,303,799,20,High,62,1
P0577,Shoes 0577,Shoes,3,1.82,296,329,4999,40,Medium,45,1
P0578,Dress 0578,Dress,107,0.88,47,310,3999,30,Medium,4,1
P0579,Jeans 0579,Jeans,114,9.95,118,348,799,20,Medium,14,1
P0580,Jeans 0580,Jeans,28,6.2,85,64,999,50,High,82,0
P0581,Dress 0581,Dress,58,1.19,145,45,1499,0,High,79,1
P0582,T-Shirt 0582,T-Shirt,97,1.72,34,247,799,40,High,39,1
P0583,Jacket 0583,Jacket,16,3.51,34,31,999,10,Low,86,0
P0584,Jeans 0584,Jeans,106,6.76,270,322,1999,0,Low,3,1
P0585,Dress 0585,Dress,42,4.8,103,123,3999,20,Low,84,0
P0586,Shirt 0586,Shirt,116,4.48,98,348,2499,50,Medium,23,1
P0587,Dress 0587,Dress,79,3.88,215,246,2499,15,Medium,41,1
P0588,Hoodie 0588,Hoodie,65,1.26,299,181,1499,20,Low,25,1
P0589,Jacket 0589,Jacket,33,3.55,41,346,999,10,Medium,65,0
P0590,Shoes 0590,Shoes,118,3.23,93,234,1299,0,Low,7,1
P0591,T-Shirt 0591,T-Shirt,7,0.86,259,259,2499,30,High,72,1
P0592,Accessories 0592,Accessories,12,9.79,218,117,2499,30,Low,65,0
P0593,Shoes 0593,Shoes,105,2.03,18,247,1999,10,Medium,77,1
P0594,Jacket 0594,Jacket,7,0.89,196,230,2499,20,Medium,19,1
P0595,Jacket 0595,Jacket,93,2.33,299,304,2499,20,Medium,65,1
P0596,Jacket 0596,Jacket,95,2.71,186,58,799,5,Low,67,1
P0597,Shoes 0597,Shoes,99,3.16,134,227,2499,20,High,98,1
P0598,Shirt 0598,Shirt,110,2.68,228,310,1999,10,Medium,54,1
P0599,Jacket 0599,Jacket,93,3.3,47,294,3999,40,High,77,1
P0600,Dress 0600,Dress,64,3.73,185,158,4999,50,High,84,0
P0601,Shoes 0601,Shoes,42,3.59,173,124,2499,40,Medium,78,0
P0602,Accessories 0602,Accessories,38,4.45,268,285,1499,0,High,38,0
P0603,Jacket 0603,Jacket,80,4.65,100,141,1299,0,High,49,1
P0604,Dress 0604,Dress,58,4.73,207,215,799,5,High,19,1
P0605,Shirt 0605,Shirt,83,5.59,72,133,2999,30,High,69,0
P0606,Hoodie 0606,Hoodie,87,1.85,96,299,1999,10,High,27,1
P0607,Shirt 0607,Shirt,113,1.9,270,13,1499,50,Medium,42,1
P0608,Accessories 0608,Accessories,85,6.78,182,228,4999,20,Low,65,1
P0609,Jacket 0609,Jacket,92,2.39,155,83,2999,15,High,27,1
P0610,Accessories 0610,Accessories,85,3.02,51,344,3999,0,Medium,97,1
P0611,Shoes 0611,Shoes,43,2.82,7,357,1499,10,Low,77,0
P0612,Jeans 0612,Jeans,8,13.34,107,284,3999,40,Medium,72,0
P0613,Jacket 0613,Jacket,36,1.58,277,340,1499,5,Medium,22,1
P0614,Jeans 0614,Jeans,73,1.55,26,344,799,15,Medium,34,1
P0615,Dress 0615,Dress,35,3.31,120,233,3999,30,Low,21,0
P0616,Hoodie 0616,Hoodie,100,2.88,108,281,799,10,Low,4,1
P0617,T-Shirt 0617,T-Shirt,91,1.18,263,357,1299,50,Medium,59,1
P0618,Accessories 0618,Accessories,27,3.1,134,301,2999,20,Medium,40,1
P0619,Shirt 0619,Shirt,41,3.37,299,123,1299,30,Medium,28,1
P0620,Hoodie 0620,Hoodie,42,2.19,52,298,3999,40,High,34,0
P0621,Jacket 0621,Jacket,84,2.96,31,277,1999,0,High,97,0
P0622,Jeans 0622,Jeans,87,1.72,19,163,1299,40,Low,67,0
P0623,Shirt 0623,Shirt,41,1.19,267,66,1999,20,Low,44,1
P0624,Jeans 0624,Jeans,103,2.37,269,190,1999,5,Medium,8,1
P0625,Shoes 0625,Shoes,65,1.37,138,150,3999,0,Medium,50,1
P0626,Jeans 0626,Jeans,54,0.98,80,167,4999,15,Low,13,1
P0627,Shoes 0627,Shoes,71,0.47,34,95,2499,0,Medium,68,1
P0628,Dress 0628,Dress,47,3.93,130,22,1299,40,High,55,0
P0629,Shirt 0629,Shirt,90,2.31,88,255,999,20,High,90,0
P0630,Shirt 0630,Shirt,21,6.81,58,104,1299,30,Medium,10,0
P0631,T-Shirt 0631,T-Shirt,100,2.47,287,110,4999,10,Low,29,1
P0632,Jacket 0632,Jacket,26,3.92,267,306,2999,40,Low,100,0
P0633,Shoes 0633,Shoes,120,1.95,226,241,4999,10,Low,38,1
P0634,T-Shirt 0634,T-Shirt,92,3.23,6,313,2499,10,Low,97,0
P0635,Jeans 0635,Jeans,66,0.48,150,280,3999,50,Medium,23,1
P0636,Jeans 0636,Jeans,107,2.34,22,267,4999,40,Medium,79,1
P0637,T-Shirt 0637,T-Shirt,12,1.59,20,245,1299,40,Low,57,0
P0638,Shirt 0638,Shirt,44,6.34,163,268,2999,40,High,29,0
P0639,Jeans 0639,Jeans,9,3.73,213,338,4999,5,Medium,23,1
P0640,Accessories 0640,Accessories,99,5.75,209,121,999,5,Medium,66,1
P0641,Dress 0641,Dress,8,7.31,117,274,2999,10,High,28,0
P0642,Dress 0642,Dress,53,2.19,182,18,1999,15,Medium,41,1
P0643,Accessories 0643,Accessories,119,3.62,213,79,3999,20,High,75,1
P0644,T-Shirt 0644,T-Shirt,118,1.25,128,311,1499,15,Low,61,1
P0645,Accessories 0645,Accessories,26,4.35,19,184,799,40,Low,26,1
P0646,Shoes 0646,Shoes,33,4.81,49,266,3999,40,Medium,28,1
P0647,Shoes 0647,Shoes,114,4.14,98,265,2499,50,Medium,65,1
P0648,T-Shirt 0648,T-Shirt,0,2.19,111,276,3999,10,Low,56,0
P0649,Accessories 0649,Accessories,31,10.39,282,326,1299,20,Medium,60,0
P0650,Shoes 0650,Shoes,88,3.37,132,126,3999,5,Low,28,1
P0651,Shirt 0651,Shirt,92,1.26,42,175,3999,0,Medium,56,1
P0652,Accessories 0652,Accessories,70,5.14,101,74,799,0,Medium,72,0
P0653,Shirt 0653,Shirt,112,6.47,202,65,1499,20,Medium,54,0
P0654,Shoes 0654,Shoes,66,1.28,196,136,2999,15,Medium,43,1
P0655,Dress 0655,Dress,83,2.71,11,272,799,50,High,27,1
P0656,Shoes 0656,Shoes,19,0.87,48,81,1299,20,Medium,36,0
P0657,Shirt 0657,Shirt,116,7.5,11,96,1299,15,High,22,1
P0658,Hoodie 0658,Hoodie,93,3.08,198,363,2499,40,Low,76,1
P0659,Jacket 0659,Jacket,34,1.6,5,160,1999,30,Medium,68,0
P0660,Jeans 0660,Jeans,98,6.53,66,224,2999,15,Medium,95,0
P0661,Accessories 0661,Accessories,112,3.3,93,34,1299,50,High,91,1
P0662,Hoodie 0662,Hoodie,102,5.93,22,136,799,0,High,57,1
P0663,Shoes 0663,Shoes,90,4.55,112,72,1299,5,High,78,0
P0664,Dress 0664,Dress,89,1.41,139,150,3999,10,Low,87,1
P0665,T-Shirt 0665,T-Shirt,77,2.13,71,319,1999,40,High,31,1
P0666,Shoes 0666,Shoes,16,1.64,97,283,1299,5,Low,84,0
P0667,Dress 0667,Dress,17,1.18,142,109,3999,10,Low,68,0
P0668,Jacket 0668,Jacket,44,0.65,193,320,2499,30,Low,100,1
P0669,Shoes 0669,Shoes,115,11.76,63,43,1299,0,Medium,35,0
P0670,Shirt 0670,Shirt,92,4.09,191,255,1999,40,Medium,91,0
P0671,T-Shirt 0671,T-Shirt,83,4.53,239,162,799,10,Low,31,1
P0672,Dress 0672,Dress,52,7.02,73,138,2499,30,Low,58,0
P0673,Dress 0673,Dress,90,2.11,102,53,4999,40,Medium,59,0
P0674,Dress 0674,Dress,81,0.94,12,201,2999,15,High,86,1
P0675,Jacket 0675,Jacket,67,5.57,138,109,3999,20,Medium,79,0
P0676,Shoes 0676,Shoes,64,1.1,60,334,2499,40,Medium,73,1
P0677,Jacket 0677,Jacket,113,5.48,118,177,1999,40,Medium,92,1
P0678,Accessories 0678,Accessories,0,0.8,92,95,2499,10,High,26,0
P0679,Jeans 0679,Jeans,57,1.02,142,252,2999,5,High,98,1
P0680,Jeans 0680,Jeans,25,1.94,112,64,4999,0,Medium,23,0
P0681,Accessories 0681,Accessories,108,5.34,27,111,3999,0,Medium,86,1
P0682,Shoes 0682,Shoes,19,9.5,148,186,1999,40,High,66,0
P0683,Shirt 0683,Shirt,115,4.53,148,75,2999,40,High,35,1
P0684,Jacket 0684,Jacket,86,2.0,60,308,3999,30,Low,13,0
P0685,T-Shirt 0685,T-Shirt,9,6.28,112,159,799,20,Medium,67,0
P0686,Dress 0686,Dress,58,0.77,10,31,3999,15,High,43,1
P0687,Dress 0687,Dress,74,1.48,34,41,2999,40,Medium,47,0
P0688,Shoes 0688,Shoes,40,3.54,131,21,999,15,Medium,31,0
P0689,Shirt 0689,Shirt,104,5.7,125,112,999,50,Medium,83,1
P0690,Jeans 0690,Jeans,4,2.82,103,224,2499,0,Low,16,0
P0691,Jeans 0691,Jeans,64,2.59,170,80,1299,15,Medium,92,0
P0692,Dress 0692,Dress,16,2.71,245,350,799,40,High,56,1
P0693,Shoes 0693,Shoes,21,6.98,54,291,3999,40,Medium,38,0
P0694,Jacket 0694,Jacket,97,1.73,272,44,2999,30,High,31,1
P0695,Jeans 0695,Jeans,119,1.39,77,203,1499,20,High,67,1
P0696,Jacket 0696,Jacket,108,2.68,56,286,799,0,Medium,87,1
P0697,Shirt 0697,Shirt,40,7.64,269,281,999,15,High,1,1
P0698,Jeans 0698,Jeans,92,1.91,231,180,4999,10,Low,77,1
P0699,Jeans 0699,Jeans,67,2.71,197,311,1499,10,Medium,41,0
P0700,Hoodie 0700,Hoodie,68,0.76,243,50,1299,30,Medium,37,1
P0701,Jeans 0701,Jeans,10,2.8,14,160,3999,15,Medium,54,0
P0702,Accessories 0702,Accessories,55,3.94,232,159,1499,10,Low,54,1
P0703,T-Shirt 0703,T-Shirt,50,1.1,297,297,2999,20,Low,33,1
P0704,Accessories 0704,Accessories,20,6.99,56,148,1999,5,Low,45,0
P0705,Shoes 0705,Shoes,98,3.91,244,262,1999,20,Medium,42,1
P0706,Shoes 0706,Shoes,75,2.17,103,318,2499,30,High,1,1
P0707,Jacket 0707,Jacket,25,3.93,85,140,1499,20,High,35,0
P0708,Accessories 0708,Accessories,114,4.72,17,38,999,15,Low,69,1
P0709,Accessories 0709,Accessories,18,0.55,132,32,2499,40,Medium,35,1
P0710,Accessories 0710,Accessories,108,4.04,15,261,1999,20,Low,21,1
P0711,Shirt 0711,Shirt,59,7.46,85,229,1299,15,Medium,68,0
P0712,Jeans 0712,Jeans,70,1.71,265,62,1499,0,High,37,1
P0713,T-Shirt 0713,T-Shirt,46,2.21,10,299,1299,15,High,53,0
P0714,Jacket 0714,Jacket,118,2.51,226,131,1299,30,Low,21,1
P0715,Accessories 0715,Accessories,70,5.75,85,236,1499,15,Low,74,0
P0716,Accessories 0716,Accessories,25,1.29,7,59,999,0,Low,30,0
P0717,Hoodie 0717,Hoodie,39,4.56,64,107,1499,40,Medium,52,0
P0718,Jacket 0718,Jacket,4,2.55,225,340,999,5,High,92,0
P0719,Accessories 0719,Accessories,20,9.8,53,298,3999,30,Medium,58,0
P0720,Jacket 0720,Jacket,77,2.67,232,363,1999,50,High,96,1
P0721,Jeans 0721,Jeans,3,0.27,294,273,2999,0,Medium,85,1
P0722,Hoodie 0722,Hoodie,22,5.18,297,289,1499,15,Low,48,0
P0723,Jacket 0723,Jacket,105,4.4,197,8,2499,30,Low,26,1
P0724,T-Shirt 0724,T-Shirt,83,3.78,261,28,1499,10,Low,71,1
P0725,T-Shirt 0725,T-Shirt,14,7.32,107,72,2499,15,High,56,0
P0726,Shoes 0726,Shoes,113,0.65,150,218,799,0,High,5,1
P0727,Hoodie 0727,Hoodie,115,1.5,294,242,2499,50,High,45,1
P0728,Hoodie 0728,Hoodie,108,3.22,261,23,2499,50,Low,24,1
P0729,Shoes 0729,Shoes,92,3.64,282,20,999,15,High,97,0
P0730,Jacket 0730,Jacket,7,2.87,193,13,4999,40,Low,8,0
P0731,Hoodie 0731,Hoodie,40,0.77,182,341,2499,0,Low,63,1
P0732,T-Shirt 0732,T-Shirt,111,2.22,20,228,2999,20,Medium,99,1
P0733,T-Shirt 0733,T-Shirt,18,9.35,90,110,999,5,Medium,30,0
P0734,Accessories 0734,Accessories,111,1.23,252,7,999,5,High,18,1
P0735,Jeans 0735,Jeans,102,3.16,221,293,999,50,Medium,64,1
P0736,Hoodie 0736,Hoodie,45,4.58,46,253,4999,30,Low,87,0
P0737,Jacket 0737,Jacket,27,5.63,198,97,1299,0,Low,97,0
P0738,Shoes 0738,Shoes,109,5.17,167,320,1499,50,Low,16,1
P0739,Shoes 0739,Shoes,120,2.09,280,318,799,5,Low,33,1
P0740,Jacket 0740,Jacket,90,1.49,134,220,799,10,Low,98,1
P0741,Shirt 0741,Shirt,67,9.85,267,49,1499,30,Medium,35,1
P0742,Dress 0742,Dress,14,6.02,181,80,999,10,Low,12,1
P0743,Jeans 0743,Jeans,98,3.39,269,248,3999,5,High,58,1
P0744,Shoes 0744,Shoes,36,8.18,31,55,1499,0,Medium,88,0
P0745,Hoodie 0745,Hoodie,0,0.94,89,322,1299,30,Medium,75,0
P0746,Jeans 0746,Jeans,66,0.28,200,228,1299,10,Medium,20,1
P0747,Hoodie 0747,Hoodie,110,3.61,247,356,2499,40,Medium,100,1
P0748,Shirt 0748,Shirt,23,3.73,181,150,2499,5,Medium,64,0
P0749,T-Shirt 0749,T-Shirt,26,0.86,134,335,2499,15,Low,5,1
P0750,Jeans 0750,Jeans,39,5.87,149,215,2499,10,High,10,1
P0751,Accessories 0751,Accessories,62,0.45,87,105,3999,20,Low,79,1
P0752,Shoes 0752,Shoes,60,4.2,92,194,3999,30,High,21,1
P0753,Jeans 0753,Jeans,35,4.91,24,120,4999,10,Low,10,0
P0754,Jeans 0754,Jeans,97,3.57,234,181,799,30,High,36,1
P0755,Jeans 0755,Jeans,92,0.74,130,277,3999,5,Medium,25,1
P0756,Dress 0756,Dress,23,7.27,55,69,1999,50,Medium,56,0
P0757,Jeans 0757,Jeans,23,2.15,92,290,1299,5,Low,25,0
P0758,Hoodie 0758,Hoodie,105,2.16,174,231,1299,30,Low,20,1
P0759,T-Shirt 0759,T-Shirt,3,1.82,67,167,2499,5,High,56,0
P0760,Shirt 0760,Shirt,66,5.29,93,42,3999,0,High,25,1
P0761,Jacket 0761,Jacket,33,2.07,193,147,999,30,Medium,14,1
P0762,Jeans 0762,Jeans,56,1.12,194,324,4999,0,Medium,62,1
P0763,Shoes 0763,Shoes,48,6.34,93,202,1999,30,Low,34,0
P0764,Jeans 0764,Jeans,86,3.1,30,157,1999,15,Medium,10,1
P0765,Shoes 0765,Shoes,52,6.49,180,275,799,15,Low,72,0
P0766,Hoodie 0766,Hoodie,119,3.28,268,350,2499,10,Low,86,1
P0767,Shoes 0767,Shoes,115,1.71,46,46,1999,5,Medium,67,0
P0768,Accessories 0768,Accessories,22,0.53,123,244,2999,50,Medium,93,0
P0769,Jacket 0769,Jacket,108,3.62,173,228,2999,15,Low,91,1
P0770,T-Shirt 0770,T-Shirt,68,2.52,112,287,1499,5,Low,88,1
P0771,Shoes 0771,Shoes,94,5.44,151,231,1999,10,Medium,85,0
P0772,Shoes 0772,Shoes,52,1.99,180,160,3999,0,Low,88,1
P0773,T-Shirt 0773,T-Shirt,61,4.3,193,286,999,15,High,89,0
P0774,Jacket 0774,Jacket,40,3.18,164,359,799,50,Medium,49,0
P0775,Jeans 0775,Jeans,56,1.58,78,45,2499,20,Low,28,1
P0776,Shoes 0776,Shoes,120,2.12,22,223,1499,50,High,63,1
P0777,T-Shirt 0777,T-Shirt,59,0.92,144,250,1299,20,Medium,40,1
P0778,Accessories 0778,Accessories,53,10.3,119,115,2999,20,Medium,95,0
P0779,Accessories 0779,Accessories,69,4.23,229,67,3999,40,Medium,25,1
P0780,Hoodie 0780,Hoodie,100,0.86,50,204,1499,20,Low,27,1
P0781,T-Shirt 0781,T-Shirt,56,9.96,42,282,2499,20,Medium,83,0
P0782,Hoodie 0782,Hoodie,9,1.21,210,178,999,20,Medium,47,0
P0783,Accessories 0783,Accessories,39,1.96,13,278,3999,20,Medium,65,1
P0784,Jacket 0784,Jacket,6,2.67,257,277,2499,15,Medium,22,1
P0785,Jeans 0785,Jeans,102,3.24,112,48,4999,20,Medium,38,1
P0786,T-Shirt 0786,T-Shirt,37,5.34,102,195,2499,50,High,68,0
P0787,Shirt 0787,Shirt,84,0.4,279,266,2499,30,Medium,20,1
P0788,Accessories 0788,Accessories,60,3.28,75,158,999,30,Medium,85,0
P0789,Accessories 0789,Accessories,83,2.56,43,137,1999,20,Medium,48,1
P0790,Shirt 0790,Shirt,2,3.67,94,120,4999,40,Low,74,0
P0791,Dress 0791,Dress,50,2.46,223,228,799,10,High,93,1
P0792,Accessories 0792,Accessories,85,2.2,111,60,1499,15,High,91,1
P0793,Shoes 0793,Shoes,46,2.91,100,344,1299,50,Low,35,1
P0794,Jacket 0794,Jacket,67,9.6,36,302,799,30,High,80,0
P0795,T-Shirt 0795,T-Shirt,91,2.24,130,48,799,50,Medium,84,1
P0796,Shirt 0796,Shirt,75,7.05,151,99,799,10,Medium,36,0
P0797,Shoes 0797,Shoes,37,3.55,284,266,799,5,Low,99,0
P0798,Shirt 0798,Shirt,114,3.43,28,287,999,20,Medium,88,1
P0799,T-Shirt 0799,T-Shirt,35,3.69,213,362,1999,50,Medium,87,1
P0800,Hoodie 0800,Hoodie,110,4.57,124,198,999,0,Low,93,1
P0801,T-Shirt 0801,T-Shirt,40,2.38,278,131,1499,50,Medium,41,0
P0802,Dress 0802,Dress,68,6.73,144,302,4999,40,High,61,1
P0803,T-Shirt 0803,T-Shirt,12,4.57,86,354,1299,50,Medium,98,0
P0804,T-Shirt 0804,T-Shirt,86,1.01,212,347,999,40,Medium,84,1
P0805,Dress 0805,Dress,57,0.27,37,41,1499,40,Medium,5,1
P0806,Jacket 0806,Jacket,49,9.4,28,53,4999,20,Low,84,0
P0807,Accessories 0807,Accessories,29,3.78,65,159,1499,50,High,7,0
P0808,T-Shirt 0808,T-Shirt,61,0.89,193,244,1999,20,High,68,1
P0809,Dress 0809,Dress,100,2.23,88,11,1499,10,Medium,39,1
P0810,Shoes 0810,Shoes,24,6.01,229,131,3999,40,Low,9,1
P0811,Hoodie 0811,Hoodie,111,2.78,172,334,1499,40,Low,30,1
P0812,Hoodie 0812,Hoodie,26,2.98,190,93,999,40,Low,29,0
P0813,T-Shirt 0813,T-Shirt,50,5.27,76,9,1499,5,Medium,50,0
P0814,Jacket 0814,Jacket,77,4.05,78,171,999,10,Low,84,1
P0815,Jacket 0815,Jacket,56,4.81,157,229,4999,15,Medium,35,1
P0816,Shoes 0816,Shoes,111,5.23,100,355,3999,40,Medium,60,1
P0817,T-Shirt 0817,T-Shirt,46,1.75,57,303,4999,5,Low,26,1
P0818,Hoodie 0818,Hoodie,117,1.9,178,349,1499,50,Medium,34,1
P0819,Jacket 0819,Jacket,99,1.58,114,347,799,30,Low,59,1
P0820,T-Shirt 0820,T-Shirt,38,1.99,55,31,1299,5,High,31,1
P0821,Shirt 0821,Shirt,15,2.89,257,45,2999,50,Medium,89,0
P0822,Jacket 0822,Jacket,119,3.06,77,111,799,5,Medium,3,1
P0823,Dress 0823,Dress,21,8.01,216,11,3999,10,Low,90,0
P0824,Shirt 0824,Shirt,84,3.91,216,142,4999,20,High,99,1
P0825,Accessories 0825,Accessories,53,2.94,255,10,3999,20,Medium,100,1
P0826,Jacket 0826,Jacket,20,1.28,172,175,1999,20,Medium,26,0
P0827,Hoodie 0827,Hoodie,71,2.5,267,322,4999,50,Low,46,1
P0828,Jeans 0828,Jeans,112,9.87,234,316,1499,50,Medium,5,1
P0829,Shirt 0829,Shirt,15,9.77,243,84,4999,50,Low,81,0
P0830,Accessories 0830,Accessories,58,2.48,279,25,799,20,High,25,1
P0831,Shoes 0831,Shoes,118,0.61,147,211,1299,20,High,23,1
P0832,Shoes 0832,Shoes,30,2.22,74,361,1499,15,Medium,70,0
P0833,Hoodie 0833,Hoodie,41,8.07,178,330,799,0,High,43,1
P0834,Jacket 0834,Jacket,73,2.91,113,39,2499,30,Low,13,1
P0835,T-Shirt 0835,T-Shirt,31,5.27,207,156,1499,5,Low,12,0
P0836,Jacket 0836,Jacket,58,3.17,189,199,1499,0,Low,25,1
P0837,Hoodie 0837,Hoodie,33,0.82,295,145,799,15,Low,42,1
P0838,Shoes 0838,Shoes,8,3.26,96,278,1999,40,High,42,0
P0839,Jacket 0839,Jacket,80,5.76,263,202,4999,40,Low,65,0
P0840,Shoes 0840,Shoes,10,1.97,210,133,2499,20,High,86,0
P0841,Shirt 0841,Shirt,95,5.66,56,355,3999,40,High,27,1
P0842,Accessories 0842,Accessories,9,3.42,185,237,1499,15,Medium,0,0
P0843,T-Shirt 0843,T-Shirt,85,5.45,7,50,4999,30,Low,95,0
P0844,Shirt 0844,Shirt,120,4.09,88,236,2999,30,Low,11,1
P0845,Shoes 0845,Shoes,16,1.36,218,222,2999,15,Low,49,1
P0846,Shoes 0846,Shoes,67,2.52,38,250,3999,40,Medium,52,1
P0847,Jeans 0847,Jeans,47,2.46,54,15,999,0,Medium,59,0
P0848,Jeans 0848,Jeans,51,1.89,293,256,2499,5,Medium,54,1
P0849,Shirt 0849,Shirt,110,3.86,263,206,2999,10,High,34,1
P0850,Dress 0850,Dress,24,11.04,262,340,1299,10,Medium,60,0
P0851,Shirt 0851,Shirt,20,6.73,276,85,3999,30,Low,25,1
P0852,Jeans 0852,Jeans,100,7.35,186,251,799,5,High,30,1
P0853,Shoes 0853,Shoes,101,1.79,37,196,799,20,Medium,56,1
P0854,Hoodie 0854,Hoodie,112,7.43,269,92,1299,15,Low,11,1
P0855,Shirt 0855,Shirt,64,9.1,44,277,2499,40,High,92,0
P0856,Shoes 0856,Shoes,62,1.74,214,268,2999,20,High,4,1
P0857,Hoodie 0857,Hoodie,88,4.42,276,7,999,30,High,98,1
P0858,Hoodie 0858,Hoodie,50,4.51,140,26,2499,50,Low,6,1
P0859,Jeans 0859,Jeans,35,2.67,91,136,1999,15,Medium,15,0
P0860,Shirt 0860,Shirt,80,3.63,64,332,2499,10,Low,95,0
P0861,Jacket 0861,Jacket,104,4.66,168,264,799,50,High,51,1
P0862,T-Shirt 0862,T-Shirt,87,2.81,7,137,2999,30,Low,80,1
P0863,Jeans 0863,Jeans,65,6.52,19,13,3999,30,Low,20,0
P0864,Jeans 0864,Jeans,103,1.01,106,346,2999,5,High,26,1
P0865,Jacket 0865,Jacket,14,2.45,259,247,4999,0,High,78,1
P0866,T-Shirt 0866,T-Shirt,95,5.34,229,198,799,30,Medium,22,1
P0867,Shoes 0867,Shoes,38,10.29,214,316,4999,0,Low,71,0
P0868,Dress 0868,Dress,69,6.8,27,303,1299,5,Medium,24,1
P0869,Shirt 0869,Shirt,0,3.58,239,121,999,30,High,10,0
P0870,Dress 0870,Dress,110,2.92,135,108,2499,50,Medium,62,0
P0871,Shoes 0871,Shoes,22,2.56,162,344,1999,40,Low,56,0
P0872,Accessories 0872,Accessories,38,2.57,177,325,1499,30,Low,84,1
P0873,Jeans 0873,Jeans,56,0.53,21,7,1499,50,High,53,1
P0874,T-Shirt 0874,T-Shirt,80,10.02,189,31,3999,50,Medium,9,1
P0875,Jeans 0875,Jeans,33,3.09,188,215,1299,10,Medium,49,1
P0876,Hoodie 0876,Hoodie,40,1.65,147,149,799,15,Medium,72,0
P0877,Jeans 0877,Jeans,92,4.37,48,203,1999,50,Medium,0,1
P0878,Jeans 0878,Jeans,72,1.76,16,151,3999,40,High,85,1
P0879,Shoes 0879,Shoes,12,6.1,12,155,1299,0,Medium,69,0
P0880,Shoes 0880,Shoes,69,1.69,84,187,999,10,Medium,29,1
P0881,Shoes 0881,Shoes,5,5.51,166,61,799,40,Low,54,0
P0882,Dress 0882,Dress,83,2.53,220,144,1499,30,Low,97,1
P0883,Hoodie 0883,Hoodie,51,3.97,252,215,999,5,High,76,1
P0884,Accessories 0884,Accessories,116,5.8,33,191,3999,20,High,85,1
P0885,Accessories 0885,Accessories,2,2.09,276,71,4999,10,Medium,5,1
P0886,Shoes 0886,Shoes,80,5.71,137,43,799,10,Low,23,0
P0887,T-Shirt 0887,T-Shirt,62,0.55,9,118,999,20,Low,84,1
P0888,Dress 0888,Dress,48,8.64,248,269,2499,30,High,86,0
P0889,Jacket 0889,Jacket,75,6.39,34,82,2999,10,Low,4,0
P0890,T-Shirt 0890,T-Shirt,111,3.01,121,302,999,0,High,6,1
P0891,Shirt 0891,Shirt,46,7.18,182,184,3999,30,Low,2,1
P0892,Shirt 0892,Shirt,108,6.68,265,260,4999,50,High,12,1
P0893,T-Shirt 0893,T-Shirt,54,3.22,239,7,3999,0,High,53,1
P0894,Shoes 0894,Shoes,63,3.19,145,154,4999,0,Low,62,1
P0895,Jacket 0895,Jacket,64,1.47,54,165,2499,10,High,75,1
P0896,Jacket 0896,Jacket,80,3.35,274,330,2999,50,Low,5,1
P0897,Dress 0897,Dress,66,0.79,112,274,2499,30,Low,97,0
P0898,Jacket 0898,Jacket,89,5.47,50,156,2999,50,Medium,78,1
P0899,Shirt 0899,Shirt,14,5.55,86,135,1299,10,Medium,46,0
P0900,Hoodie 0900,Hoodie,99,0.56,130,132,1499,10,Medium,81,1
P0901,Shoes 0901,Shoes,31,8.1,88,7,4999,30,Medium,54,0
P0902,Jacket 0902,Jacket,95,1.94,294,123,1299,30,Low,48,1
P0903,Dress 0903,Dress,67,17.24,75,155,999,30,Low,56,0
P0904,Shirt 0904,Shirt,17,3.82,179,275,2999,40,Medium,2,0
P0905,Hoodie 0905,Hoodie,112,8.15,95,195,2499,30,Medium,21,1
P0906,Jeans 0906,Jeans,82,1.43,253,147,1299,5,Medium,34,1
P0907,Jeans 0907,Jeans,42,2.53,136,111,2499,30,Medium,27,0
P0908,Hoodie 0908,Hoodie,115,2.08,173,258,2999,20,High,41,1
P0909,Shirt 0909,Shirt,34,0.77,64,287,2499,30,Medium,11,1
P0910,Dress 0910,Dress,103,1.01,245,350,799,10,Low,0,1
P0911,Hoodie 0911,Hoodie,77,2.92,194,107,799,20,Medium,99,0
P0912,Shoes 0912,Shoes,57,4.27,285,288,4999,40,Medium,93,0
P0913,Shoes 0913,Shoes,32,1.29,236,364,2499,15,Medium,22,1
P0914,Jeans 0914,Jeans,13,2.4,293,169,999,0,Medium,100,1
P0915,Jacket 0915,Jacket,33,1.76,279,209,799,5,Medium,27,1
P0916,Dress 0916,Dress,60,3.07,19,106,999,20,Low,68,1
P0917,Jeans 0917,Jeans,118,5.18,45,287,3999,40,Medium,35,1
P0918,Jacket 0918,Jacket,3,3.49,212,263,1999,0,Low,53,0
P0919,Jacket 0919,Jacket,87,2.0,64,100,2999,50,Medium,46,0
P0920,Accessories 0920,Accessories,58,6.53,244,330,2999,5,Medium,55,0
P0921,Shoes 0921,Shoes,28,4.17,100,285,999,30,Medium,9,0
P0922,Shirt 0922,Shirt,82,3.56,282,233,1499,50,Medium,4,1
P0923,T-Shirt 0923,T-Shirt,5,1.31,164,156,999,40,Low,13,1
P0924,Shirt 0924,Shirt,120,6.07,286,357,2999,0,High,23,1
P0925,T-Shirt 0925,T-Shirt,96,4.47,213,68,1999,40,Medium,62,1
P0926,Hoodie 0926,Hoodie,48,4.64,137,135,799,10,Medium,27,0
P0927,Shoes 0927,Shoes,39,2.7,101,193,999,10,Low,20,1
P0928,Jacket 0928,Jacket,82,2.33,223,74,2499,30,Low,75,0
P0929,Dress 0929,Dress,116,10.05,75,36,1499,0,Medium,19,1
P0930,T-Shirt 0930,T-Shirt,64,2.31,278,310,2999,30,Medium,61,1
P0931,Shirt 0931,Shirt,68,1.08,138,281,999,30,Low,95,0
P0932,Jacket 0932,Jacket,26,3.7,70,133,999,5,Medium,50,0
P0933,T-Shirt 0933,T-Shirt,79,3.2,131,219,2499,0,Medium,39,1
P0934,T-Shirt 0934,T-Shirt,5,6.73,209,312,3999,15,Medium,84,0
P0935,Accessories 0935,Accessories,103,2.87,121,140,799,30,Medium,80,1
P0936,T-Shirt 0936,T-Shirt,12,5.06,271,225,1999,5,High,64,0
P0937,Dress 0937,Dress,111,8.47,286,325,799,5,Low,27,1
P0938,Shoes 0938,Shoes,63,4.29,153,163,2499,0,Medium,53,0
P0939,Dress 0939,Dress,61,1.37,198,194,2999,20,Low,1,0
P0940,Jeans 0940,Jeans,98,4.37,172,168,2499,40,Medium,80,1
P0941,Jacket 0941,Jacket,18,2.44,183,135,4999,30,Medium,13,1
P0942,Shoes 0942,Shoes,75,3.88,152,310,1299,30,Low,13,1
P0943,Accessories 0943,Accessories,79,3.22,61,95,3999,0,Medium,43,0
P0944,Shoes 0944,Shoes,42,1.06,9,168,1299,20,High,81,0
P0945,Shoes 0945,Shoes,73,2.85,18,42,2999,5,Low,39,1
P0946,Shirt 0946,Shirt,88,1.3,284,233,1999,50,Medium,33,1
P0947,Shoes 0947,Shoes,19,2.17,220,157,799,40,High,64,0
P0948,Accessories 0948,Accessories,94,6.06,179,87,1499,10,Medium,17,1
P0949,Dress 0949,Dress,67,3.41,7,53,4999,30,Medium,33,0
P0950,Shoes 0950,Shoes,43,4.85,141,210,3999,10,High,86,0
P0951,Hoodie 0951,Hoodie,22,3.62,104,154,1299,40,Low,48,0
P0952,Jacket 0952,Jacket,1,2.58,87,237,999,30,Low,79,0
P0953,Shoes 0953,Shoes,119,3.89,284,33,4999,40,High,82,1
P0954,Jacket 0954,Jacket,21,0.65,136,195,799,0,High,100,0
P0955,Hoodie 0955,Hoodie,114,5.48,5,171,4999,30,Low,54,1
P0956,Hoodie 0956,Hoodie,56,1.61,120,218,2999,20,Medium,61,1
P0957,Jacket 0957,Jacket,100,4.64,206,314,999,30,Medium,69,1
P0958,T-Shirt 0958,T-Shirt,71,2.5,144,81,1999,0,High,23,1
P0959,Jeans 0959,Jeans,6,1.06,150,98,999,40,Medium,80,1
P0960,Shirt 0960,Shirt,77,1.86,270,68,1999,15,High,47,1
P0961,T-Shirt 0961,T-Shirt,55,4.66,206,72,2999,0,High,79,0
P0962,T-Shirt 0962,T-Shirt,118,12.22,156,86,1999,0,High,38,1
P0963,Dress 0963,Dress,66,3.06,226,146,999,50,Medium,47,1
P0964,Shirt 0964,Shirt,113,11.28,83,136,1999,50,Medium,69,1
P0965,Shirt 0965,Shirt,15,0.65,204,260,2499,0,Low,79,1
P0966,T-Shirt 0966,T-Shirt,118,2.65,254,326,1999,0,Medium,8,1
P0967,Shoes 0967,Shoes,82,3.07,103,35,999,20,Medium,28,0
P0968,Dress 0968,Dress,50,4.83,217,208,2499,30,Medium,67,1
P0969,Dress 0969,Dress,81,1.92,147,243,2499,20,Medium,59,1
P0970,Hoodie 0970,Hoodie,115,4.16,194,93,999,20,Medium,25,1
P0971,Accessories 0971,Accessories,79,2.76,56,102,1499,15,High,37,1
P0972,Shirt 0972,Shirt,71,7.39,116,293,2999,15,Medium,61,1
P0973,T-Shirt 0973,T-Shirt,96,3.7,139,345,799,30,Low,25,1
P0974,Hoodie 0974,Hoodie,112,16.32,116,295,799,30,Medium,13,1
P0975,Jacket 0975,Jacket,11,2.77,17,258,2499,40,High,98,0
P0976,Jeans 0976,Jeans,52,7.07,277,186,2999,0,High,48,1
P0977,Accessories 0977,Accessories,74,8.61,237,106,1999,20,Low,42,1
P0978,Accessories 0978,Accessories,4,0.17,48,79,3999,15,Medium,87,0
P0979,Accessories 0979,Accessories,26,5.43,77,137,1499,10,High,7,1
P0980,Dress 0980,Dress,11,2.69,265,188,1299,0,Low,39,1
P0981,Jacket 0981,Jacket,16,1.2,235,200,2999,40,Low,24,1
P0982,Accessories 0982,Accessories,5,7.48,37,24,1499,5,Low,62,0
P0983,Jacket 0983,Jacket,96,2.02,72,132,799,20,Medium,3,1
P0984,Shoes 0984,Shoes,4,0.61,20,217,3999,0,Medium,14,0
P0985,Accessories 0985,Accessories,56,3.77,154,13,1999,30,Low,15,1
P0986,Jeans 0986,Jeans,27,8.23,296,120,3999,0,Medium,53,0
P0987,Jacket 0987,Jacket,77,1.22,106,346,3999,5,Low,10,1
P0988,Jacket 0988,Jacket,68,5.93,190,90,1999,30,Medium,27,0
P0989,Jeans 0989,Jeans,117,0.44,29,345,3999,10,Medium,6,1
P0990,Accessories 0990,Accessories,119,8.63,76,108,2999,15,Medium,37,1
P0991,Jeans 0991,Jeans,58,4.35,85,99,1299,15,Low,23,0
P0992,Jacket 0992,Jacket,32,1.1,65,322,1499,5,Medium,94,0
P0993,Jeans 0993,Jeans,61,5.56,22,108,2999,40,Medium,67,0
P0994,Jacket 0994,Jacket,49,2.11,246,257,1499,5,Medium,36,1
P0995,Jacket 0995,Jacket,111,1.48,62,30,2499,40,Medium,34,1
P0996,Shoes 0996,Shoes,104,2.08,61,173,999,40,Medium,5,1
P0997,T-Shirt 0997,T-Shirt,18,5.18,101,146,999,50,Low,32,0
P0998,Jacket 0998,Jacket,85,1.39,219,100,1299,15,Low,95,1
P0999,Accessories 0999,Accessories,68,0.26,16,187,2999,10,Low,98,0
P1000,Hoodie 1000,Hoodie,65,2.17,15,70,1299,50,Medium,80,0
P1001,Dress 1001,Dress,93,7.68,167,10,1299,10,Medium,53,0
P1002,Shirt 1002,Shirt,46,7.62,287,100,1499,0,High,95,1
P1003,T-Shirt 1003,T-Shirt,38,2.07,221,278,2499,5,Medium,13,1
P1004,T-Shirt 1004,T-Shirt,67,2.01,245,289,799,50,High,18,1
P1005,T-Shirt 1005,T-Shirt,32,1.91,49,138,2499,5,Medium,87,0
P1006,Shoes 1006,Shoes,12,1.84,85,78,3999,50,Medium,10,0
P1007,Jacket 1007,Jacket,83,1.95,259,310,3999,5,High,70,1
P1008,Shoes 1008,Shoes,53,3.9,71,87,2499,30,Low,44,0
P1009,Jacket 1009,Jacket,6,7.81,106,180,2499,15,Medium,59,0
P1010,Accessories 1010,Accessories,78,1.39,95,306,1299,50,Low,87,1
P1011,Shoes 1011,Shoes,86,1.64,46,58,999,15,High,57,0
P1012,Shoes 1012,Shoes,13,4.23,280,296,2999,15,Medium,87,0
P1013,Dress 1013,Dress,86,5.39,278,243,3999,10,Low,77,1
P1014,Hoodie 1014,Hoodie,18,0.79,81,283,2499,50,Medium,23,0
P1015,Shoes 1015,Shoes,53,9.78,238,286,1999,15,Low,10,1
P1016,Dress 1016,Dress,92,2.51,206,50,1499,50,High,71,1
P1017,Jeans 1017,Jeans,119,0.87,225,260,799,0,Medium,43,1
P1018,Hoodie 1018,Hoodie,19,0.75,266,365,4999,30,Medium,78,1
P1019,Accessories 1019,Accessories,28,0.7,43,140,1499,15,Medium,65,1
P1020,Shoes 1020,Shoes,23,6.98,15,62,999,50,High,87,0
P1021,Shirt 1021,Shirt,81,3.43,116,20,1499,30,High,44,0
P1022,T-Shirt 1022,T-Shirt,62,7.02,112,184,1999,30,High,73,0
P1023,Jeans 1023,Jeans,73,2.96,98,107,999,10,High,31,1
P1024,Jeans 1024,Jeans,104,6.89,88,186,2999,5,Low,16,1
P1025,Accessories 1025,Accessories,56,2.9,62,263,1299,30,High,53,1
P1026,Dress 1026,Dress,7,4.82,297,274,3999,0,Medium,9,1
P1027,Jeans 1027,Jeans,89,3.11,20,43,1499,10,High,85,0
P1028,Hoodie 1028,Hoodie,61,2.76,97,210,1999,20,Medium,5,0
P1029,Shoes 1029,Shoes,28,1.52,169,265,1299,30,Low,90,1
P1030,Shoes 1030,Shoes,73,5.29,219,161,1999,50,Medium,19,1
P1031,Shirt 1031,Shirt,16,1.22,148,244,4999,40,Low,0,1
P1032,Accessories 1032,Accessories,65,5.29,278,315,999,30,Medium,63,1
P1033,T-Shirt 1033,T-Shirt,5,3.55,142,106,2999,5,Medium,80,0
P1034,Dress 1034,Dress,57,5.39,208,279,3999,15,Low,0,1
P1035,T-Shirt 1035,T-Shirt,68,3.78,214,119,1299,50,High,100,0
P1036,Jeans 1036,Jeans,27,7.41,23,116,1499,50,High,60,0
P1037,Accessories 1037,Accessories,61,4.49,298,149,999,10,High,78,1
P1038,Shirt 1038,Shirt,40,3.61,297,173,4999,20,High,0,1
P1039,T-Shirt 1039,T-Shirt,68,0.22,166,266,1299,10,Medium,80,1
P1040,Hoodie 1040,Hoodie,81,7.61,134,151,4999,15,Medium,45,1
P1041,Shoes 1041,Shoes,89,0.69,48,236,2999,10,Low,59,1
P1042,Jeans 1042,Jeans,83,0.95,87,274,2499,50,High,42,1
P1043,Shirt 1043,Shirt,40,5.75,128,38,1299,20,High,43,0
P1044,T-Shirt 1044,T-Shirt,48,3.34,31,305,2999,10,Medium,37,1
P1045,Dress 1045,Dress,90,0.72,11,225,1299,0,High,1,1
P1046,Hoodie 1046,Hoodie,48,2.01,203,183,2499,0,Medium,81,1
P1047,Hoodie 1047,Hoodie,75,7.34,116,110,3999,15,Medium,11,0
P1048,T-Shirt 1048,T-Shirt,70,3.7,93,242,1999,40,High,92,0
P1049,Shoes 1049,Shoes,2,3.4,132,99,1299,40,Medium,22,0
P1050,T-Shirt 1050,T-Shirt,9,1.8,234,207,2499,20,Medium,8,0
P1051,Jeans 1051,Jeans,97,5.89,22,305,3999,50,Medium,7,1
P1052,T-Shirt 1052,T-Shirt,88,3.03,293,237,1299,20,Medium,49,1
P1053,Hoodie 1053,Hoodie,34,5.14,165,261,1999,20,Medium,79,0
P1054,Shirt 1054,Shirt,79,1.64,285,91,4999,20,Medium,61,1
P1055,T-Shirt 1055,T-Shirt,1,12.26,170,41,1299,20,Medium,22,0
P1056,Shoes 1056,Shoes,23,8.26,264,123,999,40,Medium,92,0
P1057,Accessories 1057,Accessories,73,3.67,194,182,3999,5,Medium,58,1
P1058,Shirt 1058,Shirt,37,4.28,270,282,2999,10,High,9,1
P1059,Dress 1059,Dress,21,2.03,295,91,4999,50,Low,11,1
P1060,Jacket 1060,Jacket,25,5.44,283,123,1499,30,Low,61,1
P1061,T-Shirt 1061,T-Shirt,42,0.29,221,210,1299,20,Low,75,1
P1062,Shoes 1062,Shoes,54,9.68,211,152,1999,40,High,29,0
P1063,Shirt 1063,Shirt,38,5.21,157,221,799,30,Medium,73,0
P1064,Shoes 1064,Shoes,90,1.36,185,111,1999,0,High,77,1
P1065,Dress 1065,Dress,28,9.53,216,355,1299,40,Medium,67,0
P1066,Hoodie 1066,Hoodie,110,11.57,277,303,799,30,Medium,46,0
P1067,Shoes 1067,Shoes,101,4.45,207,362,1299,40,High,83,1
P1068,Shirt 1068,Shirt,19,1.67,209,75,1999,30,Low,40,1
P1069,Shoes 1069,Shoes,90,3.44,157,261,1999,50,Medium,6,1
P1070,Shoes 1070,Shoes,40,4.92,174,237,3999,40,Medium,93,0
P1071,Shoes 1071,Shoes,53,4.19,245,209,799,10,Low,87,1
P1072,Jeans 1072,Jeans,19,1.36,291,254,2999,30,Medium,73,1
P1073,Jeans 1073,Jeans,107,4.86,249,255,1999,15,Low,51,1
P1074,Hoodie 1074,Hoodie,18,7.28,84,150,1299,40,Low,44,0
P1075,T-Shirt 1075,T-Shirt,83,1.07,96,289,1499,50,Medium,37,1
P1076,Shoes 1076,Shoes,98,1.2,153,362,1299,15,High,35,1
P1077,Dress 1077,Dress,110,1.96,34,247,3999,40,Low,80,1
P1078,T-Shirt 1078,T-Shirt,65,2.81,127,347,1499,20,Medium,84,1
P1079,Dress 1079,Dress,29,6.0,33,235,1299,5,Low,57,0
P1080,T-Shirt 1080,T-Shirt,52,7.23,263,37,999,40,Medium,45,1
P1081,Hoodie 1081,Hoodie,33,1.61,190,115,1299,50,Medium,66,0
P1082,Shoes 1082,Shoes,21,3.88,79,33,2999,5,High,64,0
P1083,Shoes 1083,Shoes,66,7.03,49,349,2499,10,High,17,1
P1084,Jacket 1084,Jacket,5,12.72,73,166,1999,5,Low,1,0
P1085,Dress 1085,Dress,78,3.86,214,23,3999,30,Low,3,1
P1086,T-Shirt 1086,T-Shirt,26,4.02,243,273,799,15,Low,95,0
P1087,T-Shirt 1087,T-Shirt,9,4.47,196,135,1299,20,High,82,0
P1088,Accessories 1088,Accessories,72,2.58,107,226,999,0,Medium,83,1
P1089,Accessories 1089,Accessories,96,3.64,245,88,999,30,Low,41,1
P1090,Jeans 1090,Jeans,95,0.4,257,55,799,15,Low,48,1
P1091,Jacket 1091,Jacket,47,2.04,224,47,1999,15,Medium,48,1
P1092,Shirt 1092,Shirt,69,4.81,221,26,1999,10,Low,6,1
P1093,Accessories 1093,Accessories,104,1.52,206,333,1299,30,High,8,1
P1094,Shirt 1094,Shirt,58,6.09,33,43,4999,40,Medium,70,0
P1095,Jeans 1095,Jeans,99,0.59,216,45,2499,50,Medium,26,1
P1096,Jeans 1096,Jeans,58,5.93,158,115,2499,5,Medium,20,1
P1097,Jeans 1097,Jeans,1,5.92,235,70,2499,0,Low,34,0
P1098,Dress 1098,Dress,28,12.86,106,181,999,0,Medium,87,0
P1099,Dress 1099,Dress,67,2.5,181,285,3999,40,Medium,95,0
P1100,Hoodie 1100,Hoodie,64,3.34,185,38,2499,5,Medium,75,0
P1101,Hoodie 1101,Hoodie,82,9.06,236,215,1299,50,Medium,86,1
P1102,Jeans 1102,Jeans,25,8.3,16,25,4999,40,High,35,0
P1103,Jacket 1103,Jacket,88,6.72,190,112,999,20,Low,92,0
P1104,T-Shirt 1104,T-Shirt,9,4.29,253,212,2999,50,Medium,66,0
P1105,Dress 1105,Dress,52,8.9,270,253,1299,5,Medium,42,1
P1106,Jacket 1106,Jacket,78,15.87,139,329,2499,20,Medium,7,1
P1107,Shoes 1107,Shoes,58,5.13,249,173,1999,50,Low,97,1
P1108,Dress 1108,Dress,21,3.46,35,95,2499,0,Medium,77,0
P1109,Dress 1109,Dress,50,5.57,263,322,3999,30,Low,35,0
P1110,Hoodie 1110,Hoodie,47,3.82,108,17,1299,10,Low,47,0
P1111,T-Shirt 1111,T-Shirt,20,2.68,5,55,999,15,Medium,45,0
P1112,T-Shirt 1112,T-Shirt,119,6.11,211,67,3999,50,Medium,31,1
P1113,Accessories 1113,Accessories,21,2.21,139,177,799,30,High,6,0
P1114,Shirt 1114,Shirt,99,5.05,275,149,999,0,Medium,73,1
P1115,Shirt 1115,Shirt,97,0.76,93,213,799,0,Medium,11,1
P1116,Shirt 1116,Shirt,29,9.97,199,207,1999,0,Medium,54,0
P1117,Shirt 1117,Shirt,24,1.71,126,11,3999,50,Medium,22,1
P1118,Shoes 1118,Shoes,108,0.94,120,217,999,15,Low,74,1
P1119,Shoes 1119,Shoes,27,8.11,200,35,1499,20,Low,51,0
P1120,Dress 1120,Dress,64,9.14,40,196,1499,50,Low,12,0
P1121,Jeans 1121,Jeans,112,4.23,71,194,2999,10,Medium,75,1
P1122,Hoodie 1122,Hoodie,44,3.09,137,331,799,30,High,70,0
P1123,Hoodie 1123,Hoodie,67,2.55,285,261,4999,30,High,52,1
P1124,Shirt 1124,Shirt,6,4.06,15,156,1299,50,High,62,0
P1125,Dress 1125,Dress,48,3.23,222,19,2499,10,High,73,0
P1126,Accessories 1126,Accessories,8,2.93,160,163,1999,10,Medium,70,0
P1127,Jacket 1127,Jacket,35,1.55,244,86,1499,20,Low,50,1
P1128,Jeans 1128,Jeans,82,1.17,64,362,4999,30,Medium,57,1
P1129,Dress 1129,Dress,0,3.56,142,279,4999,5,High,26,1
P1130,Jeans 1130,Jeans,9,3.97,54,154,799,5,Medium,6,0
P1131,Jeans 1131,Jeans,35,1.8,171,212,2999,50,Medium,49,0
P1132,Jeans 1132,Jeans,72,2.03,169,120,4999,10,Low,23,1
P1133,Dress 1133,Dress,108,3.96,193,12,1999,0,Medium,86,1
P1134,Shirt 1134,Shirt,45,1.51,96,284,799,50,Medium,24,1
P1135,Hoodie 1135,Hoodie,105,6.9,298,238,3999,0,Medium,43,1
P1136,Hoodie 1136,Hoodie,31,4.91,293,143,1999,15,High,35,0
P1137,Shirt 1137,Shirt,31,1.79,79,166,2499,5,Low,56,0
P1138,Jeans 1138,Jeans,5,4.73,49,350,2999,0,High,96,0
P1139,Jacket 1139,Jacket,47,1.55,57,295,2999,40,Low,36,1
P1140,T-Shirt 1140,T-Shirt,37,5.94,179,211,2999,10,High,51,1
P1141,Dress 1141,Dress,16,1.61,165,332,799,15,Medium,62,1
P1142,T-Shirt 1142,T-Shirt,73,3.05,71,311,2999,5,Medium,6,1
P1143,Accessories 1143,Accessories,113,3.73,274,164,1299,15,Low,93,1
P1144,Shirt 1144,Shirt,26,9.05,128,364,1999,0,Medium,59,0
P1145,Jacket 1145,Jacket,53,1.7,186,112,1999,10,High,94,1
P1146,Dress 1146,Dress,49,1.64,186,88,3999,40,Low,36,1
P1147,Shirt 1147,Shirt,34,0.81,40,348,2999,10,Low,20,1
P1148,Jeans 1148,Jeans,115,10.86,216,276,2999,10,Medium,97,1
P1149,Hoodie 1149,Hoodie,84,3.42,138,55,2499,0,Low,45,1
P1150,T-Shirt 1150,T-Shirt,24,7.01,182,212,2999,40,Low,20,0
P1151,Shoes 1151,Shoes,27,2.07,170,224,2999,50,Medium,83,0
P1152,Shoes 1152,Shoes,110,2.23,50,312,1999,40,Low,97,1
P1153,Jacket 1153,Jacket,14,3.22,160,170,1999,20,Medium,71,0
P1154,Jeans 1154,Jeans,3,3.29,240,285,1499,30,High,95,0
P1155,Accessories 1155,Accessories,92,5.43,64,328,1499,30,Medium,51,1
P1156,T-Shirt 1156,T-Shirt,72,3.5,9,237,1999,10,Low,93,0
P1157,Jeans 1157,Jeans,26,2.46,185,205,4999,30,Medium,28,1
P1158,T-Shirt 1158,T-Shirt,25,10.99,149,220,2499,20,Medium,68,0
P1159,Jacket 1159,Jacket,18,1.53,269,290,3999,10,Medium,93,1
P1160,Jacket 1160,Jacket,119,1.71,227,282,4999,20,Medium,75,1
P1161,Accessories 1161,Accessories,91,1.55,241,191,1499,5,High,38,1
P1162,Shoes 1162,Shoes,16,5.58,17,216,2999,30,Medium,26,0
P1163,Jeans 1163,Jeans,42,4.63,272,127,1999,40,Low,76,0
P1164,Dress 1164,Dress,120,2.94,270,222,1499,5,Medium,9,1
P1165,Shoes 1165,Shoes,40,1.48,20,103,2999,10,Medium,35,0
P1166,Jeans 1166,Jeans,41,3.72,96,125,1299,40,High,94,0
P1167,Shoes 1167,Shoes,49,6.13,252,288,799,15,High,15,1
P1168,Dress 1168,Dress,83,9.3,23,112,2999,50,Medium,35,0
P1169,Hoodie 1169,Hoodie,108,1.99,107,324,4999,15,Medium,89,1
P1170,Hoodie 1170,Hoodie,39,2.93,99,148,999,0,Medium,83,0
P1171,Accessories 1171,Accessories,38,4.6,287,329,2999,5,Medium,33,1
P1172,Hoodie 1172,Hoodie,112,2.44,217,274,999,5,Low,36,1
P1173,Hoodie 1173,Hoodie,116,0.95,41,297,1299,15,Medium,71,1
P1174,Shirt 1174,Shirt,22,2.94,65,173,1299,10,Medium,67,0
P1175,T-Shirt 1175,T-Shirt,110,1.08,295,166,1499,40,Medium,58,1
P1176,Shirt 1176,Shirt,95,6.49,248,237,2499,40,Medium,28,1
P1177,Shirt 1177,Shirt,51,2.61,10,20,1299,40,Medium,30,0
P1178,Accessories 1178,Accessories,46,3.18,169,199,4999,0,Medium,65,0
P1179,Shirt 1179,Shirt,62,1.75,17,161,999,5,Medium,88,0
P1180,Hoodie 1180,Hoodie,96,3.27,29,107,2999,50,Medium,2,1
P1181,Dress 1181,Dress,120,7.84,228,66,2499,0,Medium,68,0
P1182,Accessories 1182,Accessories,109,6.98,127,49,999,5,Low,21,1
P1183,Accessories 1183,Accessories,68,1.25,133,199,1299,20,Low,79,1
P1184,Jacket 1184,Jacket,42,0.09,126,317,2499,40,Low,72,1
P1185,Accessories 1185,Accessories,47,2.96,39,115,1499,20,Low,52,1
P1186,Jacket 1186,Jacket,33,2.62,87,99,799,0,Medium,47,0
P1187,Accessories 1187,Accessories,39,2.49,186,222,799,40,Medium,72,1
P1188,T-Shirt 1188,T-Shirt,74,2.1,80,169,1299,40,Low,75,0
P1189,Hoodie 1189,Hoodie,60,1.23,108,357,3999,15,High,46,1
P1190,Accessories 1190,Accessories,49,13.44,236,240,1499,15,Medium,41,0
P1191,Hoodie 1191,Hoodie,66,10.85,47,357,799,5,Medium,3,0
P1192,Hoodie 1192,Hoodie,61,2.4,97,173,3999,50,Low,81,0
P1193,Shoes 1193,Shoes,57,3.68,148,154,2499,50,Low,81,0
P1194,Accessories 1194,Accessories,32,6.57,258,34,799,30,Medium,41,1
P1195,Jeans 1195,Jeans,74,3.67,82,265,2499,20,High,42,1
P1196,Shoes 1196,Shoes,15,2.25,267,92,799,20,Low,96,1
P1197,Jeans 1197,Jeans,81,0.97,74,114,1299,0,Medium,41,1
P1198,Hoodie 1198,Hoodie,93,3.36,153,123,999,40,High,2,1
P1199,Hoodie 1199,Hoodie,47,1.1,296,21,1499,30,Medium,58,1
P1200,Shoes 1200,Shoes,118,7.49,218,217,999,0,Medium,80,1
P1201,Shoes 1201,Shoes,9,3.25,151,324,1999,15,Medium,75,0
P1202,Jeans 1202,Jeans,81,4.87,29,37,1499,15,High,10,0
P1203,Jacket 1203,Jacket,37,2.56,113,288,2499,50,Medium,80,1
P1204,Jeans 1204,Jeans,18,5.97,185,191,2999,30,High,34,0
P1205,Shoes 1205,Shoes,35,1.95,255,72,999,30,Medium,49,1
P1206,Dress 1206,Dress,58,4.14,207,322,999,15,High,62,1
P1207,Shoes 1207,Shoes,62,2.48,174,69,3999,10,High,69,1
P1208,Dress 1208,Dress,76,2.79,179,234,4999,40,Medium,98,0
P1209,T-Shirt 1209,T-Shirt,119,6.51,174,107,1999,20,Medium,5,1
P1210,Shoes 1210,Shoes,45,1.74,6,362,2999,20,Medium,31,1
P1211,T-Shirt 1211,T-Shirt,2,4.35,138,145,4999,0,High,10,0
P1212,Jacket 1212,Jacket,73,8.09,131,125,799,20,High,42,1
P1213,Jeans 1213,Jeans,101,6.35,50,63,3999,0,Low,38,0
P1214,Dress 1214,Dress,64,2.0,198,137,4999,30,Medium,12,1
P1215,Jeans 1215,Jeans,118,4.79,213,43,4999,30,High,12,1
P1216,T-Shirt 1216,T-Shirt,119,0.59,300,117,2999,10,Medium,38,1
P1217,Dress 1217,Dress,90,6.67,62,159,1299,40,Medium,45,1
P1218,Jeans 1218,Jeans,109,15.84,82,256,1999,30,Low,33,0
P1219,Shoes 1219,Shoes,7,4.18,206,248,999,40,Medium,66,0
P1220,Hoodie 1220,Hoodie,50,8.36,293,214,1299,15,High,31,0
P1221,T-Shirt 1221,T-Shirt,109,0.93,66,176,2999,10,High,67,1
P1222,Jeans 1222,Jeans,105,1.36,272,263,799,15,Low,64,1
P1223,T-Shirt 1223,T-Shirt,80,2.55,130,285,1299,15,Medium,72,1
P1224,Shirt 1224,Shirt,72,2.94,53,119,1999,0,High,6,0
P1225,T-Shirt 1225,T-Shirt,5,4.19,92,181,1499,40,High,90,0
P1226,Dress 1226,Dress,106,2.01,265,95,1299,15,Medium,2,1
P1227,Shirt 1227,Shirt,88,3.71,183,141,2499,40,Low,85,1
P1228,Accessories 1228,Accessories,38,6.51,73,300,2499,10,Medium,79,0
P1229,Dress 1229,Dress,112,4.78,64,309,1499,5,High,71,1
P1230,Hoodie 1230,Hoodie,59,2.48,253,365,4999,30,Medium,68,1
P1231,Shirt 1231,Shirt,27,5.64,173,212,2499,0,High,48,0
P1232,Accessories 1232,Accessories,96,2.4,273,324,4999,40,Medium,57,1
P1233,Shoes 1233,Shoes,53,3.56,116,79,999,30,High,93,1
P1234,T-Shirt 1234,T-Shirt,36,6.28,104,265,2499,15,High,27,1
P1235,Jeans 1235,Jeans,8,2.88,219,364,1499,15,Medium,26,1
P1236,Jacket 1236,Jacket,81,1.08,117,154,999,20,High,21,1
P1237,T-Shirt 1237,T-Shirt,55,3.48,101,231,1999,50,High,93,0
P1238,Accessories 1238,Accessories,58,6.32,122,111,1299,40,High,100,0
P1239,T-Shirt 1239,T-Shirt,84,6.72,40,50,2499,50,Medium,70,0
P1240,Hoodie 1240,Hoodie,1,1.3,294,362,3999,0,Medium,93,1
P1241,Shoes 1241,Shoes,60,5.48,128,32,1499,0,Medium,12,1
P1242,Jacket 1242,Jacket,57,2.75,44,310,1499,50,Low,21,1
P1243,Shirt 1243,Shirt,106,8.74,145,267,1999,10,Medium,74,1
P1244,Shirt 1244,Shirt,59,1.11,30,65,2499,5,Medium,4,0
P1245,Shirt 1245,Shirt,101,5.41,146,67,2999,10,Low,21,1
P1246,Accessories 1246,Accessories,39,2.52,61,311,2499,10,High,78,0
P1247,Dress 1247,Dress,35,2.04,154,76,2999,10,Medium,52,1
P1248,Dress 1248,Dress,113,6.47,209,277,4999,50,Medium,38,1
P1249,Jeans 1249,Jeans,106,7.18,80,263,1499,5,Medium,36,1
P1250,Jacket 1250,Jacket,36,0.41,289,131,799,10,Low,30,1
P1251,Shirt 1251,Shirt,78,6.55,214,25,4999,30,High,61,1
P1252,Dress 1252,Dress,91,3.16,262,125,2999,0,Medium,92,1
P1253,Accessories 1253,Accessories,17,3.41,263,326,1499,5,Medium,80,0
P1254,Jeans 1254,Jeans,97,1.05,188,72,3999,15,Medium,5,1
P1255,Shoes 1255,Shoes,62,5.16,15,251,2999,20,Medium,80,0
P1256,Jeans 1256,Jeans,21,13.66,164,63,999,20,Medium,33,0
P1257,Dress 1257,Dress,10,2.15,264,50,799,40,Low,86,0
P1258,Hoodie 1258,Hoodie,57,7.64,92,18,4999,30,Low,51,0
P1259,Accessories 1259,Accessories,56,3.31,188,242,2999,0,Medium,29,1
P1260,Hoodie 1260,Hoodie,76,2.22,20,30,799,20,High,12,1
P1261,Shirt 1261,Shirt,3,0.85,248,263,1499,30,Medium,57,1
P1262,Hoodie 1262,Hoodie,85,8.37,90,290,1999,30,Low,93,0
P1263,Shirt 1263,Shirt,6,3.63,203,330,1999,20,Low,52,0
P1264,Shirt 1264,Shirt,60,2.31,14,257,1999,20,Medium,19,1
P1265,Dress 1265,Dress,106,2.64,168,100,1299,30,Medium,5,1
P1266,Hoodie 1266,Hoodie,53,5.45,28,28,1999,50,Low,54,0
P1267,Shirt 1267,Shirt,87,2.31,68,163,1499,30,Medium,30,1
P1268,Jacket 1268,Jacket,67,1.47,242,95,1999,15,Low,58,1
P1269,Shoes 1269,Shoes,91,3.05,242,208,2999,20,Medium,18,1
P1270,Jeans 1270,Jeans,78,2.98,26,203,1999,10,Medium,69,0
P1271,Jeans 1271,Jeans,0,2.93,184,51,3999,30,High,97,0
P1272,Dress 1272,Dress,54,2.34,51,85,3999,0,Low,27,0
P1273,Hoodie 1273,Hoodie,2,7.82,283,45,1299,0,Medium,12,1
P1274,Hoodie 1274,Hoodie,77,16.9,228,290,1999,40,High,51,1
P1275,Shirt 1275,Shirt,37,1.31,222,161,1499,30,Medium,73,1
P1276,Accessories 1276,Accessories,113,0.33,241,155,1999,0,Medium,60,1
P1277,T-Shirt 1277,T-Shirt,120,2.76,208,349,3999,15,Medium,40,1
P1278,Shirt 1278,Shirt,0,0.39,23,58,1499,40,Low,44,0
P1279,Shoes 1279,Shoes,101,0.77,184,257,1999,15,Medium,6,1
P1280,Jacket 1280,Jacket,37,2.18,166,153,2999,30,High,81,0
P1281,Jeans 1281,Jeans,84,5.43,289,335,1299,50,Medium,85,1
P1282,Shirt 1282,Shirt,111,2.74,65,356,2499,40,Medium,13,1
P1283,T-Shirt 1283,T-Shirt,28,0.22,89,264,4999,20,Medium,35,1
P1284,T-Shirt 1284,T-Shirt,4,2.71,39,279,1499,10,Medium,7,0
P1285,Shirt 1285,Shirt,112,2.87,9,131,1499,20,Medium,11,1
P1286,Dress 1286,Dress,73,2.91,80,210,2499,0,Low,39,0
P1287,Jeans 1287,Jeans,91,7.05,257,262,2499,50,Medium,96,1
P1288,Dress 1288,Dress,20,6.26,11,137,1299,40,Medium,87,0
P1289,Jacket 1289,Jacket,113,3.52,173,27,799,10,High,61,1
P1290,T-Shirt 1290,T-Shirt,70,11.97,134,84,1299,0,Medium,13,0
P1291,T-Shirt 1291,T-Shirt,66,2.17,142,341,3999,10,Medium,48,1
P1292,Shoes 1292,Shoes,108,3.02,95,57,3999,30,Low,50,1
P1293,Jacket 1293,Jacket,46,3.27,167,272,2499,5,Low,61,0
P1294,T-Shirt 1294,T-Shirt,83,0.84,257,122,2999,50,Medium,4,1
P1295,Jacket 1295,Jacket,82,3.32,205,61,999,15,High,82,1
P1296,Jeans 1296,Jeans,34,0.68,24,298,4999,40,Medium,66,0
P1297,Hoodie 1297,Hoodie,67,1.89,233,57,1299,15,Medium,0,1
P1298,T-Shirt 1298,T-Shirt,68,3.64,167,336,999,40,High,100,1
P1299,Shoes 1299,Shoes,0,0.99,169,279,1999,50,Low,96,0
P1300,Jeans 1300,Jeans,67,4.26,236,260,799,30,Medium,48,1
P1301,Shirt 1301,Shirt,11,1.64,242,67,1999,0,Medium,16,1
P1302,Jacket 1302,Jacket,59,2.48,124,353,1499,0,Medium,72,1
P1303,Shirt 1303,Shirt,26,4.81,111,357,2499,5,High,94,0
P1304,Dress 1304,Dress,55,3.13,254,231,1999,20,Medium,34,1
P1305,Jeans 1305,Jeans,105,4.19,288,342,4999,40,Medium,66,1
P1306,Shirt 1306,Shirt,22,4.6,202,109,1999,10,Medium,12,1
P1307,Accessories 1307,Accessories,24,3.09,224,54,3999,30,Medium,36,1
P1308,Accessories 1308,Accessories,20,4.37,155,231,999,5,Low,37,1
P1309,T-Shirt 1309,T-Shirt,60,1.87,290,348,1299,30,High,77,1
P1310,Jacket 1310,Jacket,62,4.77,269,239,1299,5,Low,5,1
P1311,Hoodie 1311,Hoodie,51,2.78,224,76,1299,0,Medium,92,0
P1312,Jeans 1312,Jeans,87,7.95,220,53,2499,0,Medium,62,0
P1313,T-Shirt 1313,T-Shirt,24,3.7,160,234,2999,20,High,48,0
P1314,Shoes 1314,Shoes,108,2.1,220,16,2999,40,Medium,8,1
P1315,Dress 1315,Dress,54,4.83,118,191,2999,50,Medium,35,1
P1316,Jacket 1316,Jacket,45,8.19,165,86,1299,40,Medium,22,0
P1317,Jeans 1317,Jeans,31,2.27,102,19,799,50,Medium,78,0
P1318,Accessories 1318,Accessories,54,1.96,161,320,2499,30,Medium,56,1
P1319,Jeans 1319,Jeans,95,0.11,166,346,1299,30,High,49,1
P1320,Hoodie 1320,Hoodie,4,3.69,46,330,1299,20,Low,58,0
P1321,Accessories 1321,Accessories,35,2.56,184,90,1299,0,Medium,6,0
P1322,Hoodie 1322,Hoodie,109,4.82,55,92,4999,50,Medium,46,0
P1323,Shoes 1323,Shoes,105,4.89,256,163,1499,15,High,88,1
P1324,Dress 1324,Dress,48,0.89,124,150,1999,20,Medium,100,0
P1325,Shoes 1325,Shoes,105,6.25,79,69,1299,5,Low,86,0
P1326,T-Shirt 1326,T-Shirt,57,1.72,166,49,799,0,Low,74,1
P1327,T-Shirt 1327,T-Shirt,38,2.28,153,164,1499,30,Medium,55,1
P1328,Shoes 1328,Shoes,79,4.28,127,191,799,30,Medium,7,1
P1329,Dress 1329,Dress,96,1.23,145,292,2999,10,Medium,35,1
P1330,Shoes 1330,Shoes,112,1.98,186,329,2999,10,Medium,41,1
P1331,Dress 1331,Dress,84,1.12,281,30,1499,15,Medium,38,1
P1332,Dress 1332,Dress,60,6.62,261,363,1999,30,Medium,64,1
P1333,Shirt 1333,Shirt,8,2.44,249,211,2999,0,High,43,1
P1334,Accessories 1334,Accessories,5,1.01,90,230,2499,30,Low,76,0
P1335,Jacket 1335,Jacket,114,1.09,75,107,1499,50,Medium,79,1
P1336,Dress 1336,Dress,108,5.89,273,210,1499,30,Medium,45,1
P1337,Hoodie 1337,Hoodie,34,1.59,184,14,999,5,Low,12,1
P1338,Dress 1338,Dress,38,2.24,283,178,999,15,Medium,36,0
P1339,Dress 1339,Dress,21,3.43,153,214,1499,5,Medium,13,1
P1340,Dress 1340,Dress,40,2.59,10,102,1999,40,Low,12,0
P1341,Shirt 1341,Shirt,117,0.49,152,168,1499,50,Medium,11,1
P1342,Accessories 1342,Accessories,4,5.19,172,297,1299,10,Medium,54,0
P1343,Shirt 1343,Shirt,41,2.74,13,102,999,50,Low,27,0
P1344,T-Shirt 1344,T-Shirt,86,4.15,182,312,1499,5,Medium,21,1
P1345,Shirt 1345,Shirt,80,5.46,288,151,1999,10,Medium,83,1
P1346,Hoodie 1346,Hoodie,75,0.36,120,264,799,40,Low,18,1
P1347,Hoodie 1347,Hoodie,86,5.5,100,306,799,20,Low,74,1
P1348,Shirt 1348,Shirt,79,14.84,60,108,2499,40,Medium,29,0
P1349,Accessories 1349,Accessories,66,4.48,211,183,1999,10,Medium,53,0
P1350,Shoes 1350,Shoes,29,8.04,109,334,1499,30,High,89,0
P1351,Jacket 1351,Jacket,56,6.47,39,116,799,40,Low,14,0
P1352,Accessories 1352,Accessories,85,5.36,213,204,2999,10,Low,29,1
P1353,Shirt 1353,Shirt,72,6.63,285,135,1499,40,Low,28,1
P1354,Dress 1354,Dress,28,7.41,151,365,1299,30,Medium,31,0
P1355,Jeans 1355,Jeans,110,7.61,291,143,2999,15,Medium,29,1
P1356,Jacket 1356,Jacket,36,1.08,85,33,999,30,Medium,15,1
P1357,Jacket 1357,Jacket,86,6.91,54,143,799,40,High,35,0
P1358,Hoodie 1358,Hoodie,12,2.71,91,170,1499,50,Medium,81,0
P1359,Jacket 1359,Jacket,31,7.8,195,355,3999,30,High,47,1
P1360,Shirt 1360,Shirt,45,4.77,5,362,2499,30,Low,27,0
P1361,Dress 1361,Dress,115,1.07,142,137,4999,15,Low,61,1
P1362,Dress 1362,Dress,110,8.53,140,157,799,0,Low,82,0
P1363,T-Shirt 1363,T-Shirt,111,1.73,158,252,799,40,Low,55,1
P1364,Dress 1364,Dress,22,2.6,166,116,1999,0,High,55,0
P1365,Accessories 1365,Accessories,44,9.89,23,79,2499,40,Medium,74,0
P1366,Dress 1366,Dress,16,3.72,247,292,3999,10,Medium,16,1
P1367,Hoodie 1367,Hoodie,118,2.51,133,281,1299,20,Medium,61,1
P1368,Dress 1368,Dress,103,3.14,180,364,2499,0,Low,20,1
P1369,T-Shirt 1369,T-Shirt,84,2.47,284,73,1299,10,Low,36,1
P1370,Jeans 1370,Jeans,65,5.88,88,56,3999,15,Medium,33,0
P1371,Shirt 1371,Shirt,100,2.53,226,310,1499,50,Medium,96,1
P1372,Hoodie 1372,Hoodie,5,3.23,149,9,999,0,High,28,0
P1373,Accessories 1373,Accessories,107,5.06,110,232,4999,0,Medium,67,1
P1374,Jeans 1374,Jeans,17,4.67,15,72,3999,30,Medium,95,0
P1375,Hoodie 1375,Hoodie,93,1.86,170,161,2499,50,Low,59,1
P1376,Shoes 1376,Shoes,21,5.93,200,117,1299,50,High,10,0
P1377,Jacket 1377,Jacket,117,2.17,235,302,999,40,Low,89,1
P1378,Shoes 1378,Shoes,32,1.33,151,262,1499,30,High,81,0
P1379,Dress 1379,Dress,29,0.55,242,280,1499,10,Medium,95,1
P1380,Jeans 1380,Jeans,80,2.9,17,161,799,30,Low,59,1
P1381,Dress 1381,Dress,106,0.69,223,145,4999,50,Medium,90,1
P1382,Jacket 1382,Jacket,31,1.64,261,173,3999,10,High,79,0
P1383,Hoodie 1383,Hoodie,41,3.29,6,25,2999,5,Medium,73,0
P1384,Jacket 1384,Jacket,114,7.3,214,351,2499,40,Low,33,1
P1385,T-Shirt 1385,T-Shirt,77,2.66,229,229,1299,5,Low,32,1
P1386,Jacket 1386,Jacket,9,0.86,198,63,1499,20,Medium,9,0
P1387,T-Shirt 1387,T-Shirt,110,3.06,200,300,999,40,Low,59,1
P1388,Jacket 1388,Jacket,114,7.11,264,139,2999,0,High,25,1
P1389,Shirt 1389,Shirt,35,2.61,61,344,999,5,High,24,0
P1390,T-Shirt 1390,T-Shirt,33,8.16,117,298,799,10,High,1,0
P1391,Jeans 1391,Jeans,72,3.28,217,350,2499,30,Low,89,1
P1392,Dress 1392,Dress,105,5.51,283,211,1499,30,Medium,83,1
P1393,Accessories 1393,Accessories,27,3.93,248,125,3999,0,Low,2,1
P1394,Dress 1394,Dress,10,7.89,121,259,799,40,Medium,31,0
P1395,Shoes 1395,Shoes,77,12.49,91,91,4999,50,High,0,0
P1396,Dress 1396,Dress,38,2.26,267,191,2499,5,Medium,23,1
P1397,Hoodie 1397,Hoodie,118,3.76,117,231,999,20,High,49,1
P1398,Shirt 1398,Shirt,46,7.3,168,154,3999,50,High,42,0
P1399,Jacket 1399,Jacket,117,4.03,8,286,1999,20,Low,43,1
P1400,Shoes 1400,Shoes,18,0.52,122,233,1999,20,Medium,32,0
P1401,Hoodie 1401,Hoodie,117,2.64,27,292,1999,20,Low,37,1
P1402,Hoodie 1402,Hoodie,14,4.01,237,290,2999,30,Medium,51,0
P1403,T-Shirt 1403,T-Shirt,27,9.38,94,187,2999,50,Low,34,0
P1404,Dress 1404,Dress,23,3.61,259,115,2999,30,High,16,0
P1405,Jeans 1405,Jeans,71,1.54,96,141,999,30,Medium,57,1
P1406,Accessories 1406,Accessories,106,4.08,159,297,3999,40,Medium,47,1
P1407,Jeans 1407,Jeans,8,8.75,119,296,799,50,Medium,42,0
P1408,Shoes 1408,Shoes,46,1.97,211,109,999,10,High,47,1
P1409,Shirt 1409,Shirt,32,2.19,85,207,2999,20,Medium,43,0
P1410,Jeans 1410,Jeans,61,2.0,107,123,1499,50,Low,32,1
P1411,Jacket 1411,Jacket,96,0.99,84,338,4999,15,Medium,74,1
P1412,Jeans 1412,Jeans,18,3.49,107,316,4999,30,Medium,86,0
P1413,Shoes 1413,Shoes,66,3.18,244,35,1299,20,Medium,95,0
P1414,Accessories 1414,Accessories,73,0.59,269,33,1299,5,Low,82,1
P1415,Jeans 1415,Jeans,39,1.65,37,19,4999,40,Low,75,0
P1416,Jacket 1416,Jacket,46,3.84,39,48,3999,0,High,91,0
P1417,T-Shirt 1417,T-Shirt,105,5.42,253,230,799,30,Low,1,1
P1418,Shirt 1418,Shirt,64,6.49,54,27,2499,30,Medium,9,1
P1419,Shoes 1419,Shoes,28,5.73,284,142,2999,5,Low,82,0
P1420,T-Shirt 1420,T-Shirt,49,3.33,246,332,3999,0,Low,27,1
P1421,T-Shirt 1421,T-Shirt,97,0.83,156,227,999,10,Low,46,1
P1422,T-Shirt 1422,T-Shirt,114,2.78,151,151,799,50,Medium,7,1
P1423,Hoodie 1423,Hoodie,12,0.19,43,16,1499,30,High,22,0
P1424,Shirt 1424,Shirt,117,3.86,193,231,799,0,Medium,47,1
P1425,Accessories 1425,Accessories,0,1.91,29,147,999,15,Medium,93,0
P1426,Dress 1426,Dress,33,0.35,248,112,1299,30,Medium,91,1
P1427,Shirt 1427,Shirt,92,4.39,227,274,1499,20,Medium,62,0
P1428,Hoodie 1428,Hoodie,47,8.68,234,200,2499,40,High,76,0
P1429,Dress 1429,Dress,110,0.7,157,134,3999,5,Medium,36,1
P1430,Shirt 1430,Shirt,76,4.66,292,219,4999,0,Medium,11,1
P1431,T-Shirt 1431,T-Shirt,47,2.42,112,157,1499,5,Medium,73,1
P1432,Shoes 1432,Shoes,48,1.73,37,186,799,20,High,80,0
P1433,Dress 1433,Dress,116,1.73,115,323,1999,10,Medium,64,1
P1434,Jacket 1434,Jacket,63,2.42,125,32,1999,40,Low,85,1
P1435,Jacket 1435,Jacket,60,2.41,20,21,4999,20,Low,14,1
P1436,Jeans 1436,Jeans,28,3.23,231,28,2499,50,High,79,0
P1437,Dress 1437,Dress,38,1.58,15,351,1999,10,High,83,0
P1438,Shoes 1438,Shoes,87,1.89,207,71,1999,5,Low,9,1
P1439,Accessories 1439,Accessories,25,4.97,206,257,3999,10,High,41,1
P1440,Hoodie 1440,Hoodie,16,1.45,102,27,799,30,Medium,25,0
P1441,T-Shirt 1441,T-Shirt,70,4.04,120,239,1999,10,Medium,48,1
P1442,Jeans 1442,Jeans,12,2.52,285,22,799,10,Low,22,0
P1443,Jacket 1443,Jacket,68,2.11,236,278,2999,30,High,63,1
P1444,Hoodie 1444,Hoodie,25,10.57,115,211,2999,10,Low,16,0
P1445,Hoodie 1445,Hoodie,48,1.01,16,304,3999,30,Medium,33,0
P1446,T-Shirt 1446,T-Shirt,66,9.08,25,166,2999,30,Low,56,0
P1447,Accessories 1447,Accessories,6,5.98,131,47,4999,40,High,85,0
P1448,Accessories 1448,Accessories,57,1.96,289,114,3999,10,Low,3,1
P1449,Dress 1449,Dress,48,6.1,125,131,3999,30,Low,70,1
P1450,Jacket 1450,Jacket,102,0.09,128,158,1299,0,Low,68,1
P1451,Accessories 1451,Accessories,52,1.8,37,19,1499,10,Low,94,0
P1452,Shoes 1452,Shoes,64,1.47,174,209,1499,50,Medium,82,1
P1453,Accessories 1453,Accessories,112,4.43,81,85,799,10,Low,67,1
P1454,Hoodie 1454,Hoodie,61,5.5,67,48,2499,20,High,49,0
P1455,T-Shirt 1455,T-Shirt,16,4.38,274,175,999,20,Medium,85,1
P1456,Shoes 1456,Shoes,42,3.66,220,255,4999,40,Medium,66,0
P1457,Dress 1457,Dress,24,6.38,194,127,799,40,Low,86,0
P1458,Jacket 1458,Jacket,2,5.77,79,278,799,50,Medium,67,0
P1459,Dress 1459,Dress,78,1.92,178,306,2499,40,Low,87,1
P1460,Hoodie 1460,Hoodie,28,2.11,71,215,799,20,High,58,0
P1461,Shoes 1461,Shoes,116,5.54,97,164,1299,50,Medium,77,1
P1462,Shoes 1462,Shoes,106,3.2,57,127,999,10,High,62,1
P1463,Shoes 1463,Shoes,31,3.38,98,233,4999,50,Medium,66,0
P1464,Hoodie 1464,Hoodie,25,3.72,117,30,1999,50,High,84,0
P1465,Hoodie 1465,Hoodie,15,0.54,233,236,2499,20,Low,25,1
P1466,Dress 1466,Dress,24,1.84,254,32,999,0,Low,0,1
P1467,Jeans 1467,Jeans,53,4.71,213,64,3999,5,Medium,93,0
P1468,Dress 1468,Dress,27,1.83,186,271,2499,20,High,67,0
P1469,Jacket 1469,Jacket,72,2.76,271,132,3999,30,Medium,77,1
P1470,T-Shirt 1470,T-Shirt,119,4.69,285,281,3999,20,Low,17,1
P1471,Shoes 1471,Shoes,55,6.63,159,34,799,0,Medium,11,1
P1472,Jeans 1472,Jeans,64,7.17,87,307,2999,30,High,37,0
P1473,T-Shirt 1473,T-Shirt,92,7.45,190,134,999,30,Low,41,0
P1474,Jeans 1474,Jeans,120,2.97,143,100,3999,30,Low,35,1
P1475,Accessories 1475,Accessories,85,2.73,59,197,999,50,High,15,1
P1476,Accessories 1476,Accessories,79,1.14,23,278,1499,30,High,64,1
P1477,Shirt 1477,Shirt,40,8.71,271,11,999,15,Medium,66,0
P1478,Accessories 1478,Accessories,114,2.64,146,163,2999,15,High,38,1
P1479,Dress 1479,Dress,107,8.58,168,58,1999,30,Low,98,0
P1480,Accessories 1480,Accessories,50,4.12,256,249,4999,30,Medium,58,1
P1481,Hoodie 1481,Hoodie,117,6.84,236,157,1999,30,Medium,78,1
P1482,Shoes 1482,Shoes,104,3.13,64,268,3999,0,Medium,37,1
P1483,Dress 1483,Dress,70,5.03,26,311,999,20,High,15,1
P1484,T-Shirt 1484,T-Shirt,77,7.0,130,86,1299,5,High,80,1
P1485,Shirt 1485,Shirt,28,2.2,107,189,2499,40,Medium,97,0
P1486,Shirt 1486,Shirt,82,7.48,225,360,2999,30,Low,73,1
P1487,Shirt 1487,Shirt,18,1.3,114,113,3999,40,Medium,10,1
P1488,T-Shirt 1488,T-Shirt,65,10.39,62,160,1299,20,Medium,27,0
P1489,T-Shirt 1489,T-Shirt,40,3.73,69,299,2999,0,Low,90,0
P1490,T-Shirt 1490,T-Shirt,44,1.87,62,211,3999,40,High,81,0
P1491,T-Shirt 1491,T-Shirt,14,5.9,162,122,2499,0,Low,93,0
P1492,Shirt 1492,Shirt,2,4.27,80,23,1499,30,Low,76,0
P1493,Shirt 1493,Shirt,10,0.58,23,294,2499,40,Medium,79,0
P1494,Jeans 1494,Jeans,52,2.42,194,162,4999,10,Medium,1,1
P1495,Dress 1495,Dress,45,1.36,254,31,1299,50,Medium,19,1
P1496,Shoes 1496,Shoes,29,1.47,83,284,999,0,Medium,75,0
P1497,Accessories 1497,Accessories,56,1.43,88,323,1999,10,Medium,92,1
P1498,Accessories 1498,Accessories,103,4.86,176,132,2999,40,Low,71,1
P1499,Hoodie 1499,Hoodie,17,6.22,216,306,1299,40,Low,37,0
P1500,Shirt 1500,Shirt,50,1.72,153,364,1999,0,Medium,55,1
P1501,Hoodie 1501,Hoodie,47,0.41,14,282,1499,10,Medium,83,1
P1502,Dress 1502,Dress,65,12.01,34,184,2999,10,High,98,0
P1503,Dress 1503,Dress,95,3.76,284,350,999,30,Medium,38,1
P1504,Hoodie 1504,Hoodie,7,5.93,59,53,2999,30,Medium,30,0
P1505,Shirt 1505,Shirt,21,2.85,131,206,999,50,Medium,79,0
P1506,Hoodie 1506,Hoodie,5,0.31,184,57,1299,40,Low,22,1
P1507,Accessories 1507,Accessories,75,4.52,236,301,1999,20,Medium,33,1
P1508,Jeans 1508,Jeans,110,9.67,97,276,2999,50,Medium,95,0
P1509,Accessories 1509,Accessories,56,1.96,12,203,2499,50,High,16,1
P1510,Jacket 1510,Jacket,103,0.26,251,27,2999,50,Low,23,1
P1511,Shirt 1511,Shirt,35,1.14,200,149,2499,10,Low,34,1
P1512,Shirt 1512,Shirt,78,6.13,167,254,799,15,Low,22,0
P1513,Shoes 1513,Shoes,91,4.24,44,362,1999,0,Low,7,1
P1514,T-Shirt 1514,T-Shirt,115,7.5,258,359,799,30,Medium,53,1
P1515,Jacket 1515,Jacket,56,3.36,89,7,2999,5,High,86,0
P1516,Dress 1516,Dress,48,5.43,276,344,1499,40,Medium,20,1
P1517,Shirt 1517,Shirt,44,2.36,82,280,1999,0,High,18,1
P1518,Hoodie 1518,Hoodie,81,1.22,217,247,799,20,Medium,30,1
P1519,Jacket 1519,Jacket,65,5.44,259,64,3999,20,Low,49,1
P1520,Shoes 1520,Shoes,76,6.2,95,132,1499,10,Low,70,0
P1521,Dress 1521,Dress,44,2.0,197,335,1299,20,Low,23,1
P1522,T-Shirt 1522,T-Shirt,117,9.1,257,58,799,30,Medium,45,0
P1523,T-Shirt 1523,T-Shirt,78,9.26,282,229,1499,20,Medium,7,1
P1524,Shoes 1524,Shoes,19,1.43,147,308,1299,0,High,76,1
P1525,Shoes 1525,Shoes,63,1.5,248,275,3999,40,High,2,1
P1526,Hoodie 1526,Hoodie,92,1.56,216,102,4999,15,Medium,33,1
P1527,Shirt 1527,Shirt,105,3.02,199,279,1999,15,Medium,76,1
P1528,T-Shirt 1528,T-Shirt,92,2.45,274,329,4999,40,Medium,56,1
P1529,Dress 1529,Dress,66,0.97,23,67,799,40,Low,57,0
P1530,Jacket 1530,Jacket,82,1.6,44,327,2999,10,High,95,0
P1531,Dress 1531,Dress,2,0.32,102,187,2999,40,Low,34,0
P1532,Jeans 1532,Jeans,53,0.4,8,139,2499,20,Medium,20,1
P1533,Jeans 1533,Jeans,77,0.79,37,95,1499,20,Medium,64,0
P1534,Shoes 1534,Shoes,63,11.58,169,179,4999,15,Medium,65,0
P1535,Hoodie 1535,Hoodie,39,10.66,31,318,1299,40,Medium,56,0
P1536,Jeans 1536,Jeans,58,5.67,177,11,799,10,High,41,0
P1537,T-Shirt 1537,T-Shirt,54,2.02,117,363,999,20,Low,42,1
P1538,Dress 1538,Dress,61,0.77,99,349,1299,10,Low,25,1
P1539,Dress 1539,Dress,3,3.3,237,210,999,30,Medium,66,0
P1540,Shoes 1540,Shoes,59,4.61,138,168,2499,0,Low,87,0
P1541,Shirt 1541,Shirt,115,1.75,128,67,2999,30,Medium,25,1
P1542,Shirt 1542,Shirt,74,4.43,120,196,1999,20,High,7,1
P1543,Jacket 1543,Jacket,94,1.12,17,331,1999,20,High,46,1
P1544,Shoes 1544,Shoes,106,2.05,169,69,2999,20,Medium,36,1
P1545,Accessories 1545,Accessories,95,2.71,212,50,2499,15,High,71,1
P1546,Jacket 1546,Jacket,90,10.87,89,245,3999,15,Medium,81,0
P1547,Accessories 1547,Accessories,29,1.58,252,34,4999,20,High,17,1
P1548,Shirt 1548,Shirt,106,4.59,60,204,999,20,Low,75,1
P1549,Shoes 1549,Shoes,1,1.37,176,275,999,0,Medium,35,0
P1550,Accessories 1550,Accessories,61,1.2,145,177,799,0,High,1,1
P1551,Shoes 1551,Shoes,48,1.74,136,36,2999,10,Medium,83,0
P1552,Shoes 1552,Shoes,8,3.39,205,160,1499,40,High,2,1
P1553,Shirt 1553,Shirt,91,9.9,293,215,4999,10,Low,33,1
P1554,Jacket 1554,Jacket,30,1.98,183,69,2499,15,High,45,0
P1555,Jacket 1555,Jacket,97,6.23,33,335,2999,5,Medium,61,0
P1556,Shoes 1556,Shoes,60,11.23,40,63,2999,0,Low,69,0
P1557,Jeans 1557,Jeans,119,4.04,113,326,3999,10,Low,56,1
P1558,Hoodie 1558,Hoodie,78,7.03,150,214,1499,40,Low,9,1
P1559,Shirt 1559,Shirt,47,1.66,280,314,1299,40,High,87,1
P1560,Hoodie 1560,Hoodie,24,4.51,150,69,1299,0,Medium,17,0
P1561,Hoodie 1561,Hoodie,35,5.37,172,254,3999,0,High,32,1
P1562,Jacket 1562,Jacket,7,0.92,261,147,1299,30,Medium,6,0
P1563,Jacket 1563,Jacket,72,1.51,279,99,3999,50,High,44,1
P1564,Jeans 1564,Jeans,57,2.62,91,113,999,5,Medium,28,1
P1565,Hoodie 1565,Hoodie,100,1.78,158,94,1999,0,Low,82,1
P1566,Hoodie 1566,Hoodie,111,2.87,289,307,1999,30,Low,37,1
P1567,Shoes 1567,Shoes,44,0.79,102,114,2999,40,High,38,1
P1568,Jacket 1568,Jacket,61,10.51,215,52,1999,5,Medium,24,1
P1569,Hoodie 1569,Hoodie,38,6.68,52,83,4999,40,Low,16,0
P1570,Dress 1570,Dress,95,23.27,278,223,1299,30,Low,60,0
P1571,Jeans 1571,Jeans,57,1.04,198,175,4999,40,Low,50,1
P1572,Accessories 1572,Accessories,115,4.63,256,308,799,30,High,36,1
P1573,Dress 1573,Dress,80,1.8,287,135,1299,50,Medium,66,1
P1574,Dress 1574,Dress,98,1.19,266,207,1499,5,Medium,23,1
P1575,Accessories 1575,Accessories,100,6.42,266,202,2499,0,High,81,1
P1576,Shirt 1576,Shirt,82,3.48,35,354,3999,0,Medium,48,1
P1577,Shirt 1577,Shirt,63,2.47,109,274,2999,10,High,89,0
P1578,Jeans 1578,Jeans,43,4.13,173,94,3999,0,Medium,20,0
P1579,Dress 1579,Dress,28,1.57,240,259,2499,40,High,74,1
P1580,Hoodie 1580,Hoodie,58,1.52,278,244,2499,50,Low,56,1
P1581,Jacket 1581,Jacket,70,1.86,234,79,2499,0,Medium,40,1
P1582,Jeans 1582,Jeans,91,7.33,27,364,1299,0,Medium,16,1
P1583,Shoes 1583,Shoes,8,6.92,168,361,1499,10,Low,20,0
P1584,Accessories 1584,Accessories,91,0.99,285,167,2499,50,Medium,67,1
P1585,Dress 1585,Dress,5,10.21,11,64,2999,50,Medium,95,0
P1586,Jeans 1586,Jeans,28,3.25,214,297,1299,5,Low,81,0
P1587,T-Shirt 1587,T-Shirt,57,4.58,257,346,1499,10,Medium,63,1
P1588,T-Shirt 1588,T-Shirt,16,1.8,137,72,2499,40,High,43,0
P1589,Shirt 1589,Shirt,15,3.39,278,32,799,50,Medium,27,0
P1590,Accessories 1590,Accessories,86,1.18,110,304,2999,40,Medium,35,1
P1591,Jacket 1591,Jacket,94,1.69,236,83,799,0,Low,36,1
P1592,Hoodie 1592,Hoodie,2,6.06,37,292,4999,20,Low,43,0
P1593,Jacket 1593,Jacket,20,6.16,83,42,4999,0,Medium,49,0
P1594,Jacket 1594,Jacket,63,4.73,39,25,4999,10,High,89,0
P1595,Jacket 1595,Jacket,89,2.34,114,284,1499,30,High,54,1
P1596,Accessories 1596,Accessories,35,0.98,67,327,999,30,Medium,87,1
P1597,Jacket 1597,Jacket,105,7.94,182,319,2999,50,Medium,9,1
P1598,Shoes 1598,Shoes,100,6.48,236,273,1499,10,Medium,37,1
P1599,Accessories 1599,Accessories,116,0.48,108,288,1999,15,Medium,48,1
P1600,Shoes 1600,Shoes,85,6.23,298,25,799,40,Medium,71,0
P1601,Accessories 1601,Accessories,61,2.47,39,345,2499,30,High,1,1
P1602,Shirt 1602,Shirt,41,5.5,198,146,2999,20,Low,43,1
P1603,Jeans 1603,Jeans,75,0.8,178,73,1299,10,High,34,1
P1604,T-Shirt 1604,T-Shirt,41,1.89,106,318,999,30,Low,20,1
P1605,Jacket 1605,Jacket,60,3.58,297,24,2999,30,Medium,56,1
P1606,Shirt 1606,Shirt,12,10.51,89,267,799,5,High,90,0
P1607,Jeans 1607,Jeans,10,3.59,205,118,999,0,Medium,22,1
P1608,T-Shirt 1608,T-Shirt,53,7.13,177,121,1299,30,Low,31,1
P1609,Dress 1609,Dress,15,3.97,33,172,1499,50,Low,89,0
P1610,Hoodie 1610,Hoodie,7,3.86,60,73,1999,30,Medium,70,0
P1611,Shoes 1611,Shoes,103,4.92,20,261,1499,5,Low,32,1
P1612,Dress 1612,Dress,58,3.18,144,76,1299,40,Medium,16,1
P1613,Accessories 1613,Accessories,56,5.95,70,314,799,10,Medium,71,0
P1614,T-Shirt 1614,T-Shirt,39,1.27,151,209,2999,10,High,41,1
P1615,Dress 1615,Dress,108,3.2,162,133,2499,5,Low,16,1
P1616,Hoodie 1616,Hoodie,58,11.11,73,327,999,5,Medium,47,0
P1617,Shirt 1617,Shirt,1,7.33,27,86,999,15,Medium,47,0
P1618,T-Shirt 1618,T-Shirt,93,4.23,194,182,1299,0,Medium,81,0
P1619,Dress 1619,Dress,93,6.65,252,119,3999,5,Low,99,1
P1620,Shoes 1620,Shoes,75,9.2,149,117,3999,0,Medium,56,1
P1621,Shoes 1621,Shoes,9,0.41,181,315,3999,30,Medium,60,0
P1622,Jeans 1622,Jeans,43,2.67,199,143,2999,20,Low,43,1
P1623,Dress 1623,Dress,10,1.88,17,139,999,10,High,22,1
P1624,Jacket 1624,Jacket,78,0.87,170,334,799,5,High,75,1
P1625,Dress 1625,Dress,79,12.17,154,195,2499,50,Low,86,0
P1626,Shirt 1626,Shirt,80,5.09,49,283,3999,20,Medium,52,1
P1627,T-Shirt 1627,T-Shirt,89,6.49,178,231,799,10,Medium,32,1
P1628,T-Shirt 1628,T-Shirt,1,1.96,171,109,1299,15,Low,55,0
P1629,Shirt 1629,Shirt,49,2.62,201,113,799,10,Medium,27,1
P1630,Dress 1630,Dress,11,3.32,210,69,4999,5,High,22,0
P1631,Shirt 1631,Shirt,114,4.47,86,251,2999,50,Medium,62,1
P1632,Hoodie 1632,Hoodie,89,5.8,72,179,3999,20,High,6,1
P1633,Accessories 1633,Accessories,22,5.54,101,339,4999,20,Medium,1,0
P1634,Shirt 1634,Shirt,17,2.77,171,337,1299,50,Low,64,0
P1635,Shoes 1635,Shoes,61,9.45,81,216,999,20,Low,3,0
P1636,Shirt 1636,Shirt,95,8.19,241,197,2499,10,Medium,7,1
P1637,T-Shirt 1637,T-Shirt,112,4.14,200,164,1999,50,Medium,48,1
P1638,Shoes 1638,Shoes,61,3.42,295,325,1499,0,Low,28,1
P1639,T-Shirt 1639,T-Shirt,37,2.6,140,231,2499,40,Medium,81,1
P1640,Jeans 1640,Jeans,120,4.49,300,178,2499,0,High,54,1
P1641,Jacket 1641,Jacket,110,7.9,40,329,1299,10,High,36,1
P1642,T-Shirt 1642,T-Shirt,66,3.48,252,42,999,5,Low,94,1
P1643,Shoes 1643,Shoes,37,2.09,258,140,4999,10,Low,5,1
P1644,Jeans 1644,Jeans,66,3.42,218,43,3999,0,High,23,1
P1645,T-Shirt 1645,T-Shirt,93,4.2,256,99,1499,10,High,78,1
P1646,Hoodie 1646,Hoodie,60,1.19,74,81,2499,20,Medium,39,0
P1647,Shirt 1647,Shirt,0,0.91,238,250,1299,50,High,11,1
P1648,Jacket 1648,Jacket,93,2.14,20,189,3999,50,Low,63,1
P1649,T-Shirt 1649,T-Shirt,44,9.43,178,211,1299,5,Low,45,0
P1650,Jeans 1650,Jeans,95,7.6,191,193,999,40,Low,13,1
P1651,Hoodie 1651,Hoodie,27,0.7,298,172,2999,5,Low,26,1
P1652,Dress 1652,Dress,20,1.46,229,121,1299,15,High,36,1
P1653,Jeans 1653,Jeans,109,5.73,278,213,4999,40,Medium,76,1
P1654,Shirt 1654,Shirt,12,2.37,16,251,1299,10,Low,61,0
P1655,Jeans 1655,Jeans,26,4.67,223,339,3999,30,High,66,1
P1656,Hoodie 1656,Hoodie,99,0.75,5,167,999,30,High,79,0
P1657,Jeans 1657,Jeans,6,3.36,115,19,4999,40,Low,75,0
P1658,Hoodie 1658,Hoodie,21,3.1,281,300,799,40,Medium,13,1
P1659,T-Shirt 1659,T-Shirt,73,6.51,133,242,1299,40,Medium,97,1
P1660,Accessories 1660,Accessories,102,4.47,97,279,999,30,Medium,94,1
P1661,Hoodie 1661,Hoodie,52,3.72,43,120,2999,20,Medium,38,0
P1662,Hoodie 1662,Hoodie,78,0.57,163,158,1999,50,Low,4,1
P1663,Jacket 1663,Jacket,78,11.35,190,32,3999,50,Medium,75,0
P1664,Hoodie 1664,Hoodie,3,5.44,260,174,999,30,High,25,1
P1665,Hoodie 1665,Hoodie,95,1.81,243,38,3999,10,High,80,1
P1666,Dress 1666,Dress,22,3.64,108,227,2999,50,Low,52,0
P1667,Accessories 1667,Accessories,118,2.44,33,212,1999,15,Low,62,1
P1668,T-Shirt 1668,T-Shirt,69,2.83,93,348,999,15,High,10,1
P1669,Shirt 1669,Shirt,87,7.52,55,104,2999,50,Medium,32,0
P1670,Jacket 1670,Jacket,83,1.45,151,97,1499,10,Medium,40,1
P1671,Dress 1671,Dress,100,5.6,40,220,1499,30,Medium,39,1
P1672,Shoes 1672,Shoes,83,7.73,288,194,3999,10,Medium,45,1
P1673,Accessories 1673,Accessories,75,4.99,105,63,2499,40,Medium,3,1
P1674,T-Shirt 1674,T-Shirt,32,2.95,111,113,4999,50,Medium,95,0
P1675,T-Shirt 1675,T-Shirt,27,1.7,295,201,999,50,Low,94,1
P1676,Shoes 1676,Shoes,7,1.92,109,28,1999,40,High,10,0
P1677,Shirt 1677,Shirt,0,3.7,225,192,2499,10,High,80,0
P1678,Hoodie 1678,Hoodie,36,3.47,80,91,3999,40,High,26,0
P1679,Dress 1679,Dress,62,6.1,231,86,1499,0,High,7,1
P1680,Jeans 1680,Jeans,21,0.81,88,335,2999,15,Medium,20,1
P1681,Jacket 1681,Jacket,69,7.45,80,83,2999,5,Low,96,0
P1682,Jeans 1682,Jeans,20,16.37,253,336,1499,30,Low,4,0
P1683,Shoes 1683,Shoes,95,3.17,259,347,799,30,Low,61,1
P1684,T-Shirt 1684,T-Shirt,34,2.8,54,183,1299,0,Medium,31,0
P1685,Shirt 1685,Shirt,78,3.02,214,180,999,20,Medium,88,1
P1686,T-Shirt 1686,T-Shirt,4,3.61,162,88,1299,5,High,57,1
P1687,Jacket 1687,Jacket,59,2.62,237,27,1999,5,Medium,71,0
P1688,T-Shirt 1688,T-Shirt,119,0.42,81,185,799,5,Medium,26,1
P1689,T-Shirt 1689,T-Shirt,45,2.96,227,336,1999,40,Medium,25,1
P1690,Jacket 1690,Jacket,49,3.77,125,231,999,15,Low,39,0
P1691,Dress 1691,Dress,47,8.01,111,271,1499,20,High,28,0
P1692,Dress 1692,Dress,5,1.43,245,275,2499,0,Medium,72,1
P1693,Jacket 1693,Jacket,88,10.22,32,257,4999,40,Low,81,0
P1694,Shirt 1694,Shirt,55,2.48,196,279,2499,20,High,6,1
P1695,Shoes 1695,Shoes,109,1.6,253,349,999,30,Medium,20,1
P1696,Accessories 1696,Accessories,58,5.44,217,278,3999,0,Medium,79,1
P1697,T-Shirt 1697,T-Shirt,119,2.25,25,286,1999,40,Medium,66,1
P1698,Shirt 1698,Shirt,103,3.22,159,229,4999,15,Medium,95,1
P1699,T-Shirt 1699,T-Shirt,28,3.39,31,81,4999,30,Low,9,1
P1700,Accessories 1700,Accessories,70,5.22,81,157,1499,20,High,61,0
P1701,Shoes 1701,Shoes,103,3.15,61,365,799,5,High,95,0
P1702,Dress 1702,Dress,76,2.88,123,348,4999,50,Medium,7,1
P1703,Shirt 1703,Shirt,101,2.42,169,111,4999,20,Medium,95,1
P1704,Hoodie 1704,Hoodie,17,4.85,68,48,3999,30,High,3,0
P1705,Hoodie 1705,Hoodie,1,2.15,52,182,1999,40,Medium,28,0
P1706,Accessories 1706,Accessories,7,8.19,154,251,1999,40,High,11,0
P1707,Hoodie 1707,Hoodie,74,3.42,162,259,2499,15,Medium,100,0
P1708,Dress 1708,Dress,96,0.6,160,280,799,15,Medium,99,1
P1709,Accessories 1709,Accessories,53,4.2,155,340,4999,15,Medium,50,1
P1710,Dress 1710,Dress,37,4.72,229,98,1999,0,Medium,18,1
P1711,Shoes 1711,Shoes,47,8.25,264,17,2999,50,Low,100,0
P1712,T-Shirt 1712,T-Shirt,26,1.77,260,158,3999,20,High,30,1
P1713,Shoes 1713,Shoes,19,1.54,65,195,1999,5,Medium,25,0
P1714,Shoes 1714,Shoes,11,5.35,264,170,1299,40,High,5,0
P1715,Dress 1715,Dress,42,7.35,166,132,2499,5,Low,28,0
P1716,Accessories 1716,Accessories,60,1.71,35,217,2999,10,Medium,16,1
P1717,Accessories 1717,Accessories,30,4.09,75,103,1499,15,High,19,0
P1718,Hoodie 1718,Hoodie,90,3.19,6,315,4999,30,High,41,1
P1719,Jeans 1719,Jeans,95,1.76,54,345,1499,5,High,46,1
P1720,T-Shirt 1720,T-Shirt,60,3.04,139,53,999,15,High,73,1
P1721,Dress 1721,Dress,73,6.99,150,314,4999,5,Low,69,0
P1722,Hoodie 1722,Hoodie,66,3.43,183,230,1499,20,High,95,0
P1723,Shirt 1723,Shirt,108,2.92,268,63,1499,10,Low,1,1
P1724,Jeans 1724,Jeans,90,5.15,208,81,799,15,Low,73,1
P1725,Jeans 1725,Jeans,34,7.43,191,260,999,0,Low,36,0
P1726,Dress 1726,Dress,94,1.41,34,157,1299,0,High,90,1
P1727,Jacket 1727,Jacket,14,4.21,63,65,2999,50,Low,18,0
P1728,T-Shirt 1728,T-Shirt,15,2.49,13,331,4999,5,Low,40,1
P1729,Jeans 1729,Jeans,12,3.45,171,92,1999,40,Low,15,0
P1730,Dress 1730,Dress,112,5.44,283,176,1499,20,Medium,83,1
P1731,Dress 1731,Dress,34,2.65,195,152,999,30,High,59,0
P1732,Hoodie 1732,Hoodie,115,3.13,246,333,2999,50,Medium,56,1
P1733,Shirt 1733,Shirt,74,6.6,282,39,2499,50,Medium,99,0
P1734,Jacket 1734,Jacket,58,4.64,158,9,2999,40,Low,63,0
P1735,T-Shirt 1735,T-Shirt,20,3.07,164,290,3999,15,Low,4,0
P1736,Accessories 1736,Accessories,114,3.71,269,263,4999,10,Low,17,1
P1737,Shoes 1737,Shoes,53,3.5,239,132,1999,50,Medium,71,1
P1738,Shirt 1738,Shirt,74,0.55,203,119,1999,50,Medium,12,1
P1739,Shirt 1739,Shirt,29,3.75,37,309,1499,20,Low,73,0
P1740,Hoodie 1740,Hoodie,47,1.01,93,299,1299,5,High,35,1
P1741,Accessories 1741,Accessories,116,7.29,99,348,2999,20,High,18,1
P1742,Jeans 1742,Jeans,34,0.99,225,54,1999,10,Low,30,1
P1743,Jeans 1743,Jeans,85,2.39,73,281,2999,20,Low,99,1
P1744,Hoodie 1744,Hoodie,37,2.03,298,201,999,15,High,92,1
P1745,Dress 1745,Dress,30,9.18,241,345,4999,50,Low,22,1
P1746,Jeans 1746,Jeans,77,7.09,164,231,4999,5,Medium,31,1
P1747,Jacket 1747,Jacket,23,0.23,280,219,4999,10,Medium,10,1
P1748,T-Shirt 1748,T-Shirt,113,3.3,294,327,1999,50,High,65,1
P1749,Shirt 1749,Shirt,48,1.2,46,288,4999,5,Medium,95,0
P1750,Shirt 1750,Shirt,95,3.77,70,144,799,30,Low,4,1
P1751,Jacket 1751,Jacket,99,5.35,25,361,999,50,Low,94,0
P1752,Accessories 1752,Accessories,31,4.01,74,339,1999,15,Low,12,0
P1753,Jeans 1753,Jeans,54,5.58,265,76,1999,10,Medium,85,0
P1754,Shirt 1754,Shirt,78,2.71,250,305,2499,30,Medium,63,1
P1755,Shoes 1755,Shoes,106,4.1,239,76,3999,30,High,34,1
P1756,Accessories 1756,Accessories,57,5.44,276,214,799,30,Medium,82,1
P1757,T-Shirt 1757,T-Shirt,98,2.31,103,206,4999,10,Medium,28,1
P1758,T-Shirt 1758,T-Shirt,2,1.58,39,65,1499,5,Medium,22,0
P1759,Shirt 1759,Shirt,79,1.93,175,265,3999,20,Low,82,1
P1760,Hoodie 1760,Hoodie,68,3.04,114,347,1999,20,High,79,1
P1761,Accessories 1761,Accessories,84,3.37,299,357,799,30,Low,94,1
P1762,Shirt 1762,Shirt,9,4.28,14,340,4999,0,Low,15,0
P1763,Hoodie 1763,Hoodie,82,1.77,206,363,3999,0,Low,25,1
P1764,Shirt 1764,Shirt,24,5.56,261,345,1999,10,Medium,2,1
P1765,Shoes 1765,Shoes,67,10.59,266,171,1499,5,High,22,0
P1766,Accessories 1766,Accessories,60,2.04,185,251,3999,10,Low,56,1
P1767,Dress 1767,Dress,28,14.52,70,90,4999,5,Medium,8,0
P1768,T-Shirt 1768,T-Shirt,18,11.53,298,315,2999,15,Low,50,0
P1769,Shirt 1769,Shirt,42,3.36,165,120,1499,0,High,87,0
P1770,Shoes 1770,Shoes,65,2.97,71,240,2999,10,Medium,32,1
P1771,Hoodie 1771,Hoodie,73,1.91,104,268,2499,40,Medium,77,1
P1772,Hoodie 1772,Hoodie,60,6.14,81,178,1299,50,Medium,91,0
P1773,T-Shirt 1773,T-Shirt,42,3.54,39,24,1299,15,High,23,0
P1774,Jacket 1774,Jacket,24,3.83,49,241,799,20,Medium,49,0
P1775,Shirt 1775,Shirt,19,1.61,154,316,1999,0,Medium,51,1
P1776,Accessories 1776,Accessories,47,6.26,72,163,3999,5,Medium,70,0
P1777,Jeans 1777,Jeans,82,2.78,258,217,2499,30,Medium,37,1
P1778,Hoodie 1778,Hoodie,86,1.28,21,287,3999,50,Low,43,1
P1779,Accessories 1779,Accessories,23,3.16,265,325,2999,20,Medium,88,0
P1780,Accessories 1780,Accessories,10,1.71,217,202,999,20,Low,55,0
P1781,Dress 1781,Dress,109,8.26,260,121,3999,15,Medium,65,1
P1782,Accessories 1782,Accessories,97,11.43,220,166,1499,50,Medium,44,1
P1783,Accessories 1783,Accessories,54,3.23,290,161,1999,40,Low,51,1
P1784,Dress 1784,Dress,27,6.95,11,57,3999,50,Medium,0,0
P1785,Hoodie 1785,Hoodie,68,6.83,203,290,1999,10,High,86,0
P1786,Accessories 1786,Accessories,62,0.04,95,79,1999,30,Medium,81,1
P1787,Jacket 1787,Jacket,58,1.94,151,334,2499,50,Low,63,1
P1788,Jacket 1788,Jacket,4,3.66,154,347,2999,50,High,7,1
P1789,Shoes 1789,Shoes,50,2.36,56,116,4999,50,Medium,97,0
P1790,Dress 1790,Dress,20,1.81,247,292,2999,10,Low,42,1
P1791,Shoes 1791,Shoes,11,7.15,223,227,2499,15,Medium,7,1
P1792,Dress 1792,Dress,49,2.29,10,15,1499,50,Medium,28,1
P1793,Shirt 1793,Shirt,3,4.29,113,88,999,20,Medium,12,0
P1794,Shirt 1794,Shirt,117,6.73,70,326,4999,0,Medium,0,1
P1795,Accessories 1795,Accessories,112,8.59,14,300,1999,20,Medium,28,1
P1796,Jeans 1796,Jeans,41,1.29,206,28,1999,15,High,49,1
P1797,Shirt 1797,Shirt,83,1.4,286,105,1299,20,Medium,36,1
P1798,Jeans 1798,Jeans,37,3.95,218,176,1299,30,Medium,0,1
P1799,Shirt 1799,Shirt,24,0.41,72,196,799,20,High,68,0
P1800,T-Shirt 1800,T-Shirt,13,1.47,251,112,1999,50,Medium,47,1
P1801,Shirt 1801,Shirt,74,7.68,54,326,1299,20,High,54,0
P1802,Shoes 1802,Shoes,31,5.26,21,271,999,20,Low,65,0
P1803,Hoodie 1803,Hoodie,10,3.04,15,357,4999,0,Low,62,0
P1804,Accessories 1804,Accessories,60,4.72,128,174,2499,5,High,21,1
P1805,Shoes 1805,Shoes,17,5.51,229,350,1299,5,Low,93,0
P1806,Hoodie 1806,Hoodie,26,0.89,248,119,2999,10,Low,10,1
P1807,Jacket 1807,Jacket,54,2.25,33,334,4999,50,Medium,28,1
P1808,Shoes 1808,Shoes,53,8.39,289,312,4999,5,Medium,2,1
P1809,Jacket 1809,Jacket,81,4.0,63,154,799,5,Medium,44,0
P1810,Jeans 1810,Jeans,119,4.17,147,343,999,5,Low,76,1
P1811,Jeans 1811,Jeans,86,3.24,230,226,3999,50,Low,2,1
P1812,T-Shirt 1812,T-Shirt,74,0.56,168,39,799,40,Medium,73,1
P1813,Shirt 1813,Shirt,20,2.01,88,226,1299,50,Medium,67,0
P1814,Shoes 1814,Shoes,43,4.51,121,325,2999,20,Medium,13,1
P1815,Jacket 1815,Jacket,4,2.3,208,191,3999,40,Medium,86,0
P1816,Hoodie 1816,Hoodie,86,1.34,298,199,1999,20,Medium,80,1
P1817,Jeans 1817,Jeans,40,1.51,149,186,999,30,Low,64,1
P1818,Shirt 1818,Shirt,58,8.51,31,361,1299,50,High,56,0
P1819,Jeans 1819,Jeans,88,2.2,21,12,4999,0,Low,14,1
P1820,Hoodie 1820,Hoodie,104,7.4,67,15,2999,40,Low,59,0
P1821,Shirt 1821,Shirt,53,4.19,271,363,799,20,Medium,53,1
P1822,Shirt 1822,Shirt,73,2.77,68,67,1299,20,Low,1,1
P1823,Jacket 1823,Jacket,21,1.73,43,169,4999,5,Medium,81,0
P1824,Jacket 1824,Jacket,82,5.36,134,105,2999,0,Medium,63,1
P1825,Shoes 1825,Shoes,64,6.8,119,154,999,0,Medium,85,1
P1826,Shoes 1826,Shoes,63,5.72,49,64,2499,5,Medium,27,1
P1827,Dress 1827,Dress,70,0.99,220,221,4999,40,High,93,1
P1828,Accessories 1828,Accessories,3,2.19,92,322,1499,5,Medium,76,0
P1829,Dress 1829,Dress,64,2.42,181,188,999,0,Medium,66,1
P1830,T-Shirt 1830,T-Shirt,14,0.43,269,41,1299,15,High,2,1
P1831,Jeans 1831,Jeans,103,4.68,109,309,2999,5,Medium,52,1
P1832,Shoes 1832,Shoes,75,5.17,175,52,1499,5,Medium,25,1
P1833,Jacket 1833,Jacket,21,5.04,112,93,2999,0,Medium,3,0
P1834,Hoodie 1834,Hoodie,85,4.47,165,10,1999,50,Medium,15,1
P1835,Jacket 1835,Jacket,113,2.59,287,272,3999,40,High,91,1
P1836,Jeans 1836,Jeans,46,1.67,44,113,3999,15,Low,71,0
P1837,Dress 1837,Dress,80,2.58,30,81,1999,30,High,53,0
P1838,Jacket 1838,Jacket,92,4.21,87,46,2999,15,Medium,15,1
P1839,Accessories 1839,Accessories,45,7.86,177,133,2499,10,High,30,0
P1840,T-Shirt 1840,T-Shirt,13,3.54,177,189,3999,50,Low,86,0
P1841,Jeans 1841,Jeans,49,3.45,286,125,4999,15,High,1,1
P1842,Dress 1842,Dress,19,0.49,74,79,1999,50,Low,72,0
P1843,Accessories 1843,Accessories,49,4.42,10,46,2999,5,Medium,90,0
P1844,Hoodie 1844,Hoodie,111,8.25,288,210,799,20,Medium,44,1
P1845,Dress 1845,Dress,32,3.06,199,102,3999,0,Medium,53,0
P1846,Shirt 1846,Shirt,118,2.88,17,285,1299,50,Medium,58,1
P1847,Accessories 1847,Accessories,58,2.45,67,149,799,30,Low,58,0
P1848,Accessories 1848,Accessories,42,5.49,17,121,2499,5,Medium,21,0
P1849,T-Shirt 1849,T-Shirt,78,0.46,253,139,3999,30,Low,33,1
P1850,Jeans 1850,Jeans,11,7.4,209,174,1299,0,Medium,72,0
P1851,Hoodie 1851,Hoodie,39,2.78,257,251,799,30,Medium,96,1
P1852,T-Shirt 1852,T-Shirt,117,4.48,44,283,1299,15,Low,55,1
P1853,Dress 1853,Dress,19,5.79,169,265,1999,0,Medium,33,0
P1854,T-Shirt 1854,T-Shirt,93,1.49,35,52,3999,5,Medium,98,0
P1855,Accessories 1855,Accessories,37,3.28,21,352,4999,50,Low,25,0
P1856,Jeans 1856,Jeans,2,2.73,141,341,4999,20,High,70,0
P1857,Shoes 1857,Shoes,27,1.18,169,243,1499,5,Medium,44,1
P1858,T-Shirt 1858,T-Shirt,55,6.76,285,59,3999,40,Low,90,0
P1859,Shirt 1859,Shirt,89,2.56,227,154,1999,50,Low,75,1
P1860,T-Shirt 1860,T-Shirt,93,1.13,126,193,1299,10,Medium,80,1
P1861,Dress 1861,Dress,12,3.44,82,27,1999,0,Medium,20,0
P1862,Dress 1862,Dress,76,0.84,92,96,999,5,Low,42,1
P1863,Hoodie 1863,Hoodie,65,2.3,117,239,2499,15,Low,85,0
P1864,Dress 1864,Dress,36,4.15,104,221,799,15,Medium,89,0
P1865,Jacket 1865,Jacket,48,0.75,243,57,2499,50,Medium,38,1
P1866,Jeans 1866,Jeans,101,5.24,115,159,1999,40,Low,12,1
P1867,Jeans 1867,Jeans,65,3.57,94,330,4999,30,Medium,41,1
P1868,Shoes 1868,Shoes,35,5.81,143,122,2999,5,High,44,0
P1869,Shoes 1869,Shoes,53,5.77,139,220,2499,30,High,86,0
P1870,Jeans 1870,Jeans,25,2.23,16,345,2999,10,High,50,0
P1871,Shirt 1871,Shirt,74,2.29,248,357,1999,0,High,93,1
P1872,Shoes 1872,Shoes,71,4.72,186,143,799,10,Low,16,1
P1873,Hoodie 1873,Hoodie,107,1.28,199,291,4999,20,Low,90,1
P1874,Dress 1874,Dress,39,1.29,126,77,1999,40,Medium,83,0
P1875,Jeans 1875,Jeans,42,1.98,57,251,1499,30,Medium,62,0
P1876,Accessories 1876,Accessories,21,0.92,177,44,2499,5,High,6,0
P1877,Shoes 1877,Shoes,19,1.12,183,222,1999,30,Low,54,0
P1878,Jeans 1878,Jeans,7,1.16,297,133,799,10,Medium,3,1
P1879,Jacket 1879,Jacket,28,2.57,63,78,999,50,Medium,30,0
P1880,T-Shirt 1880,T-Shirt,39,2.47,58,232,1499,40,Medium,93,0
P1881,Dress 1881,Dress,89,6.43,261,321,3999,20,Medium,94,1
P1882,Jeans 1882,Jeans,29,2.6,249,290,1999,10,Low,55,1
P1883,T-Shirt 1883,T-Shirt,80,3.09,153,308,2999,20,High,3,1
P1884,Shoes 1884,Shoes,83,10.09,288,252,999,40,Medium,81,1
P1885,T-Shirt 1885,T-Shirt,115,0.25,20,77,3999,15,Medium,83,1
P1886,Dress 1886,Dress,54,3.86,180,201,1999,15,Low,39,1
P1887,Jeans 1887,Jeans,15,2.78,32,44,1499,5,Medium,46,0
P1888,Jacket 1888,Jacket,45,4.16,133,123,4999,50,Low,49,1
P1889,Shirt 1889,Shirt,61,2.09,227,244,2499,10,Low,22,1
P1890,Shoes 1890,Shoes,106,2.59,248,210,1499,15,Low,50,1
P1891,Jeans 1891,Jeans,6,7.62,242,357,3999,30,Low,37,0
P1892,Dress 1892,Dress,79,4.67,236,325,1299,40,Medium,8,1
P1893,Shoes 1893,Shoes,44,2.7,96,365,999,0,Medium,60,1
P1894,Hoodie 1894,Hoodie,58,1.71,7,11,2999,40,High,79,0
P1895,T-Shirt 1895,T-Shirt,110,1.28,85,163,1499,30,Low,20,1
P1896,Shirt 1896,Shirt,55,2.2,48,113,1499,15,Low,8,0
P1897,Dress 1897,Dress,47,2.89,159,234,4999,15,High,24,1
P1898,Hoodie 1898,Hoodie,26,10.07,28,148,999,10,Low,35,0
P1899,Accessories 1899,Accessories,52,3.66,103,320,799,20,Low,42,1
P1900,Jeans 1900,Jeans,86,1.89,175,178,2999,0,Low,77,1
P1901,Jacket 1901,Jacket,87,0.25,152,152,3999,0,High,80,1
P1902,Shoes 1902,Shoes,72,1.66,127,13,1299,20,High,27,1
P1903,T-Shirt 1903,T-Shirt,34,2.2,116,349,999,10,Medium,63,1
P1904,Shoes 1904,Shoes,50,3.93,134,359,1499,15,Medium,44,1
P1905,Shirt 1905,Shirt,83,2.27,72,307,999,20,Medium,55,1
P1906,Jeans 1906,Jeans,36,10.38,221,22,999,40,High,47,0
P1907,Shoes 1907,Shoes,105,2.73,100,326,1999,40,Low,7,1
P1908,T-Shirt 1908,T-Shirt,80,6.58,149,43,1999,40,High,13,0
P1909,Jeans 1909,Jeans,110,0.69,37,159,3999,0,Low,14,1
P1910,Shoes 1910,Shoes,94,3.15,290,271,4999,0,Medium,38,1
P1911,Jacket 1911,Jacket,118,1.68,9,189,999,40,Low,24,1
P1912,Dress 1912,Dress,56,6.7,122,162,799,40,Medium,62,1
P1913,Jeans 1913,Jeans,7,2.4,144,143,1299,40,Medium,58,0
P1914,Dress 1914,Dress,78,7.76,234,96,2499,15,Medium,74,1
P1915,Accessories 1915,Accessories,94,5.19,164,224,1999,15,Medium,28,1
P1916,Jeans 1916,Jeans,116,2.15,298,336,3999,5,Medium,2,1
P1917,Jacket 1917,Jacket,93,1.26,253,192,3999,30,High,38,1
P1918,Dress 1918,Dress,109,1.77,277,215,999,20,Low,21,1
P1919,Hoodie 1919,Hoodie,19,2.59,190,57,4999,15,Medium,100,0
P1920,T-Shirt 1920,T-Shirt,102,5.17,44,294,1499,5,Low,40,0
P1921,Hoodie 1921,Hoodie,52,3.23,228,94,799,10,Medium,19,1
P1922,Shoes 1922,Shoes,118,5.84,156,142,999,40,Medium,18,1
P1923,Jacket 1923,Jacket,11,8.17,144,164,2499,0,Medium,12,0
P1924,Hoodie 1924,Hoodie,48,3.36,132,288,1999,20,Medium,90,0
P1925,Jeans 1925,Jeans,16,1.39,151,161,2999,30,Medium,18,1
P1926,Shoes 1926,Shoes,63,4.3,289,226,4999,10,Medium,79,1
P1927,Shoes 1927,Shoes,41,11.14,222,173,2499,20,Medium,65,0
P1928,Hoodie 1928,Hoodie,93,6.06,224,328,2499,20,High,64,1
P1929,Accessories 1929,Accessories,28,4.06,149,185,999,15,Medium,2,0
P1930,Hoodie 1930,Hoodie,18,1.56,281,335,2999,5,Medium,23,1
P1931,Accessories 1931,Accessories,109,2.81,246,56,999,20,High,37,1
P1932,Jacket 1932,Jacket,10,0.74,64,307,2999,30,High,1,1
P1933,T-Shirt 1933,T-Shirt,97,1.19,102,93,3999,10,Medium,55,1
P1934,Hoodie 1934,Hoodie,49,4.36,185,39,799,30,Medium,79,0
P1935,Shirt 1935,Shirt,70,0.57,118,281,4999,20,Medium,92,1
P1936,Accessories 1936,Accessories,107,2.49,107,147,3999,50,Medium,36,1
P1937,Hoodie 1937,Hoodie,57,1.07,61,212,4999,30,Medium,3,1
P1938,Dress 1938,Dress,33,1.24,289,230,1999,30,High,77,1
P1939,Jeans 1939,Jeans,19,3.41,133,119,1499,40,Low,80,0
P1940,Shirt 1940,Shirt,49,1.77,90,284,799,50,Medium,43,1
P1941,Shirt 1941,Shirt,101,0.87,204,359,4999,5,High,44,1
P1942,Accessories 1942,Accessories,87,2.08,75,11,1499,50,Low,80,0
P1943,Dress 1943,Dress,9,0.84,102,218,1499,0,Medium,83,0
P1944,Dress 1944,Dress,31,7.44,180,262,1499,50,High,46,0
P1945,Shoes 1945,Shoes,51,5.37,237,340,999,20,High,92,0
P1946,Accessories 1946,Accessories,14,5.35,79,36,1499,10,Medium,25,0
P1947,T-Shirt 1947,T-Shirt,100,1.63,147,353,999,40,Low,80,1
P1948,Jeans 1948,Jeans,83,4.47,27,88,3999,40,Low,75,0
P1949,Jacket 1949,Jacket,2,3.79,185,242,2999,0,Medium,91,0
P1950,Shirt 1950,Shirt,36,1.74,49,350,999,30,Low,8,1
P1951,Jacket 1951,Jacket,120,3.08,96,329,999,0,Low,95,1
P1952,Hoodie 1952,Hoodie,39,0.7,273,259,999,15,High,97,1
P1953,Hoodie 1953,Hoodie,71,1.29,38,124,799,15,High,79,1
P1954,Jacket 1954,Jacket,39,3.01,170,36,2499,20,High,47,0
P1955,Hoodie 1955,Hoodie,107,2.18,74,117,2499,40,Low,30,1
P1956,T-Shirt 1956,T-Shirt,55,4.19,200,260,799,10,Low,54,1
P1957,Dress 1957,Dress,22,1.78,137,205,799,50,High,90,0
P1958,Hoodie 1958,Hoodie,103,2.45,251,301,2499,15,Medium,92,1
P1959,Shoes 1959,Shoes,10,3.21,172,348,2499,30,High,0,1
P1960,Hoodie 1960,Hoodie,109,1.65,281,303,1499,5,High,90,1
P1961,Jeans 1961,Jeans,63,2.42,160,293,1299,5,High,95,1
P1962,T-Shirt 1962,T-Shirt,7,3.77,27,250,4999,50,Medium,58,0
P1963,Jeans 1963,Jeans,92,8.88,204,227,2499,30,Medium,10,1
P1964,Jeans 1964,Jeans,93,1.66,279,162,799,50,Medium,98,1
P1965,Shoes 1965,Shoes,55,2.19,54,242,1299,50,Medium,1,1
P1966,T-Shirt 1966,T-Shirt,59,6.02,190,326,799,0,Medium,45,1
P1967,T-Shirt 1967,T-Shirt,9,7.06,24,25,1299,30,High,0,0
P1968,Accessories 1968,Accessories,38,4.77,120,221,999,0,Low,69,0
P1969,T-Shirt 1969,T-Shirt,27,6.94,96,120,1999,0,High,70,0
P1970,T-Shirt 1970,T-Shirt,48,1.58,57,206,1299,5,Low,65,0
P1971,T-Shirt 1971,T-Shirt,35,6.5,127,31,2999,50,Medium,1,0
P1972,Shoes 1972,Shoes,12,5.5,269,127,3999,50,High,68,1
P1973,Hoodie 1973,Hoodie,95,1.23,8,236,2999,15,Low,12,1
P1974,Accessories 1974,Accessories,35,2.48,173,105,999,30,Medium,18,1
P1975,Jeans 1975,Jeans,100,0.34,285,352,2999,15,Low,82,1
P1976,T-Shirt 1976,T-Shirt,25,3.57,294,9,1299,20,High,46,0
P1977,Shirt 1977,Shirt,85,6.42,77,267,2999,10,High,0,1
P1978,Hoodie 1978,Hoodie,3,2.1,141,260,799,5,High,98,1
P1979,Hoodie 1979,Hoodie,94,1.36,260,26,999,40,High,17,1
P1980,Jeans 1980,Jeans,81,1.28,145,210,799,0,Medium,31,1
P1981,Shoes 1981,Shoes,63,3.17,212,300,4999,10,Low,95,1
P1982,Jacket 1982,Jacket,37,4.74,264,363,999,0,Medium,71,0
P1983,Jacket 1983,Jacket,87,9.0,267,134,999,10,Medium,10,1
P1984,Hoodie 1984,Hoodie,119,0.3,275,364,2499,10,Medium,19,1
P1985,Dress 1985,Dress,86,8.28,42,298,2999,15,High,7,1
P1986,Dress 1986,Dress,21,3.71,207,180,999,40,Low,91,0
P1987,Jeans 1987,Jeans,1,6.21,228,227,1499,20,Low,84,0
P1988,Jacket 1988,Jacket,30,5.28,56,361,1299,20,Medium,37,0
P1989,Hoodie 1989,Hoodie,118,3.32,85,43,1999,0,Low,5,1
P1990,Shoes 1990,Shoes,10,3.23,215,316,4999,5,Medium,1,1
P1991,Jacket 1991,Jacket,91,4.27,11,155,999,20,Medium,73,1
P1992,Hoodie 1992,Hoodie,45,2.64,49,98,1999,5,Medium,72,0
P1993,Hoodie 1993,Hoodie,95,2.81,281,76,3999,0,Low,54,1
P1994,T-Shirt 1994,T-Shirt,61,4.91,263,90,2499,5,High,2,1
P1995,Shoes 1995,Shoes,68,1.66,146,211,1499,10,Low,65,1
P1996,T-Shirt 1996,T-Shirt,63,6.62,262,273,3999,10,Medium,99,1
P1997,Jeans 1997,Jeans,101,6.25,289,94,1299,0,Medium,71,1
P1998,T-Shirt 1998,T-Shirt,9,2.2,41,258,1499,5,Low,72,0
P1999,Shirt 1999,Shirt,39,4.94,49,217,4999,50,Low,25,0
P2000,T-Shirt 2000,T-Shirt,109,4.51,124,349,1999,50,Low,97,1
P2001,Shirt 2001,Shirt,23,2.02,50,37,2499,50,Medium,47,0
P2002,Jacket 2002,Jacket,98,5.2,144,363,999,40,High,93,1
P2003,Dress 2003,Dress,43,8.68,57,322,4999,40,Medium,7,0
P2004,Accessories 2004,Accessories,111,6.77,292,67,3999,5,Medium,66,1
P2005,Accessories 2005,Accessories,59,0.86,278,73,2999,0,Medium,74,1
P2006,Hoodie 2006,Hoodie,61,4.62,273,232,4999,40,Low,88,1
P2007,Accessories 2007,Accessories,86,6.05,283,341,1999,20,Low,68,1
P2008,Shirt 2008,Shirt,16,1.91,66,333,1999,15,High,75,0
P2009,Shoes 2009,Shoes,64,6.62,58,73,4999,50,Low,29,1
P2010,T-Shirt 2010,T-Shirt,118,1.73,73,134,1999,20,High,26,1
P2011,Shirt 2011,Shirt,94,2.62,246,117,4999,30,Low,42,1
P2012,Shoes 2012,Shoes,94,1.79,274,278,799,15,Medium,4,1
P2013,Dress 2013,Dress,105,1.54,256,307,3999,5,High,19,1
P2014,Accessories 2014,Accessories,56,4.27,288,40,1299,15,Medium,51,1
P2015,Dress 2015,Dress,54,0.94,75,218,3999,40,Medium,20,1
P2016,Accessories 2016,Accessories,105,2.73,104,306,1999,15,Medium,2,1
P2017,T-Shirt 2017,T-Shirt,52,4.27,65,131,999,5,Medium,40,0
P2018,Jeans 2018,Jeans,55,1.81,107,109,4999,10,Low,63,0
P2019,T-Shirt 2019,T-Shirt,97,7.4,123,212,1499,15,High,67,1
P2020,Jacket 2020,Jacket,8,2.91,21,126,2999,40,Low,87,0
P2021,Shirt 2021,Shirt,21,9.6,195,176,3999,40,Low,70,0
P2022,Hoodie 2022,Hoodie,12,0.84,216,41,2999,50,High,23,1
P2023,Jeans 2023,Jeans,88,4.39,82,337,2499,0,Medium,51,1
P2024,T-Shirt 2024,T-Shirt,47,3.78,50,252,2999,20,Medium,74,0
P2025,Shoes 2025,Shoes,17,2.39,97,346,1499,5,High,1,1
P2026,Jeans 2026,Jeans,114,3.34,17,315,799,5,Medium,43,1
P2027,Shirt 2027,Shirt,75,4.86,232,64,1999,15,Medium,40,1
P2028,Accessories 2028,Accessories,39,5.52,21,312,3999,10,High,69,0
P2029,Jeans 2029,Jeans,16,2.98,66,147,2499,10,Medium,6,1
P2030,Accessories 2030,Accessories,14,4.43,47,117,1999,20,Low,37,0
P2031,Shirt 2031,Shirt,105,1.65,72,169,999,20,Medium,81,1
P2032,T-Shirt 2032,T-Shirt,14,5.6,216,117,1999,40,Medium,44,0
P2033,Shirt 2033,Shirt,78,8.37,207,158,1299,10,Low,8,1
P2034,Jeans 2034,Jeans,62,5.89,218,71,999,30,Medium,52,1
P2035,Shoes 2035,Shoes,118,1.79,113,112,1299,10,Medium,27,1
P2036,Dress 2036,Dress,38,1.42,288,222,1499,10,Low,18,1
P2037,Jeans 2037,Jeans,12,13.61,98,97,999,15,Medium,67,0
P2038,Shirt 2038,Shirt,80,8.01,229,32,1499,40,Low,3,1
P2039,Dress 2039,Dress,31,5.53,229,163,1499,0,Medium,12,1
P2040,Shirt 2040,Shirt,8,8.74,243,78,2499,20,Medium,91,0
P2041,Shoes 2041,Shoes,39,3.26,122,50,1999,30,Low,10,1
P2042,Shirt 2042,Shirt,19,5.46,95,96,2999,30,Low,1,0
P2043,T-Shirt 2043,T-Shirt,89,7.34,293,139,2999,50,Low,69,1
P2044,Hoodie 2044,Hoodie,90,2.64,285,167,1299,5,Low,11,1
P2045,Accessories 2045,Accessories,84,4.62,23,238,4999,10,Medium,36,0
P2046,Accessories 2046,Accessories,81,6.8,179,267,2999,10,Medium,55,1
P2047,Jeans 2047,Jeans,76,1.33,110,117,2999,50,Low,87,0
P2048,Hoodie 2048,Hoodie,79,2.43,293,170,999,0,Medium,51,1
P2049,Shirt 2049,Shirt,72,6.7,252,83,1299,40,High,72,0
P2050,Shoes 2050,Shoes,62,3.86,146,215,1299,10,Low,89,0
P2051,Jeans 2051,Jeans,75,3.49,197,19,2499,50,Medium,3,1
P2052,Shirt 2052,Shirt,43,3.19,295,64,1499,20,Medium,3,1
P2053,Dress 2053,Dress,37,7.18,212,350,1499,30,Low,48,1
P2054,Jacket 2054,Jacket,82,1.47,252,42,799,10,High,51,1
P2055,Shirt 2055,Shirt,59,2.3,146,31,2499,0,High,33,1
P2056,Hoodie 2056,Hoodie,70,0.93,226,40,3999,50,Low,21,1
P2057,Jeans 2057,Jeans,120,2.57,229,146,3999,15,High,12,1
P2058,Hoodie 2058,Hoodie,98,3.72,188,281,3999,20,Medium,62,1
P2059,Jeans 2059,Jeans,47,0.49,192,228,1999,15,Low,14,1
P2060,Shirt 2060,Shirt,17,1.67,117,43,2499,5,Medium,39,0
P2061,T-Shirt 2061,T-Shirt,15,3.85,185,135,1999,0,Low,37,0
P2062,Dress 2062,Dress,54,4.56,203,322,1499,5,Medium,54,1
P2063,Shirt 2063,Shirt,38,10.06,74,329,1499,50,Low,43,0
P2064,Accessories 2064,Accessories,67,5.06,90,224,1499,5,Medium,65,0
P2065,Hoodie 2065,Hoodie,58,2.89,43,341,1499,30,Medium,65,0
P2066,Jacket 2066,Jacket,88,3.65,135,254,2499,5,Medium,42,1
P2067,Jacket 2067,Jacket,95,3.74,14,117,2499,5,Low,71,1
P2068,Shoes 2068,Shoes,61,2.3,7,310,1999,0,Medium,37,1
P2069,Jeans 2069,Jeans,103,3.98,154,226,4999,50,Low,81,1
P2070,Hoodie 2070,Hoodie,12,2.21,71,202,3999,15,Medium,28,0
P2071,Shoes 2071,Shoes,108,4.12,197,153,2499,10,Low,74,1
P2072,Hoodie 2072,Hoodie,80,3.18,101,350,4999,5,Medium,55,1
P2073,Accessories 2073,Accessories,112,2.79,23,46,1999,30,Low,5,1
P2074,Jeans 2074,Jeans,100,2.86,102,140,1499,40,Medium,8,1
P2075,Shirt 2075,Shirt,5,5.65,61,358,2499,10,Medium,21,0
P2076,Shirt 2076,Shirt,82,5.28,111,197,1499,30,Medium,45,0
P2077,Jacket 2077,Jacket,76,2.68,92,169,3999,50,Medium,88,0
P2078,Shirt 2078,Shirt,120,5.5,145,67,2999,10,Medium,30,1
P2079,Shirt 2079,Shirt,59,3.14,148,11,1999,5,High,20,1
P2080,Accessories 2080,Accessories,89,3.17,56,43,2499,50,Medium,37,1
P2081,T-Shirt 2081,T-Shirt,13,2.31,216,223,2999,20,Medium,51,1
P2082,Jacket 2082,Jacket,94,9.37,45,231,999,40,High,18,0
P2083,Shoes 2083,Shoes,53,8.73,95,222,4999,10,High,9,1
P2084,Dress 2084,Dress,3,1.92,43,145,2999,50,Medium,45,0
P2085,T-Shirt 2085,T-Shirt,38,2.56,17,112,3999,20,Low,100,0
P2086,Shoes 2086,Shoes,71,4.35,100,105,1999,15,Medium,75,1
P2087,Jeans 2087,Jeans,24,4.94,113,174,1299,10,Medium,82,0
P2088,T-Shirt 2088,T-Shirt,76,1.36,108,270,999,0,Medium,65,0
P2089,Accessories 2089,Accessories,31,1.58,235,93,999,30,Medium,78,1
P2090,Shoes 2090,Shoes,58,4.95,47,90,1299,40,Medium,37,1
P2091,Jeans 2091,Jeans,101,0.85,213,230,799,50,Medium,61,1
P2092,Jacket 2092,Jacket,62,1.93,92,17,799,50,Medium,71,0
P2093,Dress 2093,Dress,37,6.08,97,333,2999,15,Low,45,1
P2094,Jeans 2094,Jeans,119,5.89,178,192,3999,15,Low,34,1
P2095,Shirt 2095,Shirt,91,9.03,130,356,2499,50,Medium,42,1
P2096,Hoodie 2096,Hoodie,52,11.05,113,237,2999,40,Medium,29,0
P2097,Jeans 2097,Jeans,93,17.24,51,147,799,20,High,72,0
P2098,Jeans 2098,Jeans,66,2.5,218,112,799,50,Low,62,1
P2099,Dress 2099,Dress,27,2.05,96,259,4999,50,Low,29,0
P2100,Hoodie 2100,Hoodie,2,4.47,185,55,1999,5,Medium,82,0
P2101,Shirt 2101,Shirt,108,0.95,45,269,2999,30,Medium,28,1
P2102,Shoes 2102,Shoes,117,2.75,263,211,2499,0,Low,65,1
P2103,Shoes 2103,Shoes,97,3.71,125,363,1499,40,Medium,91,1
P2104,Jeans 2104,Jeans,79,4.72,81,57,799,40,Low,71,0
P2105,Accessories 2105,Accessories,21,5.08,99,181,1499,0,Low,88,0
P2106,Accessories 2106,Accessories,95,2.69,273,231,3999,20,Low,73,1
P2107,Hoodie 2107,Hoodie,37,1.1,22,267,799,20,Medium,21,0
P2108,Hoodie 2108,Hoodie,71,1.34,297,228,999,15,High,34,1
P2109,Shirt 2109,Shirt,118,0.42,175,229,3999,40,Low,41,1
P2110,Dress 2110,Dress,71,2.11,166,275,999,20,Low,23,1
P2111,Jacket 2111,Jacket,61,0.93,56,304,4999,5,Medium,25,1
P2112,Shoes 2112,Shoes,56,2.23,40,324,1299,15,High,30,0
P2113,Dress 2113,Dress,5,4.44,191,80,1299,15,Low,86,0
P2114,T-Shirt 2114,T-Shirt,77,1.13,252,120,2499,50,Medium,1,1
P2115,Shoes 2115,Shoes,31,3.56,56,225,1299,15,Low,38,0
P2116,Dress 2116,Dress,98,2.67,23,60,4999,0,Low,96,0
P2117,Shoes 2117,Shoes,9,4.28,96,206,3999,50,Medium,87,0
P2118,Jacket 2118,Jacket,2,5.01,143,137,1499,30,High,11,0
P2119,T-Shirt 2119,T-Shirt,58,2.53,224,345,2499,30,Medium,100,1
P2120,Accessories 2120,Accessories,75,3.34,103,198,3999,0,High,72,1
P2121,Accessories 2121,Accessories,48,2.67,240,185,1499,15,Medium,43,1
P2122,Jacket 2122,Jacket,58,2.29,211,311,1999,5,High,42,1
P2123,Shirt 2123,Shirt,30,1.85,148,293,2999,10,Low,66,0
P2124,T-Shirt 2124,T-Shirt,92,4.69,203,246,3999,15,Low,86,1
P2125,Jeans 2125,Jeans,68,7.99,291,251,2999,20,Medium,87,0
P2126,Dress 2126,Dress,61,7.36,268,336,3999,40,Medium,96,0
P2127,T-Shirt 2127,T-Shirt,51,1.03,221,123,1499,50,Medium,93,0
P2128,Shirt 2128,Shirt,88,7.89,193,214,799,40,Medium,37,0
P2129,Shirt 2129,Shirt,40,1.5,48,218,2499,50,Medium,65,0
P2130,Jacket 2130,Jacket,30,3.71,295,265,1999,50,Medium,39,1
P2131,Shoes 2131,Shoes,84,4.21,193,169,1499,30,Low,21,1
P2132,T-Shirt 2132,T-Shirt,83,0.78,198,232,999,40,High,74,1
P2133,Dress 2133,Dress,102,2.9,274,347,799,10,Medium,62,1
P2134,T-Shirt 2134,T-Shirt,21,8.22,264,70,4999,0,Medium,58,0
P2135,Hoodie 2135,Hoodie,3,0.26,243,252,999,0,Low,75,1
P2136,Shoes 2136,Shoes,12,14.29,116,24,4999,10,High,18,0
P2137,Dress 2137,Dress,44,0.39,73,40,2499,30,Medium,19,1
P2138,Accessories 2138,Accessories,41,4.13,53,318,2499,30,Low,72,1
P2139,Dress 2139,Dress,113,0.82,155,329,999,50,Low,42,1
P2140,Jeans 2140,Jeans,48,4.62,243,187,2499,20,Low,57,0
P2141,Jacket 2141,Jacket,19,7.15,119,353,1299,0,Medium,81,0
P2142,Jeans 2142,Jeans,115,5.88,79,200,2999,0,Medium,53,1
P2143,Dress 2143,Dress,76,6.55,102,198,1499,15,Low,81,0
P2144,Shoes 2144,Shoes,80,2.68,115,73,4999,5,Medium,39,1
P2145,T-Shirt 2145,T-Shirt,53,8.18,289,215,1999,20,High,99,1
P2146,Accessories 2146,Accessories,35,12.22,260,173,1299,15,Low,26,0
P2147,T-Shirt 2147,T-Shirt,96,3.57,121,252,799,40,Medium,12,1
P2148,Shoes 2148,Shoes,0,2.44,180,251,799,5,Medium,46,0
P2149,Dress 2149,Dress,14,1.7,232,172,1499,40,Medium,71,0
P2150,Shirt 2150,Shirt,76,5.62,110,302,1499,0,Low,22,1
P2151,T-Shirt 2151,T-Shirt,16,6.76,243,217,4999,50,Low,58,1
P2152,Shirt 2152,Shirt,23,2.45,104,139,3999,5,Low,76,0
P2153,T-Shirt 2153,T-Shirt,57,9.39,180,203,1499,0,Medium,6,0
P2154,T-Shirt 2154,T-Shirt,71,5.29,253,353,2499,30,Medium,49,1
P2155,Accessories 2155,Accessories,113,3.54,80,55,2999,15,Low,65,1
P2156,Jacket 2156,Jacket,90,4.23,7,70,3999,50,Medium,2,1
P2157,Jacket 2157,Jacket,108,1.38,85,118,1499,0,Medium,38,1
P2158,Hoodie 2158,Hoodie,22,5.57,292,362,799,5,High,86,0
P2159,Jeans 2159,Jeans,45,1.46,12,191,1999,15,Low,6,1
P2160,Shoes 2160,Shoes,71,2.19,91,110,799,5,Medium,67,0
P2161,Shoes 2161,Shoes,7,3.15,290,219,1499,5,High,54,1
P2162,Shoes 2162,Shoes,58,10.98,78,11,2999,10,High,7,0
P2163,Hoodie 2163,Hoodie,89,3.99,127,125,2999,0,Medium,31,1
P2164,Jacket 2164,Jacket,110,1.6,298,350,799,0,Low,18,1
P2165,Dress 2165,Dress,58,4.24,147,255,4999,5,High,11,0
P2166,Shirt 2166,Shirt,12,5.07,162,173,999,40,Medium,56,0
P2167,Accessories 2167,Accessories,38,7.53,113,248,1999,30,Medium,9,0
P2168,Shirt 2168,Shirt,100,3.27,199,286,2499,0,Low,77,1
P2169,Dress 2169,Dress,112,1.82,40,244,799,20,Low,90,1
P2170,Accessories 2170,Accessories,27,12.91,94,312,999,30,Medium,20,0
P2171,Hoodie 2171,Hoodie,88,4.25,300,211,2999,30,High,19,1
P2172,Dress 2172,Dress,60,1.61,205,320,2499,30,High,3,1
P2173,Shoes 2173,Shoes,15,3.25,50,7,2499,0,High,18,0
P2174,Jeans 2174,Jeans,118,2.19,111,177,2499,30,Medium,28,1
P2175,T-Shirt 2175,T-Shirt,1,7.84,174,173,2999,30,Medium,70,0
P2176,Shirt 2176,Shirt,117,5.03,150,264,4999,15,Medium,63,1
P2177,Jacket 2177,Jacket,81,2.59,182,69,4999,0,Medium,96,1
P2178,Jacket 2178,Jacket,16,6.77,65,278,999,30,Medium,71,0
P2179,Hoodie 2179,Hoodie,29,3.05,7,43,999,40,High,10,0
P2180,Accessories 2180,Accessories,102,3.19,86,22,1999,20,Medium,32,1
P2181,Jacket 2181,Jacket,12,1.78,267,260,2999,30,Low,24,1
P2182,Shoes 2182,Shoes,95,1.76,291,349,1299,5,High,32,1
P2183,Shirt 2183,Shirt,113,12.36,99,352,1299,50,Low,99,1
P2184,Dress 2184,Dress,92,6.55,68,342,1499,50,Medium,25,1
P2185,Shoes 2185,Shoes,109,0.5,250,33,1299,0,High,35,1
P2186,Hoodie 2186,Hoodie,93,1.43,81,117,1299,50,Medium,10,1
P2187,Shoes 2187,Shoes,81,1.17,263,239,3999,15,High,29,1
P2188,Dress 2188,Dress,12,3.49,97,70,2999,20,Medium,56,0
P2189,Jeans 2189,Jeans,42,2.37,295,103,2999,10,High,96,1
P2190,Hoodie 2190,Hoodie,84,8.91,275,273,999,5,Low,9,1
P2191,Jeans 2191,Jeans,93,2.56,25,332,4999,5,Medium,92,1
P2192,T-Shirt 2192,T-Shirt,20,11.54,66,238,2499,50,Medium,24,0
P2193,Jeans 2193,Jeans,111,3.12,264,54,1299,5,Medium,95,1
P2194,T-Shirt 2194,T-Shirt,54,13.2,241,356,4999,50,Medium,67,0
P2195,T-Shirt 2195,T-Shirt,80,2.84,145,216,4999,20,High,56,1
P2196,Jeans 2196,Jeans,39,2.88,171,82,2499,0,Medium,33,1
P2197,Hoodie 2197,Hoodie,82,6.45,71,253,2499,0,High,85,1
P2198,Accessories 2198,Accessories,115,5.81,62,322,3999,30,Medium,76,0
P2199,Dress 2199,Dress,14,0.99,216,74,3999,50,Medium,53,0
P2200,Shoes 2200,Shoes,72,3.55,134,319,2499,50,Low,50,1
P2201,Shoes 2201,Shoes,51,2.35,29,70,2999,30,High,99,0
P2202,Dress 2202,Dress,73,2.22,15,188,1499,0,Low,5,1
P2203,Shirt 2203,Shirt,107,3.54,261,86,799,40,Medium,58,1
P2204,Shirt 2204,Shirt,94,2.64,85,349,1499,50,Low,53,1
P2205,T-Shirt 2205,T-Shirt,52,3.83,290,209,3999,50,Medium,16,1
P2206,T-Shirt 2206,T-Shirt,86,1.37,23,188,3999,30,High,25,1
P2207,Hoodie 2207,Hoodie,51,0.76,114,220,999,40,Medium,87,1
P2208,Jacket 2208,Jacket,29,6.62,38,126,2999,0,High,8,0
P2209,Jeans 2209,Jeans,32,7.33,292,247,799,50,Medium,1,1
P2210,T-Shirt 2210,T-Shirt,56,6.34,259,341,999,5,High,19,0
P2211,Shoes 2211,Shoes,51,3.42,130,208,3999,10,Medium,90,1
P2212,Hoodie 2212,Hoodie,8,2.48,213,298,1499,5,Medium,5,0
P2213,Jeans 2213,Jeans,53,1.98,138,60,1299,40,Medium,90,0
P2214,Hoodie 2214,Hoodie,110,1.67,90,151,999,30,Medium,87,0
P2215,Jeans 2215,Jeans,0,3.12,79,362,2499,10,Low,78,0
P2216,Jeans 2216,Jeans,43,7.21,139,92,1499,50,Low,54,0
P2217,Dress 2217,Dress,98,1.84,177,28,1299,10,Low,47,1
P2218,T-Shirt 2218,T-Shirt,74,7.22,217,337,1299,0,Medium,57,0
P2219,Accessories 2219,Accessories,97,0.81,23,298,1299,15,Medium,96,1
P2220,Hoodie 2220,Hoodie,79,3.98,123,242,3999,20,Medium,41,1
P2221,Accessories 2221,Accessories,8,4.6,289,35,4999,15,Medium,73,0
P2222,Hoodie 2222,Hoodie,31,2.16,231,189,4999,10,High,20,1
P2223,Dress 2223,Dress,14,1.29,216,166,1999,15,Medium,5,1
P2224,Shoes 2224,Shoes,11,6.03,193,24,799,30,Medium,29,0
P2225,Accessories 2225,Accessories,96,3.44,155,44,1999,10,Low,22,1
P2226,Shoes 2226,Shoes,108,15.83,227,107,799,5,Medium,35,0
P2227,Shirt 2227,Shirt,77,7.29,132,296,4999,30,Medium,2,1
P2228,T-Shirt 2228,T-Shirt,120,7.33,252,179,3999,5,Low,89,1
P2229,T-Shirt 2229,T-Shirt,56,0.18,55,349,2999,30,Low,33,1
P2230,Jacket 2230,Jacket,7,1.87,195,73,999,0,Medium,29,1
P2231,Dress 2231,Dress,71,1.15,241,197,999,40,High,81,1
P2232,Shoes 2232,Shoes,26,0.39,26,49,1499,30,Medium,80,0
P2233,Jeans 2233,Jeans,61,3.24,114,129,4999,20,High,41,1
P2234,Hoodie 2234,Hoodie,11,5.93,37,284,4999,50,High,20,0
P2235,T-Shirt 2235,T-Shirt,64,1.41,131,349,3999,5,Low,87,1
P2236,Accessories 2236,Accessories,106,0.42,48,202,1999,30,Low,3,1
P2237,Hoodie 2237,Hoodie,103,1.52,11,339,2999,20,Medium,48,1
P2238,Hoodie 2238,Hoodie,41,2.94,132,131,4999,50,Medium,47,1
P2239,Jacket 2239,Jacket,61,2.77,95,102,1299,50,Medium,88,1
P2240,Shoes 2240,Shoes,114,3.36,134,163,1499,0,Low,50,1
P2241,T-Shirt 2241,T-Shirt,10,4.54,21,46,999,30,Low,23,0
P2242,Hoodie 2242,Hoodie,102,3.3,190,179,4999,40,Low,45,1
P2243,T-Shirt 2243,T-Shirt,42,6.16,114,179,2999,20,High,26,0
P2244,Jeans 2244,Jeans,94,1.44,290,126,2499,40,High,94,1
P2245,Jacket 2245,Jacket,16,2.68,167,279,1999,30,Low,50,1
P2246,Jeans 2246,Jeans,96,5.08,79,364,2999,5,Low,98,1
P2247,T-Shirt 2247,T-Shirt,31,4.11,203,352,1299,50,Low,19,0
P2248,Shirt 2248,Shirt,92,10.66,291,325,1999,5,High,79,1
P2249,Accessories 2249,Accessories,84,1.49,186,267,999,15,High,94,1
P2250,T-Shirt 2250,T-Shirt,84,5.15,101,287,1999,15,Low,70,1
P2251,Shoes 2251,Shoes,39,1.96,55,335,2999,30,Medium,17,1
P2252,Hoodie 2252,Hoodie,22,1.77,38,130,2999,15,Medium,7,1
P2253,Hoodie 2253,Hoodie,55,6.99,25,284,4999,30,Medium,26,0
P2254,Jeans 2254,Jeans,5,3.27,188,99,1299,50,Medium,13,0
P2255,Accessories 2255,Accessories,85,4.06,297,41,3999,50,Medium,17,1
P2256,Jacket 2256,Jacket,49,2.09,68,317,1999,30,High,64,1
P2257,Shirt 2257,Shirt,101,2.19,128,134,2999,40,Low,30,1
P2258,Dress 2258,Dress,36,0.75,105,26,799,20,High,19,1
P2259,Accessories 2259,Accessories,108,3.83,123,267,799,5,Medium,69,1
P2260,Hoodie 2260,Hoodie,63,1.31,82,173,1499,50,Medium,44,0
P2261,Shoes 2261,Shoes,114,2.98,185,325,1999,0,Medium,0,1
P2262,Accessories 2262,Accessories,53,6.15,203,242,1299,10,High,18,0
P2263,Jeans 2263,Jeans,71,0.54,194,38,2499,5,Medium,38,1
P2264,Jeans 2264,Jeans,104,18.57,107,237,1299,50,High,26,0
P2265,Dress 2265,Dress,48,1.74,279,197,1999,15,High,55,0
P2266,Shoes 2266,Shoes,98,3.05,134,336,799,30,Medium,15,1
P2267,Jacket 2267,Jacket,114,4.06,245,151,1299,15,High,77,1
P2268,Accessories 2268,Accessories,10,1.69,138,107,2999,20,High,97,0
P2269,Shoes 2269,Shoes,87,2.26,161,85,1299,15,Medium,6,1
P2270,Jacket 2270,Jacket,48,7.15,162,166,1999,20,Medium,19,0
P2271,Shoes 2271,Shoes,20,5.69,194,261,2999,0,High,30,1
P2272,Shoes 2272,Shoes,114,2.72,104,285,999,30,High,85,1
P2273,T-Shirt 2273,T-Shirt,65,3.33,56,194,1299,15,Medium,83,1
P2274,Jeans 2274,Jeans,62,3.71,53,216,1499,20,High,78,1
P2275,Accessories 2275,Accessories,103,4.99,104,247,1999,15,High,24,1
P2276,Shoes 2276,Shoes,82,5.25,255,62,4999,20,Low,0,1
P2277,Accessories 2277,Accessories,102,5.15,58,143,4999,40,Medium,16,1
P2278,Dress 2278,Dress,27,2.38,141,112,1499,30,Low,79,0
P2279,Shoes 2279,Shoes,16,3.62,166,75,4999,30,Low,100,0
P2280,Hoodie 2280,Hoodie,5,6.63,296,196,1499,5,Medium,84,0
P2281,Jeans 2281,Jeans,18,12.89,85,198,999,20,High,26,0
P2282,Hoodie 2282,Hoodie,55,3.54,224,284,799,10,Low,98,0
P2283,Accessories 2283,Accessories,101,2.12,89,38,2999,0,High,23,1
P2284,Accessories 2284,Accessories,27,1.66,87,181,1499,5,Medium,61,0
P2285,Jeans 2285,Jeans,65,5.18,71,264,3999,0,High,51,0
P2286,Accessories 2286,Accessories,37,0.71,238,129,3999,5,High,50,1
P2287,Hoodie 2287,Hoodie,118,5.21,202,91,3999,15,High,65,0
P2288,Shoes 2288,Shoes,36,5.28,263,222,2499,20,High,56,0
P2289,Shoes 2289,Shoes,114,2.19,181,222,4999,15,High,54,1
P2290,T-Shirt 2290,T-Shirt,115,3.99,284,20,1499,0,Low,52,1
P2291,Dress 2291,Dress,67,2.8,133,43,1999,30,Medium,88,0
P2292,Accessories 2292,Accessories,85,0.94,184,33,1499,50,Low,18,1
P2293,Hoodie 2293,Hoodie,89,4.95,296,158,1999,0,Medium,12,1
P2294,Accessories 2294,Accessories,48,4.63,211,70,999,5,Low,28,0
P2295,Accessories 2295,Accessories,42,2.34,298,76,1999,0,Low,95,1
P2296,Jacket 2296,Jacket,35,12.76,179,160,3999,50,High,5,1
P2297,T-Shirt 2297,T-Shirt,57,3.35,33,259,4999,20,Medium,72,1
P2298,Hoodie 2298,Hoodie,12,0.48,183,277,2999,0,High,0,1
P2299,Hoodie 2299,Hoodie,51,6.87,45,35,2999,15,Low,23,0
P2300,Accessories 2300,Accessories,57,5.81,196,80,2499,30,Medium,73,0
P2301,T-Shirt 2301,T-Shirt,31,6.29,241,290,999,20,Low,98,0
P2302,Shoes 2302,Shoes,80,1.38,229,65,4999,0,Low,5,1
P2303,Hoodie 2303,Hoodie,104,3.91,118,249,1999,10,Low,47,1
P2304,Shoes 2304,Shoes,99,3.31,282,335,2499,10,Medium,19,1
P2305,T-Shirt 2305,T-Shirt,118,2.9,21,155,799,30,Low,75,1
P2306,Shoes 2306,Shoes,59,8.12,90,16,1999,15,Medium,66,0
P2307,Jeans 2307,Jeans,109,3.39,185,138,2499,5,Medium,54,1
P2308,Jacket 2308,Jacket,82,2.4,149,68,999,5,Low,17,1
P2309,Shirt 2309,Shirt,57,2.38,229,268,2999,30,Medium,20,1
P2310,Hoodie 2310,Hoodie,98,1.28,58,224,1499,0,Medium,98,1
P2311,Dress 2311,Dress,109,3.64,72,238,1999,20,High,63,1
P2312,Jacket 2312,Jacket,103,8.54,111,342,1299,30,Medium,36,1
P2313,Shirt 2313,Shirt,55,2.57,81,78,1999,5,High,18,1
P2314,Shoes 2314,Shoes,27,4.08,31,22,1499,10,High,88,0
P2315,Hoodie 2315,Hoodie,0,2.87,159,44,2499,50,Medium,55,0
P2316,Shoes 2316,Shoes,41,3.12,76,183,999,5,Medium,61,0
P2317,Jeans 2317,Jeans,81,5.99,184,327,1299,10,Low,17,1
P2318,T-Shirt 2318,T-Shirt,47,1.27,51,89,799,5,Medium,29,0
P2319,Hoodie 2319,Hoodie,39,0.79,246,23,2999,15,Medium,55,0
P2320,Shirt 2320,Shirt,96,6.88,281,162,4999,30,High,41,1
P2321,Shirt 2321,Shirt,62,2.14,109,178,999,50,Medium,52,1
P2322,Jeans 2322,Jeans,75,2.43,99,76,2999,20,High,97,1
P2323,Jeans 2323,Jeans,71,14.57,223,77,1299,50,High,73,0
P2324,Accessories 2324,Accessories,87,5.79,174,261,1999,30,High,85,0
P2325,Hoodie 2325,Hoodie,79,1.56,287,137,2499,40,Medium,49,1
P2326,Shoes 2326,Shoes,113,7.21,132,55,3999,0,Low,3,1
P2327,Dress 2327,Dress,3,5.88,204,27,1499,10,High,62,0
P2328,Shirt 2328,Shirt,37,0.05,39,326,999,5,High,66,0
P2329,Shirt 2329,Shirt,107,3.74,148,226,1299,0,Low,55,1
P2330,Jeans 2330,Jeans,26,1.33,296,193,3999,10,High,48,1
P2331,Jacket 2331,Jacket,8,3.11,70,38,2999,30,Medium,91,0
P2332,Jeans 2332,Jeans,110,12.92,223,209,2499,10,Low,21,1
P2333,Dress 2333,Dress,15,6.17,60,282,1999,15,Medium,11,0
P2334,Shoes 2334,Shoes,55,6.75,149,248,1999,50,High,48,0
P2335,Shoes 2335,Shoes,75,2.87,217,22,799,5,Medium,12,1
P2336,Jacket 2336,Jacket,30,6.77,98,322,2499,40,High,32,0
P2337,Shirt 2337,Shirt,87,1.8,110,179,4999,30,Low,46,1
P2338,Jeans 2338,Jeans,118,3.7,88,143,3999,40,Medium,63,1
P2339,Accessories 2339,Accessories,13,5.97,140,185,799,0,High,82,0
P2340,Shoes 2340,Shoes,108,5.85,150,365,2499,5,Medium,16,1
P2341,Dress 2341,Dress,24,0.84,253,67,1299,30,Medium,33,1
P2342,Hoodie 2342,Hoodie,33,11.11,22,110,2499,40,Medium,67,0
P2343,T-Shirt 2343,T-Shirt,66,1.5,129,323,4999,5,High,38,1
P2344,T-Shirt 2344,T-Shirt,23,16.28,6,201,2499,20,Low,71,0
P2345,T-Shirt 2345,T-Shirt,117,6.1,204,262,3999,10,Medium,96,1
P2346,Accessories 2346,Accessories,105,5.74,142,82,2499,40,Low,0,1
P2347,Shirt 2347,Shirt,72,1.62,207,277,2499,10,Medium,4,1
P2348,Jeans 2348,Jeans,25,2.22,286,187,2999,20,Medium,95,1
P2349,Jacket 2349,Jacket,19,10.52,34,138,1499,20,High,39,0
P2350,Accessories 2350,Accessories,63,9.62,60,157,3999,5,Medium,62,0
P2351,Accessories 2351,Accessories,103,2.94,123,161,1499,10,Medium,0,1
P2352,Shoes 2352,Shoes,9,2.74,136,365,2999,0,High,34,1
P2353,Hoodie 2353,Hoodie,82,2.81,235,241,799,15,Medium,85,1
P2354,Accessories 2354,Accessories,66,7.24,156,254,4999,30,Medium,92,0
P2355,Dress 2355,Dress,23,6.77,25,171,4999,20,High,16,0
P2356,Hoodie 2356,Hoodie,4,4.44,72,211,2999,0,Medium,93,0
P2357,Dress 2357,Dress,66,3.73,130,171,3999,0,Low,98,0
P2358,Shirt 2358,Shirt,57,2.91,47,219,999,5,Medium,59,0
P2359,Jeans 2359,Jeans,26,15.44,186,260,2999,20,Medium,0,0
P2360,T-Shirt 2360,T-Shirt,79,0.94,104,163,799,0,Low,3,1
P2361,Accessories 2361,Accessories,112,2.45,244,183,1299,15,High,8,1
P2362,Jeans 2362,Jeans,14,4.22,204,81,2499,50,Medium,44,0
P2363,Shirt 2363,Shirt,34,0.76,120,184,1999,50,High,31,0
P2364,Jacket 2364,Jacket,75,2.09,119,290,1999,0,Low,68,1
P2365,Jacket 2365,Jacket,104,12.81,146,336,4999,15,High,13,1
P2366,Shirt 2366,Shirt,52,6.46,123,139,2499,40,High,50,0
P2367,Dress 2367,Dress,43,2.08,97,131,1299,15,High,89,1
P2368,Shoes 2368,Shoes,25,2.03,13,318,999,15,Medium,22,0
P2369,Shoes 2369,Shoes,46,0.95,77,326,4999,20,Medium,45,1
P2370,Dress 2370,Dress,33,2.33,30,133,1499,40,Medium,85,0
P2371,Jacket 2371,Jacket,86,5.03,243,351,1999,15,High,26,1
P2372,Jacket 2372,Jacket,94,4.42,149,231,4999,20,High,88,0
P2373,Accessories 2373,Accessories,49,2.43,72,23,1999,40,Low,35,0
P2374,Jacket 2374,Jacket,83,1.48,192,359,2999,50,High,67,1
P2375,Jeans 2375,Jeans,11,2.88,135,317,999,0,High,31,1
P2376,Jacket 2376,Jacket,86,2.83,225,252,999,40,Medium,72,1
P2377,Hoodie 2377,Hoodie,3,5.89,285,143,1499,15,Low,65,0
P2378,Accessories 2378,Accessories,86,3.97,281,223,3999,40,High,41,1
P2379,T-Shirt 2379,T-Shirt,47,3.58,144,202,999,10,Medium,49,0
P2380,Jacket 2380,Jacket,54,7.68,58,207,2999,0,High,56,0
P2381,Dress 2381,Dress,111,9.56,5,213,799,30,High,63,0
P2382,T-Shirt 2382,T-Shirt,0,4.38,132,22,4999,40,Low,45,0
P2383,Jeans 2383,Jeans,117,4.46,5,19,2499,40,Medium,88,1
P2384,Dress 2384,Dress,88,3.04,177,84,799,40,Medium,73,1
P2385,T-Shirt 2385,T-Shirt,65,1.61,270,220,2499,10,High,100,1
P2386,Dress 2386,Dress,29,6.22,300,347,1999,10,Low,88,1
P2387,Jeans 2387,Jeans,2,5.4,260,335,1999,5,Low,53,0
P2388,Accessories 2388,Accessories,20,3.24,178,125,1999,20,High,52,0
P2389,Hoodie 2389,Hoodie,88,3.97,49,187,1499,5,Low,28,1
P2390,Jeans 2390,Jeans,83,7.34,145,330,2999,20,Medium,36,1
P2391,Jeans 2391,Jeans,48,8.19,31,336,4999,5,Medium,68,0
P2392,Dress 2392,Dress,115,0.2,237,361,1499,0,Medium,13,1
P2393,Accessories 2393,Accessories,85,1.96,213,143,999,50,Medium,96,1
P2394,Shirt 2394,Shirt,84,3.23,54,185,999,10,Medium,26,1
P2395,Shoes 2395,Shoes,61,1.28,65,214,999,0,High,4,1
P2396,Jacket 2396,Jacket,96,4.05,247,60,2999,20,Low,43,1
P2397,Jacket 2397,Jacket,115,2.05,273,85,1499,10,Medium,14,1
P2398,Hoodie 2398,Hoodie,37,4.15,144,277,1499,50,Medium,66,1
P2399,Hoodie 2399,Hoodie,14,2.11,161,124,799,10,Medium,0,1
P2400,Jacket 2400,Jacket,109,2.18,89,112,1499,20,Medium,23,1
P2401,Shoes 2401,Shoes,51,4.13,88,111,2499,0,Low,75,0
P2402,Jacket 2402,Jacket,78,6.41,280,309,999,10,High,61,1
P2403,Shirt 2403,Shirt,45,5.18,35,124,1499,30,Medium,77,0
P2404,Shoes 2404,Shoes,24,3.25,12,235,2999,40,Medium,56,0
P2405,Hoodie 2405,Hoodie,20,0.53,284,154,4999,0,Medium,19,1
P2406,T-Shirt 2406,T-Shirt,87,2.14,207,360,999,0,Low,57,1
P2407,Dress 2407,Dress,120,1.94,37,156,3999,0,Low,13,1
P2408,Shirt 2408,Shirt,4,5.64,147,310,2499,50,Low,77,0
P2409,Shirt 2409,Shirt,69,3.76,41,262,3999,10,Low,52,0
P2410,Accessories 2410,Accessories,112,3.86,151,88,999,15,Low,34,1
P2411,Hoodie 2411,Hoodie,106,1.67,232,22,799,40,Medium,61,1
P2412,Hoodie 2412,Hoodie,111,8.41,38,199,2999,50,Medium,60,0
P2413,Jeans 2413,Jeans,107,3.84,241,217,4999,5,Medium,18,1
P2414,Shirt 2414,Shirt,46,1.58,216,80,4999,20,Low,83,0
P2415,Jeans 2415,Jeans,86,1.69,144,283,999,0,High,41,1
P2416,Jeans 2416,Jeans,67,4.27,194,67,1499,10,High,43,0
P2417,Dress 2417,Dress,90,1.53,100,30,799,20,High,86,1
P2418,Jeans 2418,Jeans,17,1.97,198,29,2999,15,Medium,97,0
P2419,Shoes 2419,Shoes,20,1.22,300,349,999,30,Medium,0,1
P2420,Jacket 2420,Jacket,91,5.6,156,264,1499,50,Low,67,1
P2421,T-Shirt 2421,T-Shirt,98,1.56,227,204,999,15,High,80,1
P2422,Hoodie 2422,Hoodie,85,9.35,200,59,799,10,Low,89,0
P2423,Shoes 2423,Shoes,103,4.66,92,145,2999,0,Medium,77,0
P2424,T-Shirt 2424,T-Shirt,22,1.22,21,277,2499,15,Medium,45,0
P2425,Shirt 2425,Shirt,63,5.15,215,207,999,40,Medium,50,0
P2426,Shirt 2426,Shirt,66,8.42,236,170,1499,50,Medium,31,1
P2427,Shirt 2427,Shirt,39,3.14,187,98,1299,15,Low,99,0
P2428,Shoes 2428,Shoes,113,9.09,166,29,1299,15,Medium,83,0
P2429,Shoes 2429,Shoes,9,4.73,74,94,1299,40,High,79,0
P2430,Hoodie 2430,Hoodie,88,2.05,64,188,1499,30,High,18,1
P2431,Jacket 2431,Jacket,51,12.94,183,361,799,50,Medium,38,0
P2432,Accessories 2432,Accessories,112,0.92,81,289,799,50,Medium,87,1
P2433,Jeans 2433,Jeans,71,2.57,39,27,2999,10,Low,13,1
P2434,Shirt 2434,Shirt,118,3.25,20,55,1999,20,Low,28,1
P2435,Dress 2435,Dress,74,11.53,298,196,1299,5,Low,41,1
P2436,Jacket 2436,Jacket,60,5.7,175,211,4999,10,Medium,13,0
P2437,Dress 2437,Dress,63,5.04,36,50,1999,0,Medium,10,0
P2438,Hoodie 2438,Hoodie,4,1.79,267,306,1299,10,Medium,74,0
P2439,Hoodie 2439,Hoodie,108,3.05,219,134,4999,10,Low,46,1
P2440,Hoodie 2440,Hoodie,52,2.1,50,195,799,30,Medium,23,1
P2441,T-Shirt 2441,T-Shirt,54,4.92,193,176,4999,5,Low,21,1
P2442,Dress 2442,Dress,36,7.53,278,285,1999,5,High,48,0
P2443,Jacket 2443,Jacket,55,14.89,75,207,2499,5,Low,54,0
P2444,Accessories 2444,Accessories,58,2.3,300,131,999,20,Medium,54,1
P2445,Jacket 2445,Jacket,108,0.9,92,298,3999,50,Medium,84,1
P2446,Shoes 2446,Shoes,101,2.6,265,317,1299,10,Low,69,1
P2447,Shoes 2447,Shoes,92,6.84,186,22,799,30,Low,77,0
P2448,Shirt 2448,Shirt,68,1.6,26,351,2999,50,Medium,72,1
P2449,Accessories 2449,Accessories,72,3.34,78,280,1299,0,Low,34,0
P2450,Shoes 2450,Shoes,58,5.08,94,300,1499,5,Medium,43,0
P2451,Hoodie 2451,Hoodie,111,2.34,170,26,1999,40,High,35,1
P2452,Jacket 2452,Jacket,1,3.97,238,25,799,50,Medium,88,0
P2453,Dress 2453,Dress,64,1.47,133,19,4999,5,Medium,14,1
P2454,Hoodie 2454,Hoodie,103,7.89,296,23,2999,40,High,44,1
P2455,T-Shirt 2455,T-Shirt,59,2.77,99,212,999,50,Medium,61,1
P2456,Shoes 2456,Shoes,50,3.88,32,36,799,10,High,91,0
P2457,Hoodie 2457,Hoodie,29,0.55,39,305,999,0,Low,49,1
P2458,Hoodie 2458,Hoodie,10,1.28,235,310,1299,30,Medium,77,1
P2459,T-Shirt 2459,T-Shirt,91,6.68,129,49,1299,5,Medium,12,1
P2460,Jeans 2460,Jeans,107,2.31,83,99,3999,10,High,30,1
P2461,Jacket 2461,Jacket,75,1.54,65,72,1999,15,Low,4,1
P2462,Dress 2462,Dress,38,0.82,221,125,4999,30,Low,82,1
P2463,Shirt 2463,Shirt,89,7.79,286,315,1299,40,Low,7,1
P2464,Jeans 2464,Jeans,76,5.52,167,78,2499,20,High,12,1
P2465,Shoes 2465,Shoes,71,5.27,61,340,1499,30,Medium,40,0
P2466,Hoodie 2466,Hoodie,62,9.92,195,168,3999,10,High,16,0
P2467,Accessories 2467,Accessories,63,2.57,136,336,799,50,Low,31,1
P2468,T-Shirt 2468,T-Shirt,60,0.91,46,334,1499,5,Low,4,1
P2469,T-Shirt 2469,T-Shirt,53,3.49,177,275,2999,30,Low,8,1
P2470,Accessories 2470,Accessories,91,11.19,171,224,4999,0,Medium,33,0
P2471,Jacket 2471,Jacket,93,3.55,254,260,799,40,High,0,1
P2472,Jeans 2472,Jeans,72,7.4,197,65,3999,15,Medium,39,0
P2473,Shirt 2473,Shirt,102,0.94,282,38,999,0,High,78,1
P2474,Jacket 2474,Jacket,94,1.76,242,345,1499,0,Low,53,1
P2475,Accessories 2475,Accessories,57,6.41,234,126,1499,0,Medium,31,0
P2476,Hoodie 2476,Hoodie,84,3.82,169,316,3999,10,Medium,97,1
P2477,Accessories 2477,Accessories,55,3.1,247,8,999,10,Low,98,1
P2478,Jacket 2478,Jacket,110,7.33,94,124,2999,30,Low,49,1
P2479,Dress 2479,Dress,33,6.35,183,43,1299,40,Medium,58,0
P2480,T-Shirt 2480,T-Shirt,118,3.9,62,103,4999,20,Low,91,1
P2481,T-Shirt 2481,T-Shirt,30,0.2,267,365,1999,40,High,80,1
P2482,Shoes 2482,Shoes,51,3.38,140,263,3999,15,High,61,0
P2483,Shoes 2483,Shoes,88,4.62,242,134,1999,30,Medium,10,1
P2484,Accessories 2484,Accessories,75,0.57,247,365,799,0,Medium,22,1
P2485,Shirt 2485,Shirt,0,4.51,155,162,4999,30,Low,25,0
P2486,Hoodie 2486,Hoodie,54,7.56,251,151,2999,40,Low,62,0
P2487,Dress 2487,Dress,21,3.38,223,63,1499,5,High,45,0
P2488,Jeans 2488,Jeans,39,1.38,13,76,2999,30,Medium,68,0
P2489,Jacket 2489,Jacket,100,0.24,298,50,1999,40,Medium,89,1
P2490,Shirt 2490,Shirt,110,4.57,17,218,4999,30,High,5,1
P2491,Hoodie 2491,Hoodie,0,0.66,267,181,999,40,Medium,50,1
P2492,Shoes 2492,Shoes,64,5.24,229,147,1499,0,Low,42,1
P2493,Accessories 2493,Accessories,120,10.83,235,82,2499,30,High,97,0
P2494,Jacket 2494,Jacket,62,1.83,182,164,1999,50,Medium,41,1
P2495,Shoes 2495,Shoes,105,2.82,251,91,799,15,High,12,1
P2496,Accessories 2496,Accessories,53,11.25,71,328,4999,0,Medium,24,1
P2497,Jacket 2497,Jacket,41,3.7,161,315,4999,10,Low,1,1
P2498,Jeans 2498,Jeans,20,2.33,169,24,1299,10,Low,13,0
P2499,Hoodie 2499,Hoodie,78,6.84,188,290,1499,30,Medium,16,1
P2500,Jacket 2500,Jacket,80,2.44,212,48,1499,30,Medium,39,1
P2501,Dress 2501,Dress,21,1.73,20,140,3999,15,Medium,38,0
P2502,Shirt 2502,Shirt,37,5.18,245,108,2499,50,Medium,24,1
P2503,T-Shirt 2503,T-Shirt,98,7.22,234,143,999,40,Medium,90,1
P2504,Dress 2504,Dress,108,1.72,22,228,1499,50,Low,47,1
P2505,Dress 2505,Dress,79,3.93,151,235,799,40,Medium,87,0
P2506,Shirt 2506,Shirt,7,2.92,248,300,1299,20,Low,48,0
P2507,T-Shirt 2507,T-Shirt,61,3.3,55,312,1499,0,Medium,32,1
P2508,Dress 2508,Dress,46,1.39,263,322,3999,15,Medium,26,1
P2509,Jacket 2509,Jacket,16,5.46,242,125,1299,30,Low,44,1
P2510,Jacket 2510,Jacket,16,9.33,250,105,1999,50,Medium,30,0
P2511,Jacket 2511,Jacket,117,1.68,53,356,799,50,Medium,62,1
P2512,T-Shirt 2512,T-Shirt,89,5.46,288,330,1499,50,Low,37,1
P2513,Dress 2513,Dress,12,6.73,42,165,999,30,High,78,0
P2514,Accessories 2514,Accessories,16,3.91,288,245,1499,50,Low,39,1
P2515,T-Shirt 2515,T-Shirt,37,5.3,36,326,1999,30,Medium,57,0
P2516,Jacket 2516,Jacket,80,1.86,247,341,1299,50,Low,64,1
P2517,Shirt 2517,Shirt,111,8.98,45,195,2499,30,High,10,1
P2518,Dress 2518,Dress,77,7.26,296,315,999,5,High,14,1
P2519,Dress 2519,Dress,44,7.83,107,255,1999,30,Medium,96,0
P2520,Shoes 2520,Shoes,5,1.18,296,32,1499,30,High,56,0
P2521,Shoes 2521,Shoes,34,4.83,111,195,1999,5,Low,95,0
P2522,Jeans 2522,Jeans,109,1.98,250,146,4999,20,Low,24,1
P2523,Accessories 2523,Accessories,13,9.49,91,187,2499,40,Medium,38,0
P2524,Accessories 2524,Accessories,110,1.71,70,27,2999,10,Medium,32,1
P2525,Hoodie 2525,Hoodie,71,4.03,142,169,3999,30,Medium,28,1
P2526,Accessories 2526,Accessories,60,0.4,204,77,4999,40,Medium,57,0
P2527,Shoes 2527,Shoes,14,4.01,97,88,1999,30,Medium,97,0
P2528,T-Shirt 2528,T-Shirt,53,1.19,282,161,3999,15,Medium,71,1
P2529,Accessories 2529,Accessories,26,5.01,24,322,999,0,Low,10,0
P2530,Shoes 2530,Shoes,12,2.99,293,361,4999,15,Low,12,1
P2531,Jeans 2531,Jeans,112,2.5,94,53,999,50,Medium,68,1
P2532,Dress 2532,Dress,30,9.66,54,200,1999,30,Medium,82,0
P2533,Accessories 2533,Accessories,116,13.54,14,230,2499,50,Low,20,1
P2534,Jeans 2534,Jeans,119,0.87,83,243,1499,20,Low,2,1
P2535,Dress 2535,Dress,34,2.56,41,286,3999,15,Medium,25,0
P2536,Shirt 2536,Shirt,59,6.08,63,16,1299,20,Low,32,0
P2537,Shirt 2537,Shirt,5,4.43,92,158,1999,20,High,93,0
P2538,Dress 2538,Dress,68,5.85,108,350,999,30,Low,21,0
P2539,Accessories 2539,Accessories,85,3.16,281,110,1299,20,Low,61,1
P2540,Hoodie 2540,Hoodie,57,7.46,108,130,3999,15,Medium,4,0
P2541,Shoes 2541,Shoes,48,3.9,258,191,1999,5,High,18,1
P2542,T-Shirt 2542,T-Shirt,22,4.62,234,296,1299,0,Medium,8,1
P2543,T-Shirt 2543,T-Shirt,88,1.19,41,47,1999,20,Medium,57,1
P2544,Jacket 2544,Jacket,33,3.61,146,17,4999,40,Low,23,1
P2545,Dress 2545,Dress,25,6.13,47,224,1299,30,Medium,38,1
P2546,T-Shirt 2546,T-Shirt,46,4.25,120,7,2999,10,Low,75,0
P2547,Accessories 2547,Accessories,4,3.73,88,177,3999,20,Medium,60,0
P2548,Hoodie 2548,Hoodie,89,4.83,263,344,1999,40,Medium,47,1
P2549,Dress 2549,Dress,19,3.88,91,288,1299,50,Low,90,0
P2550,Hoodie 2550,Hoodie,5,3.24,295,59,2499,15,Low,49,0
P2551,Accessories 2551,Accessories,69,6.26,100,131,1299,20,High,61,0
P2552,T-Shirt 2552,T-Shirt,58,3.07,259,181,4999,10,Medium,52,1
P2553,T-Shirt 2553,T-Shirt,63,1.12,140,271,999,40,High,20,1
P2554,Jacket 2554,Jacket,113,9.37,252,271,1299,5,Low,37,1
P2555,T-Shirt 2555,T-Shirt,17,2.03,96,205,2999,15,Medium,98,0
P2556,Dress 2556,Dress,3,0.82,251,262,3999,15,Low,95,0
P2557,Accessories 2557,Accessories,16,5.27,262,178,1999,30,Low,58,1
P2558,Shirt 2558,Shirt,120,10.17,191,65,1999,15,Medium,99,0
P2559,Accessories 2559,Accessories,13,5.36,128,112,1999,10,High,96,0
P2560,Dress 2560,Dress,77,8.48,264,131,1499,40,Medium,42,0
P2561,Dress 2561,Dress,12,1.55,173,22,4999,15,High,16,0
P2562,Jacket 2562,Jacket,6,1.14,115,44,2499,5,Medium,68,0
P2563,Jacket 2563,Jacket,43,2.56,294,249,3999,0,Medium,43,1
P2564,T-Shirt 2564,T-Shirt,118,7.09,91,216,3999,0,High,83,1
P2565,Jeans 2565,Jeans,14,5.02,17,321,1999,20,Medium,62,0
P2566,Accessories 2566,Accessories,18,5.29,267,291,4999,0,Medium,22,0
P2567,Accessories 2567,Accessories,62,3.73,292,174,999,10,Medium,67,1
P2568,Jeans 2568,Jeans,106,2.6,27,270,3999,0,Medium,25,0
P2569,Jacket 2569,Jacket,110,3.85,204,104,1299,10,High,93,1
P2570,T-Shirt 2570,T-Shirt,107,2.99,246,140,2999,10,Low,47,1
P2571,Jeans 2571,Jeans,34,2.45,243,187,4999,20,Low,46,1
P2572,T-Shirt 2572,T-Shirt,80,4.52,169,228,1999,0,High,45,1
P2573,T-Shirt 2573,T-Shirt,34,2.77,230,155,3999,20,High,28,0
P2574,T-Shirt 2574,T-Shirt,18,4.15,180,250,1499,15,Medium,33,0
P2575,Shoes 2575,Shoes,19,0.45,33,319,799,50,Low,9,0
P2576,Dress 2576,Dress,99,3.9,169,82,799,5,Medium,19,1
P2577,T-Shirt 2577,T-Shirt,34,2.75,27,268,2499,40,Low,87,0
P2578,Shoes 2578,Shoes,31,8.79,298,237,3999,0,Medium,33,0
P2579,Jacket 2579,Jacket,47,0.78,48,197,999,15,Low,100,0
P2580,Jeans 2580,Jeans,43,3.68,265,140,1499,30,Medium,12,1
P2581,Dress 2581,Dress,103,6.18,184,315,1299,40,Low,86,0
P2582,Shirt 2582,Shirt,23,3.08,300,258,4999,40,Medium,9,1
P2583,Jeans 2583,Jeans,60,2.68,143,251,1299,40,Medium,85,1
P2584,Dress 2584,Dress,16,6.16,252,271,3999,15,Medium,44,1
P2585,Shirt 2585,Shirt,70,4.93,245,331,2999,20,Low,77,1
P2586,Jeans 2586,Jeans,106,5.2,110,336,799,20,Low,88,1
P2587,Dress 2587,Dress,49,2.45,177,349,3999,40,Medium,81,1
P2588,Jeans 2588,Jeans,64,2.21,53,10,4999,40,Medium,83,1
P2589,Jeans 2589,Jeans,98,4.15,127,43,3999,5,Medium,91,0
P2590,Shirt 2590,Shirt,31,6.52,39,77,799,5,Low,7,0
P2591,Jeans 2591,Jeans,35,0.98,110,268,2999,40,Medium,4,1
P2592,Jeans 2592,Jeans,12,3.17,200,243,4999,5,Medium,84,0
P2593,Shirt 2593,Shirt,69,2.29,113,313,1999,50,Medium,19,1
P2594,Jacket 2594,Jacket,57,3.47,129,361,999,40,Medium,43,1
P2595,T-Shirt 2595,T-Shirt,13,5.78,299,184,3999,5,High,79,0
P2596,Accessories 2596,Accessories,36,1.68,41,102,4999,40,High,57,0
P2597,Hoodie 2597,Hoodie,111,5.33,192,233,2999,20,High,19,1
P2598,Shoes 2598,Shoes,78,2.52,27,17,1999,50,Medium,88,0
P2599,Hoodie 2599,Hoodie,110,7.24,265,272,3999,10,High,70,1
P2600,Hoodie 2600,Hoodie,67,1.77,198,195,2499,20,Low,88,1
P2601,Dress 2601,Dress,39,6.46,156,215,1499,10,Medium,99,0
P2602,T-Shirt 2602,T-Shirt,58,1.09,22,19,799,20,Medium,73,0
P2603,Dress 2603,Dress,79,3.95,31,168,2499,30,Medium,39,1
P2604,T-Shirt 2604,T-Shirt,91,5.41,28,66,3999,20,Medium,15,1
P2605,Shirt 2605,Shirt,15,1.82,33,11,1299,50,Low,3,0
P2606,Shirt 2606,Shirt,61,2.35,143,208,2999,50,High,9,1
P2607,Accessories 2607,Accessories,3,3.5,150,18,2999,5,Medium,50,0
P2608,T-Shirt 2608,T-Shirt,44,2.67,127,347,4999,10,High,47,1
P2609,Jeans 2609,Jeans,89,2.17,132,246,799,15,Low,94,1
P2610,Jacket 2610,Jacket,27,6.23,121,231,1999,30,Medium,75,0
P2611,Accessories 2611,Accessories,95,7.74,136,188,3999,15,Medium,19,1
P2612,Accessories 2612,Accessories,108,7.44,293,303,1299,30,Medium,31,1
P2613,Jeans 2613,Jeans,65,4.79,210,310,1999,15,Medium,65,1
P2614,Jacket 2614,Jacket,30,5.26,240,313,799,5,Low,59,0
P2615,Dress 2615,Dress,2,1.56,46,184,4999,15,Low,10,1
P2616,Jacket 2616,Jacket,117,3.26,164,124,1499,40,Medium,19,1
P2617,Dress 2617,Dress,7,3.72,256,358,1999,20,Medium,22,1
P2618,Shirt 2618,Shirt,23,4.26,183,82,1299,50,Low,76,0
P2619,Hoodie 2619,Hoodie,14,4.21,129,52,999,5,Medium,34,0
P2620,Shirt 2620,Shirt,42,3.51,264,233,2999,40,Medium,16,1
P2621,Shirt 2621,Shirt,30,4.75,280,362,1999,15,Medium,9,1
P2622,Hoodie 2622,Hoodie,72,4.07,217,300,1299,5,Low,37,1
P2623,Jacket 2623,Jacket,102,4.07,194,246,999,20,Medium,77,1
P2624,Accessories 2624,Accessories,44,1.92,62,354,2499,5,Medium,82,0
P2625,Jacket 2625,Jacket,65,1.25,207,147,2499,15,Medium,31,1
P2626,Dress 2626,Dress,7,4.28,84,210,1299,5,High,53,0
P2627,Jeans 2627,Jeans,70,2.44,232,156,4999,30,Medium,96,0
P2628,Dress 2628,Dress,119,2.0,99,136,799,0,Medium,56,1
P2629,Jeans 2629,Jeans,107,5.51,8,355,1299,50,Low,88,0
P2630,Shirt 2630,Shirt,114,3.28,169,339,799,15,Medium,24,1
P2631,Hoodie 2631,Hoodie,102,8.51,46,275,2999,20,Low,13,1
P2632,Shirt 2632,Shirt,105,5.11,289,319,999,10,High,44,1
P2633,T-Shirt 2633,T-Shirt,56,1.82,233,143,1499,5,High,43,1
P2634,Jacket 2634,Jacket,79,5.56,247,122,1499,30,Medium,37,1
P2635,Jeans 2635,Jeans,98,4.59,216,357,3999,5,Low,35,1
P2636,Dress 2636,Dress,29,1.76,59,167,1499,50,Low,87,1
P2637,Hoodie 2637,Hoodie,73,2.2,177,161,1299,15,High,38,1
P2638,Jeans 2638,Jeans,101,5.38,281,179,1299,30,High,38,1
P2639,Dress 2639,Dress,17,0.62,233,136,1999,15,Low,12,1
P2640,Jacket 2640,Jacket,113,0.38,34,85,2499,0,Medium,65,0
P2641,Shirt 2641,Shirt,68,3.9,27,63,2999,20,Low,33,0
P2642,Jacket 2642,Jacket,116,3.69,9,357,1999,50,Low,14,1
P2643,Shoes 2643,Shoes,92,4.16,67,63,2999,30,Low,57,1
P2644,T-Shirt 2644,T-Shirt,38,3.7,225,341,1499,30,Medium,58,1
P2645,Shoes 2645,Shoes,59,4.7,86,140,1999,5,Low,65,0
P2646,Hoodie 2646,Hoodie,97,7.81,246,20,2499,5,Low,51,1
P2647,Jeans 2647,Jeans,42,3.45,257,289,4999,50,Low,88,1
P2648,Hoodie 2648,Hoodie,44,0.9,56,300,2499,10,Medium,68,1
P2649,Shirt 2649,Shirt,22,0.54,43,153,799,40,Medium,97,0
P2650,Dress 2650,Dress,68,2.62,263,133,2999,30,Low,4,1
P2651,Jacket 2651,Jacket,93,2.67,275,266,1299,5,High,42,1
P2652,Shoes 2652,Shoes,5,1.07,76,320,2499,5,Low,7,1
P2653,Accessories 2653,Accessories,55,0.29,74,224,999,40,Medium,77,1
P2654,Shoes 2654,Shoes,109,2.46,224,239,2999,0,Low,92,1
P2655,Shirt 2655,Shirt,107,10.14,8,174,799,10,Low,93,0
P2656,Shoes 2656,Shoes,3,4.57,294,149,999,50,Low,62,0
P2657,Shirt 2657,Shirt,92,4.29,296,266,4999,40,Low,100,1
P2658,Accessories 2658,Accessories,22,3.01,235,224,4999,50,High,67,0
P2659,Hoodie 2659,Hoodie,5,2.61,84,314,2999,5,Medium,34,0
P2660,Jacket 2660,Jacket,31,4.9,70,152,999,50,High,70,0
P2661,Jeans 2661,Jeans,105,1.19,140,105,1999,5,Low,89,0
P2662,Dress 2662,Dress,17,11.9,195,188,1499,20,Medium,31,0
P2663,Jeans 2663,Jeans,14,1.28,63,175,999,30,Low,96,0
P2664,Hoodie 2664,Hoodie,39,5.22,270,239,999,5,Medium,23,1
P2665,Dress 2665,Dress,95,1.39,11,99,3999,0,High,49,1
P2666,Shoes 2666,Shoes,72,3.76,206,123,1999,5,High,58,1
P2667,Accessories 2667,Accessories,100,5.61,241,10,3999,30,Low,64,1
P2668,Accessories 2668,Accessories,73,0.73,272,91,999,5,Medium,92,1
P2669,T-Shirt 2669,T-Shirt,83,1.54,83,173,999,40,Low,37,1
P2670,Hoodie 2670,Hoodie,5,1.63,50,13,1299,15,Low,37,0
P2671,Hoodie 2671,Hoodie,111,2.79,247,238,3999,5,Low,20,1
P2672,Jacket 2672,Jacket,119,4.12,292,257,3999,10,Low,22,1
P2673,Jeans 2673,Jeans,62,10.27,164,91,1299,30,Medium,45,0
P2674,Hoodie 2674,Hoodie,66,2.19,119,325,799,50,Medium,68,1
P2675,Hoodie 2675,Hoodie,105,9.84,118,199,2999,30,Medium,29,1
P2676,Shoes 2676,Shoes,10,4.45,130,129,1499,15,High,39,0
P2677,Shoes 2677,Shoes,42,1.24,94,95,1299,10,Low,81,0
P2678,Dress 2678,Dress,16,3.02,65,101,1999,10,Low,69,0
P2679,Shirt 2679,Shirt,95,0.92,106,306,2499,30,Medium,68,1
P2680,Shirt 2680,Shirt,3,2.62,118,364,799,0,Medium,41,0
P2681,T-Shirt 2681,T-Shirt,62,2.47,178,51,4999,50,Low,17,1
P2682,Shirt 2682,Shirt,67,3.81,96,259,2499,5,High,58,0
P2683,Jacket 2683,Jacket,80,5.23,187,57,1299,10,Medium,12,1
P2684,T-Shirt 2684,T-Shirt,40,3.21,209,71,799,5,Medium,83,0
P2685,Dress 2685,Dress,82,1.38,199,60,4999,50,Medium,20,1
P2686,Shoes 2686,Shoes,4,8.49,29,228,999,5,Medium,67,0
P2687,Shirt 2687,Shirt,31,10.71,238,78,2499,50,Medium,76,0
P2688,Jeans 2688,Jeans,85,2.97,20,174,2499,40,Medium,81,1
P2689,Shoes 2689,Shoes,119,4.31,145,192,1299,0,Low,76,1
P2690,Accessories 2690,Accessories,69,2.85,112,149,2499,0,High,76,0
P2691,Jacket 2691,Jacket,34,3.83,84,25,999,10,Medium,100,0
P2692,Shoes 2692,Shoes,21,3.99,80,16,3999,10,Medium,60,0
P2693,Jacket 2693,Jacket,64,1.08,280,278,799,30,Medium,98,1
P2694,Jacket 2694,Jacket,83,2.66,272,177,2499,40,Medium,37,1
P2695,Jacket 2695,Jacket,21,6.85,116,22,799,40,Low,39,0
P2696,Dress 2696,Dress,111,6.45,79,86,4999,15,High,26,1
P2697,Jacket 2697,Jacket,118,2.62,218,290,4999,5,Medium,57,1
P2698,Jacket 2698,Jacket,10,4.04,38,196,2499,50,Low,89,0
P2699,Accessories 2699,Accessories,76,2.78,145,154,2499,30,Low,75,1
P2700,Jeans 2700,Jeans,105,5.37,170,169,4999,5,High,65,1
P2701,T-Shirt 2701,T-Shirt,2,0.72,235,271,1999,0,High,42,1
P2702,Hoodie 2702,Hoodie,8,4.91,296,144,4999,0,Medium,19,1
P2703,Accessories 2703,Accessories,59,8.86,32,307,1999,40,Medium,34,0
P2704,T-Shirt 2704,T-Shirt,75,1.9,299,36,1499,30,High,54,1
P2705,Jacket 2705,Jacket,86,8.08,95,310,999,10,Low,73,0
P2706,Jeans 2706,Jeans,13,4.19,119,174,999,15,Medium,71,0
P2707,Shoes 2707,Shoes,96,3.2,163,97,799,40,Medium,39,1
P2708,Jeans 2708,Jeans,17,2.6,262,97,1299,15,Medium,45,0
P2709,Accessories 2709,Accessories,112,8.27,94,217,799,0,Low,99,1
P2710,Jacket 2710,Jacket,104,2.78,249,336,2499,0,Medium,94,1
P2711,Jeans 2711,Jeans,72,9.75,35,306,2999,15,Medium,78,0
P2712,Shirt 2712,Shirt,22,9.02,232,180,4999,15,High,41,0
P2713,Jeans 2713,Jeans,73,2.31,132,140,2999,50,Medium,17,1
P2714,Jacket 2714,Jacket,82,2.95,274,30,1499,10,High,14,1
P2715,Dress 2715,Dress,46,0.5,274,207,1499,15,High,82,1
P2716,Shirt 2716,Shirt,68,3.28,213,225,3999,5,Medium,87,1
P2717,Jeans 2717,Jeans,46,3.6,182,13,1499,15,Low,98,1
P2718,Hoodie 2718,Hoodie,115,7.35,195,12,799,20,Medium,65,0
P2719,Hoodie 2719,Hoodie,86,9.35,72,124,4999,15,High,12,0
P2720,Jeans 2720,Jeans,29,5.73,271,167,1299,0,Low,56,0
P2721,Dress 2721,Dress,24,6.94,274,91,799,0,Medium,8,1
P2722,Shoes 2722,Shoes,27,2.95,132,254,4999,40,Low,98,0
P2723,Jacket 2723,Jacket,97,1.15,268,172,1999,50,Low,65,1
P2724,Hoodie 2724,Hoodie,108,4.18,225,151,4999,20,Medium,15,1
P2725,Shoes 2725,Shoes,119,7.26,246,37,1299,5,Medium,99,0
P2726,Jeans 2726,Jeans,111,0.14,248,226,2499,15,Medium,1,1
P2727,Accessories 2727,Accessories,110,3.73,23,139,2999,15,High,15,1
P2728,Shoes 2728,Shoes,24,0.59,159,70,1999,20,Low,71,0
P2729,Shirt 2729,Shirt,73,1.77,233,82,3999,40,Low,0,1
P2730,T-Shirt 2730,T-Shirt,77,3.84,62,137,2499,10,High,81,1
P2731,Hoodie 2731,Hoodie,105,9.45,285,318,2499,50,Medium,25,1
P2732,Jeans 2732,Jeans,120,3.46,49,325,2999,50,Low,43,1
P2733,Accessories 2733,Accessories,109,5.47,106,44,3999,10,Medium,4,1
P2734,Jacket 2734,Jacket,57,4.16,52,60,999,40,High,20,0
P2735,Accessories 2735,Accessories,93,1.87,54,136,2999,5,Medium,34,1
P2736,Dress 2736,Dress,118,4.76,85,224,4999,15,High,91,1
P2737,Shirt 2737,Shirt,40,1.12,63,8,799,15,Low,53,0
P2738,Jeans 2738,Jeans,24,3.42,165,252,799,15,Low,89,0
P2739,Jacket 2739,Jacket,77,8.16,107,146,2999,40,High,95,0
P2740,Dress 2740,Dress,98,3.92,278,302,1999,0,Medium,49,1
P2741,Dress 2741,Dress,115,4.16,187,264,799,30,Low,43,1
P2742,Jeans 2742,Jeans,47,2.61,120,111,799,10,Medium,84,0
P2743,Shirt 2743,Shirt,97,0.78,271,342,999,40,Medium,3,1
P2744,Shoes 2744,Shoes,9,2.86,168,191,4999,30,Low,41,0
P2745,Shoes 2745,Shoes,98,6.23,147,309,1299,50,Medium,40,0
P2746,Dress 2746,Dress,74,4.55,98,250,4999,20,Low,35,1
P2747,Shoes 2747,Shoes,10,1.19,254,170,2499,30,Medium,23,1
P2748,T-Shirt 2748,T-Shirt,84,0.55,244,138,2499,0,Medium,96,1
P2749,Dress 2749,Dress,20,1.85,63,209,2999,50,Low,4,0
P2750,Dress 2750,Dress,85,2.88,19,216,3999,0,Low,56,1
P2751,Jacket 2751,Jacket,44,3.05,289,353,1299,50,High,66,1
P2752,Shoes 2752,Shoes,6,3.08,207,107,3999,10,Medium,10,0
P2753,Shirt 2753,Shirt,118,3.43,241,277,2499,15,Medium,44,1
P2754,Dress 2754,Dress,80,4.66,300,55,2499,5,Low,95,1
P2755,Accessories 2755,Accessories,63,2.47,291,245,1299,30,Medium,21,1
P2756,Shirt 2756,Shirt,63,1.51,77,221,2499,50,Medium,10,1
P2757,T-Shirt 2757,T-Shirt,1,5.04,218,297,3999,50,Low,37,1
P2758,Jacket 2758,Jacket,75,6.33,15,356,2999,40,Medium,58,0
P2759,Jeans 2759,Jeans,120,2.16,229,286,2999,40,Medium,85,1
P2760,Shirt 2760,Shirt,41,11.95,207,322,1299,50,Medium,3,0
P2761,Dress 2761,Dress,81,9.11,235,83,1299,20,Low,66,0
P2762,T-Shirt 2762,T-Shirt,53,1.27,55,310,1999,10,Low,9,1
P2763,Hoodie 2763,Hoodie,74,0.6,61,157,1999,5,High,100,1
P2764,T-Shirt 2764,T-Shirt,15,2.98,136,303,4999,10,High,18,1
P2765,T-Shirt 2765,T-Shirt,112,4.18,284,163,4999,10,Medium,81,1
P2766,Jacket 2766,Jacket,114,11.84,229,204,1999,10,High,27,1
P2767,Jeans 2767,Jeans,17,11.58,178,293,1999,10,Medium,94,0
P2768,Hoodie 2768,Hoodie,98,5.48,296,30,2499,15,Low,16,1
P2769,Shoes 2769,Shoes,116,2.51,270,15,3999,40,Low,23,1
P2770,Shoes 2770,Shoes,58,7.56,251,138,2499,0,Medium,0,1
P2771,Shirt 2771,Shirt,89,3.75,82,83,2499,40,Medium,4,1
P2772,T-Shirt 2772,T-Shirt,15,1.02,139,232,4999,40,Medium,31,0
P2773,Accessories 2773,Accessories,5,1.06,144,137,799,30,High,52,0
P2774,Jacket 2774,Jacket,56,2.53,257,96,1499,10,High,80,1
P2775,Accessories 2775,Accessories,107,6.73,180,123,999,5,High,56,1
P2776,Jacket 2776,Jacket,106,1.37,64,116,4999,30,High,84,1
P2777,Shoes 2777,Shoes,46,2.52,258,360,1299,50,High,42,1
P2778,Shirt 2778,Shirt,110,9.06,12,277,999,5,Medium,85,0
P2779,Shirt 2779,Shirt,47,4.54,111,233,3999,5,Low,38,0
P2780,Shirt 2780,Shirt,41,4.93,175,250,1499,0,Medium,33,0
P2781,Hoodie 2781,Hoodie,75,6.9,62,314,999,0,Medium,77,0
P2782,Jeans 2782,Jeans,59,2.57,294,61,1499,5,Medium,79,0
P2783,Hoodie 2783,Hoodie,76,9.47,88,43,2999,15,High,4,0
P2784,Dress 2784,Dress,3,5.59,121,61,2999,0,High,17,0
P2785,Dress 2785,Dress,102,3.12,204,18,799,0,Medium,3,1
P2786,Accessories 2786,Accessories,117,8.3,26,191,799,15,Medium,91,1
P2787,Jeans 2787,Jeans,1,5.42,223,243,1299,10,High,90,0
P2788,Shoes 2788,Shoes,89,3.37,230,299,999,0,Low,69,1
P2789,Jeans 2789,Jeans,58,5.04,275,210,1299,30,Low,10,1
P2790,Jacket 2790,Jacket,26,1.64,106,217,1499,5,High,46,0
P2791,Dress 2791,Dress,26,7.58,149,232,2999,5,Medium,84,0
P2792,T-Shirt 2792,T-Shirt,78,11.7,151,13,999,15,Medium,80,0
P2793,T-Shirt 2793,T-Shirt,71,0.74,265,226,2999,5,High,30,1
P2794,Shoes 2794,Shoes,6,2.14,283,317,1999,40,Medium,97,1
P2795,Jacket 2795,Jacket,62,1.99,18,34,3999,50,Medium,12,0
P2796,Accessories 2796,Accessories,110,5.84,270,299,3999,20,Medium,22,1
P2797,Hoodie 2797,Hoodie,118,4.02,291,218,1999,50,Low,64,1
P2798,Jacket 2798,Jacket,45,2.42,145,195,3999,5,Low,67,1
P2799,T-Shirt 2799,T-Shirt,62,2.73,297,81,4999,15,High,29,1
P2800,T-Shirt 2800,T-Shirt,103,2.24,35,248,2999,50,Low,30,1
P2801,Accessories 2801,Accessories,11,5.34,175,120,2499,15,Low,46,0
P2802,Dress 2802,Dress,12,3.97,209,173,2999,15,Medium,15,0
P2803,Jacket 2803,Jacket,42,2.63,295,112,2999,40,Low,42,1
P2804,Jacket 2804,Jacket,16,2.28,115,157,1299,50,High,2,0
P2805,T-Shirt 2805,T-Shirt,62,8.4,72,90,2499,30,Low,11,0
P2806,Hoodie 2806,Hoodie,80,7.45,187,218,2499,20,Medium,75,0
P2807,Shoes 2807,Shoes,119,5.38,200,273,4999,40,Medium,10,1
P2808,Shirt 2808,Shirt,35,6.92,130,328,799,50,High,15,1
P2809,Shoes 2809,Shoes,84,1.03,179,275,2999,0,Medium,28,1
P2810,Jacket 2810,Jacket,7,1.36,266,183,799,10,Medium,20,1
P2811,Shoes 2811,Shoes,68,1.23,290,277,1499,5,High,57,1
P2812,T-Shirt 2812,T-Shirt,89,3.45,159,318,2999,30,Low,42,1
P2813,T-Shirt 2813,T-Shirt,79,7.08,73,188,2499,0,Medium,4,1
P2814,Accessories 2814,Accessories,35,2.45,112,165,2499,15,High,51,0
P2815,Jacket 2815,Jacket,27,7.75,39,195,1999,0,Medium,12,0
P2816,Accessories 2816,Accessories,117,2.14,48,192,2999,40,Medium,80,1
P2817,Jacket 2817,Jacket,92,3.09,147,315,4999,0,Low,11,1
P2818,Shirt 2818,Shirt,46,2.43,215,252,2499,20,Low,80,1
P2819,Shirt 2819,Shirt,75,2.91,289,323,2999,15,Low,0,1
P2820,Dress 2820,Dress,100,3.17,10,48,4999,30,High,7,1
P2821,Jacket 2821,Jacket,29,0.58,222,291,2999,50,High,15,1
P2822,Hoodie 2822,Hoodie,22,4.45,31,306,2499,30,Medium,14,0
P2823,Shoes 2823,Shoes,15,3.11,231,300,1299,15,Low,18,1
P2824,Jacket 2824,Jacket,13,9.46,288,187,799,5,Low,24,0
P2825,Jeans 2825,Jeans,73,5.2,60,188,4999,50,Medium,30,0
P2826,Dress 2826,Dress,70,4.31,109,346,2999,30,Medium,1,1
P2827,Jeans 2827,Jeans,108,9.09,22,224,1299,30,Medium,58,0
P2828,T-Shirt 2828,T-Shirt,51,8.48,209,169,4999,5,High,88,0
P2829,Shirt 2829,Shirt,36,9.74,47,52,1299,5,Medium,30,0
P2830,Shoes 2830,Shoes,28,2.25,93,98,1299,50,Medium,67,0
P2831,Jacket 2831,Jacket,66,1.2,78,111,2999,40,High,67,0
P2832,Jeans 2832,Jeans,14,0.58,161,213,999,30,Medium,11,1
P2833,Shoes 2833,Shoes,99,6.86,270,334,2999,30,Medium,16,1
P2834,T-Shirt 2834,T-Shirt,46,0.48,138,145,2999,30,Medium,84,1
P2835,Shirt 2835,Shirt,45,4.01,93,35,799,5,Low,28,0
P2836,Hoodie 2836,Hoodie,51,0.81,240,257,999,30,Medium,85,1
P2837,Dress 2837,Dress,18,7.55,136,197,1999,0,High,35,0
P2838,Shoes 2838,Shoes,76,4.91,233,53,1499,0,Medium,79,1
P2839,Shoes 2839,Shoes,105,7.52,38,257,1299,5,High,62,1
P2840,Hoodie 2840,Hoodie,20,4.08,87,269,3999,5,Low,14,0
P2841,Shoes 2841,Shoes,63,1.51,136,70,2999,5,High,29,1
P2842,T-Shirt 2842,T-Shirt,36,2.38,208,344,4999,10,High,50,1
P2843,T-Shirt 2843,T-Shirt,26,6.39,291,326,1299,50,Medium,10,1
P2844,Hoodie 2844,Hoodie,54,0.74,262,354,799,5,High,56,1
P2845,Dress 2845,Dress,115,2.22,296,274,4999,40,Medium,12,1
P2846,Jacket 2846,Jacket,28,1.96,129,18,4999,10,Low,86,0
P2847,Jeans 2847,Jeans,19,3.2,155,298,799,5,Low,54,0
P2848,Jacket 2848,Jacket,24,5.32,251,35,3999,15,Medium,97,0
P2849,Shoes 2849,Shoes,69,7.39,179,145,799,20,High,62,0
P2850,Jeans 2850,Jeans,62,0.96,84,91,2499,30,Low,83,0
P2851,Accessories 2851,Accessories,35,1.6,111,80,4999,30,Medium,1,1
P2852,Hoodie 2852,Hoodie,1,1.08,62,257,1299,0,High,71,0
P2853,Hoodie 2853,Hoodie,21,3.3,95,230,2499,15,Low,81,0
P2854,Dress 2854,Dress,95,1.21,139,53,1299,20,Low,55,1
P2855,Jeans 2855,Jeans,15,4.42,173,87,1999,30,Medium,6,0
P2856,T-Shirt 2856,T-Shirt,17,8.08,126,127,2999,30,Low,42,0
P2857,Jeans 2857,Jeans,68,0.61,240,49,1499,10,Low,30,1
P2858,Shoes 2858,Shoes,53,1.65,80,152,1499,0,Low,60,0
P2859,T-Shirt 2859,T-Shirt,99,9.81,27,80,2999,10,Low,21,0
P2860,Shirt 2860,Shirt,29,3.93,77,59,1999,40,Medium,61,0
P2861,Shirt 2861,Shirt,44,2.25,92,239,799,40,Medium,27,1
P2862,Accessories 2862,Accessories,18,16.81,107,301,999,10,Medium,24,0
P2863,Shirt 2863,Shirt,86,2.73,98,206,2499,0,Medium,64,0
P2864,Hoodie 2864,Hoodie,33,5.17,270,168,4999,20,High,31,1
P2865,Jeans 2865,Jeans,12,1.72,257,43,2999,0,High,88,1
P2866,Shirt 2866,Shirt,42,1.46,62,103,1499,5,High,47,1
P2867,Jacket 2867,Jacket,61,5.39,13,55,999,50,Medium,79,0
P2868,Dress 2868,Dress,117,10.41,17,16,1499,10,High,92,0
P2869,Jacket 2869,Jacket,92,2.33,135,46,1999,5,High,23,1
P2870,Shirt 2870,Shirt,99,1.36,226,159,999,0,Medium,80,1
P2871,Accessories 2871,Accessories,21,6.78,157,112,799,0,Low,41,0
P2872,Dress 2872,Dress,51,2.35,75,47,1499,30,Medium,69,0
P2873,Shoes 2873,Shoes,51,4.47,24,170,2499,40,Low,77,0
P2874,Jacket 2874,Jacket,110,2.28,85,264,799,20,Low,89,1
P2875,Accessories 2875,Accessories,35,2.6,232,217,799,10,Medium,91,1
P2876,Jeans 2876,Jeans,72,1.6,23,208,4999,40,Medium,35,1
P2877,Jeans 2877,Jeans,102,5.49,169,201,1999,15,High,30,1
P2878,Jacket 2878,Jacket,114,4.57,111,59,999,0,Medium,26,1
P2879,Shirt 2879,Shirt,18,4.45,218,153,999,30,Medium,65,1
P2880,Accessories 2880,Accessories,37,1.88,243,288,1499,15,Medium,82,0
P2881,Jeans 2881,Jeans,69,4.28,151,316,999,10,Medium,91,0
P2882,Shoes 2882,Shoes,115,11.35,185,249,1499,5,Medium,44,1
P2883,T-Shirt 2883,T-Shirt,110,1.37,202,57,2499,50,High,43,1
P2884,Shirt 2884,Shirt,78,1.73,291,120,2999,50,Medium,56,1
P2885,Accessories 2885,Accessories,56,1.82,57,279,2499,50,Medium,20,1
P2886,Shoes 2886,Shoes,19,3.68,244,126,1499,10,Medium,54,0
P2887,Accessories 2887,Accessories,8,1.27,294,195,1299,40,High,14,1
P2888,Dress 2888,Dress,31,4.91,291,52,1499,20,High,33,1
P2889,Shoes 2889,Shoes,3,0.53,192,249,1999,15,Medium,2,1
P2890,Shirt 2890,Shirt,49,5.97,10,317,1499,30,Medium,0,0
P2891,Dress 2891,Dress,81,4.39,287,56,1299,40,Medium,23,1
P2892,Shirt 2892,Shirt,4,11.17,267,337,799,15,High,42,0
P2893,Jeans 2893,Jeans,19,1.43,53,17,1299,5,Medium,26,0
P2894,T-Shirt 2894,T-Shirt,86,6.96,204,54,1999,40,Low,8,1
P2895,Shirt 2895,Shirt,74,3.12,64,62,2499,30,Medium,87,1
P2896,Shirt 2896,Shirt,36,2.65,37,14,1499,5,Medium,16,0
P2897,Jeans 2897,Jeans,21,1.36,248,20,799,0,Medium,91,0
P2898,Hoodie 2898,Hoodie,57,2.3,176,221,2999,40,Low,38,0
P2899,Jeans 2899,Jeans,67,2.39,211,251,4999,10,Low,54,1
P2900,Dress 2900,Dress,92,0.82,287,60,2499,40,Medium,67,1
P2901,Jeans 2901,Jeans,43,4.36,26,279,2499,40,High,92,0
P2902,Jeans 2902,Jeans,33,3.95,51,137,4999,20,High,44,0
P2903,T-Shirt 2903,T-Shirt,76,5.16,162,15,1499,0,Medium,27,1
P2904,Jeans 2904,Jeans,41,2.06,262,218,1999,50,High,55,1
P2905,Accessories 2905,Accessories,8,6.13,147,128,1999,10,Low,100,0
P2906,Shirt 2906,Shirt,105,8.37,51,120,1999,5,Medium,28,0
P2907,Accessories 2907,Accessories,94,2.81,31,26,3999,20,Low,28,1
P2908,T-Shirt 2908,T-Shirt,6,1.46,31,345,799,5,Medium,68,0
P2909,Jacket 2909,Jacket,67,3.54,149,27,1299,30,High,10,1
P2910,Hoodie 2910,Hoodie,18,3.41,79,214,3999,5,High,1,1
P2911,Accessories 2911,Accessories,105,2.93,191,39,4999,50,Medium,67,1
P2912,T-Shirt 2912,T-Shirt,93,5.17,14,139,999,15,High,9,1
P2913,Dress 2913,Dress,30,2.55,125,197,1499,10,High,71,0
P2914,Jacket 2914,Jacket,34,1.35,293,32,3999,0,Low,86,0
P2915,T-Shirt 2915,T-Shirt,56,3.79,169,95,1999,40,High,26,1
P2916,T-Shirt 2916,T-Shirt,84,5.35,268,98,799,15,Low,86,1
P2917,Hoodie 2917,Hoodie,60,5.66,165,39,2499,50,High,97,0
P2918,Shirt 2918,Shirt,30,2.41,122,244,4999,30,Low,34,0
P2919,Accessories 2919,Accessories,82,4.2,267,24,4999,10,Low,80,1
P2920,Dress 2920,Dress,94,8.48,88,280,799,30,Medium,49,0
P2921,Shoes 2921,Shoes,52,7.1,150,295,1499,50,Low,73,0
P2922,Accessories 2922,Accessories,31,0.77,175,33,799,10,Low,1,1
P2923,Shoes 2923,Shoes,65,2.57,18,311,2999,10,Medium,16,1
P2924,T-Shirt 2924,T-Shirt,58,8.11,153,114,1299,20,High,94,0
P2925,Jeans 2925,Jeans,115,0.76,255,232,999,15,Low,79,1
P2926,Dress 2926,Dress,9,3.21,61,330,3999,50,High,23,0
P2927,Jacket 2927,Jacket,1,2.03,137,361,4999,0,High,56,0
P2928,Jeans 2928,Jeans,65,4.26,174,25,2999,15,Medium,70,0
P2929,Jeans 2929,Jeans,59,0.34,106,229,2499,30,Medium,82,0
P2930,Accessories 2930,Accessories,87,7.59,110,287,2499,5,Low,15,1
P2931,Dress 2931,Dress,16,3.33,175,110,4999,30,Medium,96,0
P2932,Shirt 2932,Shirt,95,1.27,132,338,1999,10,Low,35,1
P2933,T-Shirt 2933,T-Shirt,15,1.79,254,338,1999,5,Low,44,1
P2934,T-Shirt 2934,T-Shirt,15,4.37,36,295,999,15,Medium,9,0
P2935,T-Shirt 2935,T-Shirt,45,1.67,220,43,2499,0,Medium,62,0
P2936,T-Shirt 2936,T-Shirt,38,10.18,266,354,2499,5,Medium,42,1
P2937,Accessories 2937,Accessories,116,3.03,248,250,2499,5,Medium,50,1
P2938,Shoes 2938,Shoes,30,8.97,289,49,1499,40,High,78,0
P2939,T-Shirt 2939,T-Shirt,106,3.79,294,132,2999,50,Low,2,1
P2940,Shoes 2940,Shoes,87,5.49,267,15,4999,20,Low,65,1
P2941,Shoes 2941,Shoes,0,5.26,89,20,799,15,Medium,34,0
P2942,Shirt 2942,Shirt,10,2.25,49,137,1299,5,Low,90,0
P2943,T-Shirt 2943,T-Shirt,118,5.54,204,331,4999,15,High,68,1
P2944,Hoodie 2944,Hoodie,84,2.42,205,190,1999,0,Medium,78,1
P2945,Jacket 2945,Jacket,3,0.69,172,288,2499,5,Medium,35,0
P2946,Jeans 2946,Jeans,70,2.83,244,59,3999,50,Medium,48,1
P2947,Shoes 2947,Shoes,25,1.1,290,47,4999,0,Medium,96,1
P2948,Dress 2948,Dress,110,2.35,194,344,3999,30,Medium,0,1
P2949,Dress 2949,Dress,49,3.24,75,364,1299,5,Low,75,1
P2950,Jacket 2950,Jacket,11,1.5,149,27,799,50,Low,41,0
P2951,Dress 2951,Dress,94,4.99,213,301,1999,40,Medium,40,1
P2952,Hoodie 2952,Hoodie,80,2.39,212,214,2999,10,Low,72,1
P2953,Dress 2953,Dress,96,1.07,226,157,999,20,High,56,1
P2954,Jeans 2954,Jeans,74,1.52,291,75,799,50,Low,19,1
P2955,Jeans 2955,Jeans,91,3.62,167,337,1499,20,Low,93,0
P2956,Shoes 2956,Shoes,95,2.73,76,324,1299,50,Low,13,1
P2957,T-Shirt 2957,T-Shirt,64,4.15,244,307,1499,20,Medium,86,0
P2958,Shirt 2958,Shirt,46,3.64,131,33,799,0,Low,92,0
P2959,Hoodie 2959,Hoodie,91,1.39,89,122,999,15,Low,98,1
P2960,Shoes 2960,Shoes,52,1.99,19,148,799,40,Medium,51,0
P2961,Hoodie 2961,Hoodie,105,6.09,252,47,1299,20,Medium,90,0
P2962,T-Shirt 2962,T-Shirt,70,1.62,287,112,1499,50,High,53,1
P2963,Accessories 2963,Accessories,1,9.11,6,80,799,50,High,48,0
P2964,Dress 2964,Dress,105,0.85,78,66,2499,50,Low,90,1
P2965,Dress 2965,Dress,23,5.96,68,304,999,30,Low,29,0
P2966,Shirt 2966,Shirt,3,3.07,265,128,1999,50,Medium,2,1
P2967,T-Shirt 2967,T-Shirt,107,1.4,243,209,3999,50,High,11,1
P2968,Shoes 2968,Shoes,18,3.54,283,17,1499,5,High,30,0
P2969,Shirt 2969,Shirt,25,1.66,205,153,1999,5,Low,36,1
P2970,T-Shirt 2970,T-Shirt,74,2.1,297,222,4999,10,Medium,26,1
P2971,Jacket 2971,Jacket,39,2.44,290,327,999,50,Medium,23,1
P2972,Jeans 2972,Jeans,49,5.63,225,309,999,0,High,40,1
P2973,Shirt 2973,Shirt,42,1.96,166,20,2499,5,Low,63,1
P2974,Shirt 2974,Shirt,74,3.96,187,73,2499,5,Medium,10,1
P2975,Shoes 2975,Shoes,108,5.79,269,186,1299,40,Low,90,1
P2976,Hoodie 2976,Hoodie,66,3.47,136,248,4999,10,Low,72,1
P2977,Jacket 2977,Jacket,11,4.42,124,166,799,10,Medium,15,0
P2978,Shoes 2978,Shoes,66,3.23,223,16,1299,15,Low,13,1
P2979,T-Shirt 2979,T-Shirt,105,4.92,164,130,3999,15,Medium,46,1
P2980,T-Shirt 2980,T-Shirt,26,1.04,113,279,3999,15,Medium,29,1
P2981,T-Shirt 2981,T-Shirt,112,8.57,242,247,1499,5,High,23,1
P2982,Accessories 2982,Accessories,53,1.86,297,149,3999,10,Medium,12,1
P2983,T-Shirt 2983,T-Shirt,65,3.1,71,359,3999,30,Low,96,0
P2984,Hoodie 2984,Hoodie,48,0.47,191,173,799,0,Low,8,1
P2985,Jacket 2985,Jacket,15,2.19,40,63,1299,15,Medium,48,0
P2986,Dress 2986,Dress,1,4.09,53,144,799,30,Medium,25,0
P2987,Jeans 2987,Jeans,59,9.36,260,333,999,20,Medium,48,0
P2988,Hoodie 2988,Hoodie,53,5.08,111,359,1499,5,Medium,41,1
P2989,Hoodie 2989,Hoodie,29,2.33,12,23,1299,0,Medium,44,0
P2990,Accessories 2990,Accessories,83,0.77,240,338,2499,5,Low,76,1
P2991,Dress 2991,Dress,37,7.92,182,279,1999,30,Medium,20,0
P2992,Dress 2992,Dress,27,2.24,246,340,1999,15,Medium,28,1
P2993,Jeans 2993,Jeans,24,4.08,45,9,2999,30,High,91,0
P2994,Jeans 2994,Jeans,95,2.34,249,249,2999,30,Medium,23,1
P2995,Dress 2995,Dress,9,4.45,117,114,4999,40,Low,76,0
P2996,T-Shirt 2996,T-Shirt,59,7.68,260,57,3999,5,Medium,41,1
P2997,Hoodie 2997,Hoodie,41,5.59,170,356,1299,15,Medium,83,1
P2998,Shoes 2998,Shoes,39,2.69,82,180,999,5,Low,70,0
P2999,Jeans 2999,Jeans,96,8.05,211,122,799,15,High,40,1
P3000,Accessories 3000,Accessories,76,10.74,200,189,2499,40,Low,47,0
P3001,Accessories 3001,Accessories,119,6.6,68,361,1499,50,Medium,78,1
P3002,Jeans 3002,Jeans,104,2.4,144,160,1299,10,High,88,1
P3003,Dress 3003,Dress,117,5.97,46,253,999,10,Medium,98,0
P3004,Jacket 3004,Jacket,41,6.55,213,82,999,40,Medium,76,0
P3005,Shoes 3005,Shoes,46,2.73,77,250,1499,40,Low,42,0
P3006,Shoes 3006,Shoes,36,10.74,157,87,799,40,Low,7,0
P3007,Jeans 3007,Jeans,117,7.45,139,235,2499,50,Medium,84,0
P3008,T-Shirt 3008,T-Shirt,79,2.84,268,78,1999,40,Medium,62,1
P3009,Jacket 3009,Jacket,108,2.39,220,224,4999,10,Medium,62,1
P3010,Shoes 3010,Shoes,21,6.45,213,249,999,10,High,5,0
P3011,Jeans 3011,Jeans,56,12.67,208,320,4999,40,Medium,73,0
P3012,Accessories 3012,Accessories,83,1.11,114,84,4999,10,Medium,51,1
P3013,Shoes 3013,Shoes,113,4.61,35,164,4999,20,Medium,20,1
P3014,Shirt 3014,Shirt,106,5.89,16,54,1499,5,Medium,13,0
P3015,Jacket 3015,Jacket,26,7.63,131,318,1999,30,Medium,57,0
P3016,Jacket 3016,Jacket,40,5.93,198,304,3999,40,Medium,96,0
P3017,Shirt 3017,Shirt,79,2.27,144,30,3999,10,High,24,1
P3018,Hoodie 3018,Hoodie,33,0.99,31,116,799,20,Medium,55,0
P3019,Accessories 3019,Accessories,31,2.61,50,58,799,40,Medium,82,0
P3020,Shirt 3020,Shirt,89,5.79,139,296,2499,20,Medium,8,1
P3021,Dress 3021,Dress,88,2.07,62,265,2999,5,Low,100,1
P3022,Dress 3022,Dress,65,8.45,17,330,999,50,High,99,0
P3023,Jeans 3023,Jeans,11,3.02,104,145,999,5,Medium,35,0
P3024,Jacket 3024,Jacket,39,1.96,53,312,1999,15,Medium,56,1
P3025,Hoodie 3025,Hoodie,72,4.98,295,344,4999,15,High,78,1
P3026,Hoodie 3026,Hoodie,75,2.78,98,281,1999,50,High,4,1
P3027,Shoes 3027,Shoes,89,2.34,99,50,3999,10,Medium,80,1
P3028,Shoes 3028,Shoes,72,11.67,149,265,3999,0,High,93,0
P3029,Shirt 3029,Shirt,9,2.06,76,119,1999,15,Low,6,0
P3030,Hoodie 3030,Hoodie,95,2.54,14,233,3999,0,Medium,5,1
P3031,Shirt 3031,Shirt,120,5.04,166,71,3999,30,Low,78,1
P3032,Accessories 3032,Accessories,97,8.37,218,169,1999,15,Low,51,1
P3033,Shirt 3033,Shirt,47,4.7,8,170,1999,30,Low,73,0
P3034,Shoes 3034,Shoes,19,3.61,228,172,1499,20,Medium,69,0
P3035,Jacket 3035,Jacket,38,12.58,33,45,799,20,Low,54,0
P3036,Shirt 3036,Shirt,59,2.44,207,159,4999,30,Medium,76,1
P3037,T-Shirt 3037,T-Shirt,65,2.45,81,326,999,20,Medium,13,1
P3038,Jacket 3038,Jacket,64,2.08,63,275,799,30,Medium,0,1
P3039,Hoodie 3039,Hoodie,50,4.49,200,330,2499,0,Low,96,0
P3040,Hoodie 3040,Hoodie,35,1.59,111,332,1999,10,Low,82,1
P3041,Shirt 3041,Shirt,23,1.25,13,81,799,30,Medium,72,0
P3042,Jacket 3042,Jacket,117,2.53,24,263,2999,15,Medium,36,1
P3043,Shoes 3043,Shoes,26,0.74,153,206,2999,15,Low,48,1
P3044,Shoes 3044,Shoes,1,4.08,21,104,1299,50,High,11,0
P3045,Dress 3045,Dress,30,4.5,16,110,3999,0,Low,4,0
P3046,Hoodie 3046,Hoodie,56,5.07,86,170,2499,30,Medium,69,0
P3047,Jeans 3047,Jeans,77,6.15,71,119,1499,20,Low,10,1
P3048,Dress 3048,Dress,65,2.59,137,109,1299,50,High,52,0
P3049,Shoes 3049,Shoes,28,7.73,57,43,799,10,Medium,54,0
P3050,Jacket 3050,Jacket,14,7.21,210,112,999,15,High,73,0
P3051,Accessories 3051,Accessories,11,1.4,237,193,999,50,Medium,78,0
P3052,Shoes 3052,Shoes,100,3.24,58,27,1999,50,Low,49,0
P3053,Jacket 3053,Jacket,27,0.27,72,154,1499,10,Medium,52,0
P3054,Dress 3054,Dress,83,7.8,295,135,999,10,Medium,54,1
P3055,Hoodie 3055,Hoodie,102,6.07,173,193,4999,5,Low,91,1
P3056,Shoes 3056,Shoes,23,9.02,165,290,2999,10,Low,2,1
P3057,Shirt 3057,Shirt,20,0.84,19,205,3999,30,High,15,1
P3058,Jacket 3058,Jacket,9,4.8,195,241,3999,40,Low,44,1
P3059,Hoodie 3059,Hoodie,109,2.2,19,114,999,5,Medium,80,1
P3060,Accessories 3060,Accessories,77,0.46,291,15,1999,50,Medium,35,1
P3061,Accessories 3061,Accessories,100,6.7,14,232,1299,40,Medium,18,1
P3062,Jeans 3062,Jeans,17,1.13,61,215,4999,0,Low,3,0
P3063,Jacket 3063,Jacket,87,4.36,203,251,4999,20,Medium,58,1
P3064,Dress 3064,Dress,13,2.18,165,294,2499,5,Low,88,1
P3065,Jeans 3065,Jeans,33,3.83,267,72,1499,40,Low,90,0
P3066,Jeans 3066,Jeans,57,6.21,257,362,3999,10,Medium,11,1
P3067,T-Shirt 3067,T-Shirt,75,3.83,123,159,1999,20,High,62,0
P3068,Shoes 3068,Shoes,21,1.56,84,197,1299,10,Low,55,0
P3069,Jacket 3069,Jacket,119,11.86,128,224,3999,10,Low,26,1
P3070,Jeans 3070,Jeans,69,2.62,76,160,2499,5,Medium,67,0
P3071,T-Shirt 3071,T-Shirt,35,1.85,172,283,1999,50,Medium,23,1
P3072,Dress 3072,Dress,44,3.16,288,88,799,0,Medium,80,0
P3073,Hoodie 3073,Hoodie,35,0.86,40,227,1299,50,High,25,0
P3074,Shirt 3074,Shirt,21,1.99,179,286,2999,40,High,81,1
P3075,Shirt 3075,Shirt,77,2.75,203,117,1299,10,Medium,21,1
P3076,Jacket 3076,Jacket,79,4.06,120,98,799,30,Medium,69,1
P3077,Jeans 3077,Jeans,60,3.5,224,18,3999,50,High,18,1
P3078,Shirt 3078,Shirt,99,4.8,70,145,2999,50,Low,100,1
P3079,Shoes 3079,Shoes,55,3.26,269,161,1999,5,Medium,33,1
P3080,Shirt 3080,Shirt,88,7.16,138,29,1999,50,Medium,10,0
P3081,Shirt 3081,Shirt,95,5.4,123,226,2499,30,Low,87,1
P3082,Shirt 3082,Shirt,32,4.54,126,354,2999,30,High,44,1
P3083,Accessories 3083,Accessories,44,7.97,91,243,1299,40,Medium,36,0
P3084,T-Shirt 3084,T-Shirt,35,7.96,293,259,1499,10,Medium,22,0
P3085,Jeans 3085,Jeans,19,3.69,141,189,799,40,High,39,0
P3086,Shoes 3086,Shoes,17,2.52,57,204,2999,30,Medium,42,1
P3087,Jeans 3087,Jeans,37,3.95,209,176,999,40,High,3,1
P3088,Accessories 3088,Accessories,66,3.05,55,129,2999,20,Low,81,1
P3089,Jacket 3089,Jacket,22,2.44,44,40,2499,0,Low,93,0
P3090,Jacket 3090,Jacket,95,3.84,254,319,1499,10,Low,14,1
P3091,Jacket 3091,Jacket,108,4.44,222,9,999,30,Medium,100,1
P3092,Dress 3092,Dress,15,5.22,183,12,2999,0,Low,22,0
P3093,Shirt 3093,Shirt,58,8.82,43,310,2999,40,Low,11,0
P3094,Dress 3094,Dress,68,4.12,187,108,1999,0,High,67,0
P3095,T-Shirt 3095,T-Shirt,67,3.32,228,198,4999,20,High,67,1
P3096,Jacket 3096,Jacket,20,6.59,168,19,1299,20,Medium,51,0
P3097,Accessories 3097,Accessories,103,1.7,238,42,4999,15,High,40,1
P3098,Shoes 3098,Shoes,114,0.74,197,76,1999,0,High,77,1
P3099,Jeans 3099,Jeans,77,4.75,89,295,999,10,Medium,58,0
P3100,Shirt 3100,Shirt,102,2.61,247,111,4999,20,Medium,57,1
P3101,Hoodie 3101,Hoodie,94,2.77,177,210,799,10,High,58,1
P3102,Shoes 3102,Shoes,77,1.67,41,319,799,0,Medium,71,1
P3103,Shirt 3103,Shirt,69,7.51,91,61,2999,20,Low,22,0
P3104,Dress 3104,Dress,11,0.78,133,113,1299,15,Medium,0,0
P3105,Dress 3105,Dress,15,5.09,198,147,3999,0,Medium,55,0
P3106,Shoes 3106,Shoes,80,3.35,47,231,2999,10,High,74,0
P3107,Dress 3107,Dress,108,9.19,163,313,2999,50,Medium,90,0
P3108,Jacket 3108,Jacket,86,6.61,109,354,799,15,High,3,0
P3109,T-Shirt 3109,T-Shirt,13,1.3,233,315,799,0,High,28,0
P3110,Jeans 3110,Jeans,60,5.41,221,42,999,20,Medium,16,1
P3111,T-Shirt 3111,T-Shirt,70,4.65,268,139,999,30,Medium,48,1
P3112,Shirt 3112,Shirt,45,3.17,53,31,1999,0,Low,82,0
P3113,Jeans 3113,Jeans,31,5.12,127,343,4999,5,Medium,50,0
P3114,Accessories 3114,Accessories,14,1.99,29,43,2999,10,High,48,0
P3115,Jeans 3115,Jeans,43,3.61,135,25,999,20,Medium,23,1
P3116,T-Shirt 3116,T-Shirt,16,3.4,228,41,1999,20,High,43,1
P3117,Shoes 3117,Shoes,40,1.75,103,316,1999,5,Low,40,1
P3118,Jeans 3118,Jeans,53,2.62,294,12,3999,30,Medium,56,1
P3119,Accessories 3119,Accessories,110,2.28,201,205,4999,15,Low,55,1
P3120,Accessories 3120,Accessories,43,4.44,113,40,3999,50,Medium,31,0
P3121,Accessories 3121,Accessories,97,7.8,224,62,999,20,Medium,30,1
P3122,T-Shirt 3122,T-Shirt,4,1.04,268,262,1499,40,Medium,15,1
P3123,Jeans 3123,Jeans,108,4.53,212,217,999,15,Low,31,1
P3124,Hoodie 3124,Hoodie,26,2.21,86,103,2499,15,Medium,41,0
P3125,Shoes 3125,Shoes,115,6.33,29,288,1499,15,Medium,33,1
P3126,Jacket 3126,Jacket,86,4.5,190,247,2999,30,Medium,98,1
P3127,Jeans 3127,Jeans,103,0.81,12,176,999,0,Medium,36,1
P3128,Accessories 3128,Accessories,77,3.84,128,353,4999,5,Medium,15,1
P3129,Hoodie 3129,Hoodie,78,3.04,153,300,1999,10,High,84,1
P3130,Jacket 3130,Jacket,42,1.15,102,233,799,5,High,12,1
P3131,Jacket 3131,Jacket,96,2.23,220,321,1299,20,Medium,81,1
P3132,Shirt 3132,Shirt,116,3.72,105,133,1499,5,Medium,65,1
P3133,Jeans 3133,Jeans,30,2.29,222,286,1299,10,Medium,32,1
P3134,T-Shirt 3134,T-Shirt,98,6.83,263,27,2499,0,Low,81,1
P3135,Jeans 3135,Jeans,16,3.02,15,322,2499,20,Medium,91,0
P3136,Hoodie 3136,Hoodie,91,2.1,63,252,2999,0,Low,100,1
P3137,Jacket 3137,Jacket,82,3.87,254,96,4999,20,Low,34,1
P3138,Jeans 3138,Jeans,109,4.25,144,12,4999,10,Medium,36,1
P3139,T-Shirt 3139,T-Shirt,53,6.37,42,272,2999,0,Medium,75,0
P3140,Shirt 3140,Shirt,61,3.5,126,103,799,10,Low,39,1
P3141,Jeans 3141,Jeans,86,4.12,69,156,1299,10,High,7,1
P3142,Shoes 3142,Shoes,31,5.32,150,86,1999,30,High,53,0
P3143,Shirt 3143,Shirt,39,1.74,129,23,2499,5,High,88,0
P3144,T-Shirt 3144,T-Shirt,12,6.1,195,144,2499,20,Medium,6,1
P3145,Hoodie 3145,Hoodie,83,1.18,267,146,1999,15,Low,1,1
P3146,Jacket 3146,Jacket,34,3.69,300,345,2499,15,Low,96,0
P3147,Jeans 3147,Jeans,4,3.73,186,46,4999,0,Low,55,0
P3148,T-Shirt 3148,T-Shirt,72,3.67,163,174,799,10,Low,96,0
P3149,Shirt 3149,Shirt,28,1.08,291,80,799,5,High,56,1
P3150,Shoes 3150,Shoes,69,0.16,166,80,4999,20,High,48,1
P3151,T-Shirt 3151,T-Shirt,24,2.69,267,56,3999,0,High,86,0
P3152,Dress 3152,Dress,94,4.34,221,16,4999,10,Medium,68,1
P3153,Accessories 3153,Accessories,21,8.54,185,109,2999,30,Medium,77,0
P3154,Shoes 3154,Shoes,65,4.39,95,356,2499,15,High,7,1
P3155,Shirt 3155,Shirt,44,1.16,21,305,4999,15,High,83,0
P3156,Hoodie 3156,Hoodie,68,2.81,129,345,999,20,Medium,62,0
P3157,Jacket 3157,Jacket,90,2.95,264,110,1499,20,Low,81,1
P3158,Shirt 3158,Shirt,88,7.75,218,296,999,20,Low,86,1
P3159,Accessories 3159,Accessories,71,4.47,243,286,2499,0,Medium,92,0
P3160,Hoodie 3160,Hoodie,118,1.34,184,148,799,20,Medium,70,1
P3161,Jeans 3161,Jeans,0,2.13,176,303,2999,50,High,87,0
P3162,T-Shirt 3162,T-Shirt,83,5.69,147,176,2999,0,Medium,45,0
P3163,Dress 3163,Dress,43,3.9,248,19,2999,5,Medium,88,0
P3164,Shoes 3164,Shoes,86,3.34,236,163,1499,10,Low,77,1
P3165,Shoes 3165,Shoes,95,2.8,176,180,3999,15,Medium,66,1
P3166,T-Shirt 3166,T-Shirt,74,5.6,281,168,1999,40,Medium,45,1
P3167,Dress 3167,Dress,38,2.46,81,138,999,40,Medium,77,0
P3168,T-Shirt 3168,T-Shirt,110,2.06,53,34,1999,0,Medium,66,1
P3169,Jeans 3169,Jeans,53,6.28,252,89,4999,10,High,41,0
P3170,Accessories 3170,Accessories,87,0.15,287,275,799,30,Medium,63,1
P3171,Hoodie 3171,Hoodie,74,1.31,291,257,999,20,Medium,72,1
P3172,Shirt 3172,Shirt,28,1.79,36,112,3999,15,High,52,0
P3173,Shoes 3173,Shoes,53,6.57,162,267,1999,30,High,70,1
P3174,Jeans 3174,Jeans,89,3.75,22,359,4999,50,Low,89,1
P3175,Hoodie 3175,Hoodie,15,1.22,67,20,2499,0,High,6,0
P3176,Jeans 3176,Jeans,98,1.14,132,86,3999,20,Low,6,1
P3177,Dress 3177,Dress,19,6.7,20,166,799,50,Medium,35,0
P3178,Shoes 3178,Shoes,45,1.14,167,184,4999,10,Low,12,1
P3179,Shirt 3179,Shirt,66,1.99,255,161,4999,50,Medium,66,1
P3180,T-Shirt 3180,T-Shirt,64,2.4,141,41,1299,5,Medium,19,1
P3181,T-Shirt 3181,T-Shirt,57,4.81,299,265,799,10,Medium,72,0
P3182,Hoodie 3182,Hoodie,52,2.23,183,266,3999,0,Medium,52,1
P3183,Shirt 3183,Shirt,110,0.97,233,141,3999,5,Medium,85,1
P3184,Accessories 3184,Accessories,0,5.11,184,137,4999,5,Low,51,0
P3185,Jacket 3185,Jacket,80,5.03,76,87,2499,20,High,96,1
P3186,Dress 3186,Dress,65,9.18,87,65,4999,10,Medium,60,0
P3187,Hoodie 3187,Hoodie,28,4.01,140,80,4999,0,Medium,86,0
P3188,Jacket 3188,Jacket,83,1.09,222,245,1499,30,High,86,1
P3189,Jeans 3189,Jeans,69,8.9,113,135,1999,30,Low,89,1
P3190,Dress 3190,Dress,7,2.4,123,321,2499,5,Medium,95,0
P3191,Jeans 3191,Jeans,28,5.94,22,144,2499,20,Medium,60,0
P3192,Accessories 3192,Accessories,111,8.69,158,109,999,50,Low,55,1
P3193,Shirt 3193,Shirt,50,3.55,15,15,1499,30,Medium,91,0
P3194,Shoes 3194,Shoes,32,3.24,142,238,4999,5,High,93,0
P3195,Dress 3195,Dress,2,4.02,66,105,2999,40,Low,39,0
P3196,Jacket 3196,Jacket,59,4.57,75,224,4999,50,Medium,80,0
P3197,Accessories 3197,Accessories,34,6.61,65,243,2499,10,Medium,62,0
P3198,Shoes 3198,Shoes,68,2.89,136,228,2999,30,Medium,56,1
P3199,T-Shirt 3199,T-Shirt,90,3.42,65,174,4999,15,Medium,81,1
P3200,Jacket 3200,Jacket,107,2.18,273,68,1499,40,High,88,1
P3201,Hoodie 3201,Hoodie,75,2.17,16,324,4999,0,Medium,3,1
P3202,T-Shirt 3202,T-Shirt,83,1.59,39,16,1299,40,Medium,25,1
P3203,Accessories 3203,Accessories,108,2.3,55,240,3999,15,Medium,94,0
P3204,T-Shirt 3204,T-Shirt,19,1.42,47,93,1299,10,Medium,61,0
P3205,Hoodie 3205,Hoodie,72,6.1,232,273,1299,50,High,75,1
P3206,Dress 3206,Dress,38,5.23,115,210,1299,15,High,53,0
P3207,T-Shirt 3207,T-Shirt,3,3.07,19,324,4999,10,Low,61,0
P3208,Shirt 3208,Shirt,114,3.95,181,339,1299,10,Medium,17,1
P3209,Jacket 3209,Jacket,117,1.59,166,247,2499,20,Medium,9,1
P3210,Shoes 3210,Shoes,18,3.22,43,62,1499,40,Medium,35,0
P3211,T-Shirt 3211,T-Shirt,101,7.22,30,116,999,15,High,1,1
P3212,Jacket 3212,Jacket,90,7.06,116,55,1299,5,Medium,59,0
P3213,Jeans 3213,Jeans,44,9.3,55,249,1999,10,Medium,88,0
P3214,Jacket 3214,Jacket,42,6.09,102,22,1499,40,Low,46,0
P3215,Shoes 3215,Shoes,12,4.2,174,79,1999,15,Medium,72,0
P3216,Jacket 3216,Jacket,12,5.87,60,208,799,5,Medium,31,0
P3217,Hoodie 3217,Hoodie,59,1.18,225,99,1499,0,Medium,68,1
P3218,Accessories 3218,Accessories,56,5.57,150,143,1299,5,Medium,50,0
P3219,Shoes 3219,Shoes,85,6.23,264,39,999,15,Low,66,1
P3220,Accessories 3220,Accessories,91,3.18,133,94,2999,50,Medium,80,0
P3221,Dress 3221,Dress,51,3.46,54,209,4999,50,Medium,76,0
P3222,Accessories 3222,Accessories,110,2.69,24,45,799,15,Medium,66,0
P3223,Jeans 3223,Jeans,52,3.11,178,120,2999,5,Medium,91,0
P3224,Hoodie 3224,Hoodie,108,3.78,287,339,799,5,Medium,67,1
P3225,Dress 3225,Dress,85,4.07,30,253,1999,30,Low,81,0
P3226,Jacket 3226,Jacket,42,1.61,164,349,799,10,Low,55,1
P3227,Shoes 3227,Shoes,82,1.88,14,214,1299,15,Low,98,0
P3228,Jeans 3228,Jeans,71,5.23,86,318,3999,10,High,13,1
P3229,Hoodie 3229,Hoodie,115,4.34,260,303,1499,10,Low,15,1
P3230,Dress 3230,Dress,71,1.73,109,217,799,40,Medium,75,1
P3231,Dress 3231,Dress,41,3.0,144,361,799,0,Medium,74,1
P3232,Jeans 3232,Jeans,89,10.18,206,65,3999,40,High,65,1
P3233,Shirt 3233,Shirt,111,0.34,28,162,3999,15,High,32,1
P3234,Jacket 3234,Jacket,114,0.16,50,128,1499,10,High,12,1
P3235,Jeans 3235,Jeans,25,0.35,221,126,1499,50,Medium,29,1
P3236,Dress 3236,Dress,22,12.83,59,303,999,0,Medium,25,0
P3237,T-Shirt 3237,T-Shirt,42,1.31,82,328,999,30,High,81,1
P3238,Hoodie 3238,Hoodie,76,2.58,163,68,2499,50,High,12,1
P3239,Jeans 3239,Jeans,27,4.93,276,164,3999,10,High,67,1
P3240,Shirt 3240,Shirt,8,4.71,152,46,2999,50,Medium,32,0
P3241,Dress 3241,Dress,19,2.72,42,248,2999,10,Medium,14,0
P3242,Jacket 3242,Jacket,55,8.3,115,46,1299,30,Medium,16,0
P3243,Accessories 3243,Accessories,82,5.72,19,364,999,15,Medium,5,0
P3244,Dress 3244,Dress,111,1.95,82,196,2999,40,High,4,1
P3245,Jacket 3245,Jacket,38,1.37,80,240,1499,50,High,32,0
P3246,Jeans 3246,Jeans,50,3.73,279,21,799,5,Medium,53,1
P3247,Jacket 3247,Jacket,11,5.91,201,130,799,30,Medium,15,0
P3248,Shoes 3248,Shoes,78,10.34,223,234,1499,5,High,45,0
P3249,Shoes 3249,Shoes,94,4.19,67,286,1999,15,Low,23,1
P3250,Shoes 3250,Shoes,54,2.49,36,54,1999,50,Low,4,0
P3251,Shirt 3251,Shirt,77,7.82,237,195,799,40,Medium,66,1
P3252,Shirt 3252,Shirt,10,7.11,114,310,1299,5,Low,98,0
P3253,T-Shirt 3253,T-Shirt,25,5.68,169,53,2499,40,Medium,90,0
P3254,Shirt 3254,Shirt,41,1.13,198,190,2999,50,Low,75,0
P3255,Accessories 3255,Accessories,26,2.59,11,111,799,20,Low,49,0
P3256,Jeans 3256,Jeans,10,2.87,143,253,3999,5,Medium,40,1
P3257,Dress 3257,Dress,37,5.68,291,270,1499,40,Medium,88,0
P3258,Dress 3258,Dress,97,0.51,60,212,4999,30,Medium,54,1
P3259,T-Shirt 3259,T-Shirt,42,2.43,164,24,2499,10,Low,80,0
P3260,Shirt 3260,Shirt,18,3.38,153,257,799,10,High,19,0
P3261,Accessories 3261,Accessories,63,2.79,291,244,999,0,Medium,91,1
P3262,Jacket 3262,Jacket,5,9.63,261,346,1299,50,Medium,49,0
P3263,T-Shirt 3263,T-Shirt,45,6.66,143,327,999,30,Low,34,0
P3264,Accessories 3264,Accessories,115,6.65,296,308,2999,50,Medium,49,1
P3265,Jacket 3265,Jacket,101,2.29,191,72,799,40,Medium,78,1
P3266,Accessories 3266,Accessories,112,3.8,188,342,4999,15,Medium,32,1
P3267,Jacket 3267,Jacket,41,1.58,266,156,999,0,High,66,1
P3268,Hoodie 3268,Hoodie,91,1.63,149,199,1499,50,High,70,1
P3269,Accessories 3269,Accessories,64,6.7,265,153,3999,10,Medium,9,1
P3270,Dress 3270,Dress,98,5.95,6,189,1299,10,Low,89,0
P3271,Shoes 3271,Shoes,103,1.48,16,112,4999,0,Medium,40,0
P3272,Shirt 3272,Shirt,71,3.62,265,242,2999,30,Low,39,1
P3273,Jacket 3273,Jacket,58,0.8,173,132,1299,20,Medium,5,1
P3274,Hoodie 3274,Hoodie,51,4.88,152,185,1299,5,Medium,32,0
P3275,Accessories 3275,Accessories,117,1.45,204,19,1999,40,High,15,1
P3276,Dress 3276,Dress,46,3.63,74,237,1999,50,High,23,0
P3277,Shoes 3277,Shoes,119,10.13,58,34,1999,40,Medium,93,0
P3278,Jacket 3278,Jacket,6,1.29,263,329,4999,20,Medium,59,0
P3279,Accessories 3279,Accessories,10,4.31,32,267,4999,20,Medium,73,0
P3280,Accessories 3280,Accessories,102,3.24,124,106,2499,50,Low,10,1
P3281,Jacket 3281,Jacket,60,1.18,137,194,2999,20,High,43,1
P3282,T-Shirt 3282,T-Shirt,67,1.83,94,343,3999,40,Medium,85,1
P3283,T-Shirt 3283,T-Shirt,24,4.58,20,306,4999,50,Low,2,0
P3284,Dress 3284,Dress,11,2.83,291,125,2499,30,High,37,0
P3285,Shoes 3285,Shoes,25,8.47,288,52,3999,20,Low,39,1
P3286,Jacket 3286,Jacket,101,4.74,234,74,999,5,Low,86,1
P3287,Dress 3287,Dress,109,1.38,141,311,3999,15,Medium,18,1
P3288,Dress 3288,Dress,11,6.11,299,177,999,0,Medium,39,1
P3289,Jeans 3289,Jeans,42,6.63,231,364,3999,50,Medium,52,0
P3290,Accessories 3290,Accessories,50,4.1,31,202,999,20,Medium,76,0
P3291,Shirt 3291,Shirt,116,5.02,121,339,1299,20,Low,35,1
P3292,Accessories 3292,Accessories,36,4.06,93,26,2999,0,Medium,66,1
P3293,T-Shirt 3293,T-Shirt,45,7.64,111,117,4999,50,Medium,85,0
P3294,Shoes 3294,Shoes,52,7.04,225,152,1299,50,High,88,0
P3295,Accessories 3295,Accessories,87,0.79,227,198,1999,40,Low,19,1
P3296,Jacket 3296,Jacket,79,0.71,126,235,4999,40,Low,27,1
P3297,Dress 3297,Dress,120,2.87,37,18,2999,50,High,56,1
P3298,Jacket 3298,Jacket,12,5.85,95,223,999,50,High,2,0
P3299,Jeans 3299,Jeans,88,7.46,188,85,1999,0,High,85,0
P3300,Shoes 3300,Shoes,117,2.52,262,42,1999,40,Low,36,1
P3301,Dress 3301,Dress,53,2.81,17,270,4999,40,Medium,17,0
P3302,Jacket 3302,Jacket,56,2.64,28,34,999,15,Medium,83,0
P3303,T-Shirt 3303,T-Shirt,115,3.13,38,92,799,10,High,45,1
P3304,Shirt 3304,Shirt,117,3.76,251,194,1499,15,Low,4,1
P3305,Jeans 3305,Jeans,3,2.3,23,311,1499,10,Low,72,0
P3306,Shoes 3306,Shoes,74,2.63,34,260,799,30,Medium,92,1
P3307,Jeans 3307,Jeans,95,4.42,53,86,2999,5,Low,80,0
P3308,T-Shirt 3308,T-Shirt,48,1.06,184,192,999,40,Medium,75,1
P3309,Shoes 3309,Shoes,6,10.78,230,11,4999,15,High,56,0
P3310,Jeans 3310,Jeans,109,5.74,82,52,2999,5,Medium,25,0
P3311,Hoodie 3311,Hoodie,10,8.23,211,360,2999,0,Medium,32,0
P3312,T-Shirt 3312,T-Shirt,91,1.54,39,108,799,15,High,96,1
P3313,T-Shirt 3313,T-Shirt,53,2.04,254,8,4999,30,Low,35,1
P3314,T-Shirt 3314,T-Shirt,104,0.24,75,223,4999,0,Low,92,1
P3315,Hoodie 3315,Hoodie,86,3.46,283,31,999,30,Medium,21,1
P3316,Hoodie 3316,Hoodie,44,3.54,156,263,4999,30,Low,81,0
P3317,Jacket 3317,Jacket,22,4.1,231,229,999,20,Low,16,1
P3318,Dress 3318,Dress,113,0.65,247,330,999,0,Medium,43,1
P3319,Shirt 3319,Shirt,27,3.25,14,75,3999,40,High,51,0
P3320,Jeans 3320,Jeans,106,4.27,52,203,1299,30,High,87,1
P3321,Jacket 3321,Jacket,110,4.76,116,278,1299,20,Medium,21,1
P3322,Jeans 3322,Jeans,56,2.11,208,188,2999,10,Low,68,1
P3323,Shirt 3323,Shirt,25,11.84,161,24,2499,20,Low,0,0
P3324,Dress 3324,Dress,24,2.79,30,113,2999,40,Medium,82,0
P3325,Hoodie 3325,Hoodie,53,3.73,170,23,2499,10,Low,29,0
P3326,Dress 3326,Dress,28,2.54,253,131,4999,20,Low,38,1
P3327,Hoodie 3327,Hoodie,82,2.14,266,88,999,20,Medium,78,1
P3328,Shirt 3328,Shirt,96,5.34,268,10,3999,5,Medium,34,1
P3329,Dress 3329,Dress,35,0.68,21,121,2499,5,Low,68,0
P3330,Jacket 3330,Jacket,13,5.57,80,357,1499,40,High,69,0
P3331,Shoes 3331,Shoes,77,3.67,258,357,2499,0,High,88,1
P3332,Jacket 3332,Jacket,34,2.91,210,143,2499,30,Medium,10,0
P3333,Jeans 3333,Jeans,29,1.12,38,293,1299,40,Low,50,1
P3334,Jacket 3334,Jacket,91,3.44,151,234,3999,5,High,62,1
P3335,Shirt 3335,Shirt,16,5.3,232,22,1999,10,Medium,85,0
P3336,T-Shirt 3336,T-Shirt,66,3.78,122,304,1499,5,Low,33,1
P3337,Jeans 3337,Jeans,79,3.18,169,218,999,0,Medium,54,1
P3338,Dress 3338,Dress,109,2.76,42,252,799,50,Medium,77,1
P3339,Jeans 3339,Jeans,29,2.34,300,292,2999,15,Medium,72,1
P3340,Shoes 3340,Shoes,115,1.21,141,288,1299,10,Medium,19,1
P3341,Hoodie 3341,Hoodie,92,5.22,250,183,1299,15,Medium,79,1
P3342,Dress 3342,Dress,44,3.97,202,37,1299,50,Medium,57,0
P3343,Accessories 3343,Accessories,78,5.46,70,56,1299,10,Medium,80,0
P3344,Jeans 3344,Jeans,109,2.3,84,149,999,50,Low,16,1
P3345,Dress 3345,Dress,119,2.92,56,58,2499,30,Low,33,1
P3346,Dress 3346,Dress,88,1.14,133,239,1299,30,Medium,74,1
P3347,Dress 3347,Dress,50,0.73,5,172,799,30,Medium,98,0
P3348,Hoodie 3348,Hoodie,101,3.58,171,44,4999,0,Low,61,1
P3349,Accessories 3349,Accessories,105,0.34,20,26,2499,5,Medium,33,1
P3350,Shirt 3350,Shirt,46,4.3,149,105,2499,15,Low,99,0
P3351,Jacket 3351,Jacket,52,2.05,116,221,4999,15,Medium,71,1
P3352,Dress 3352,Dress,63,13.22,106,50,999,5,High,18,0
P3353,T-Shirt 3353,T-Shirt,117,3.4,86,117,4999,0,Low,96,0
P3354,Shirt 3354,Shirt,115,5.05,103,95,1299,5,Medium,86,1
P3355,Shoes 3355,Shoes,37,1.9,163,325,1299,20,High,65,0
P3356,Hoodie 3356,Hoodie,63,7.28,44,124,1299,20,Low,71,0
P3357,Jeans 3357,Jeans,86,7.68,159,245,799,30,High,92,0
P3358,Hoodie 3358,Hoodie,88,6.5,40,78,2999,20,Medium,41,1
P3359,Jeans 3359,Jeans,105,11.62,251,316,2999,15,Medium,50,1
P3360,Hoodie 3360,Hoodie,6,1.28,8,310,999,30,Low,70,0
P3361,Jeans 3361,Jeans,21,5.32,285,169,2499,15,Medium,48,0
P3362,Dress 3362,Dress,80,1.74,253,257,1499,0,Medium,28,1
P3363,Jacket 3363,Jacket,81,1.34,16,363,2999,10,Medium,94,1
P3364,Jeans 3364,Jeans,112,3.26,287,201,2999,5,High,29,1
P3365,Accessories 3365,Accessories,40,4.0,220,66,1499,40,Medium,98,1
P3366,Jeans 3366,Jeans,73,3.08,86,104,1299,40,Low,24,1
P3367,T-Shirt 3367,T-Shirt,9,1.01,18,362,2999,40,Low,67,1
P3368,Jeans 3368,Jeans,56,3.51,60,361,4999,10,Low,61,0
P3369,T-Shirt 3369,T-Shirt,6,3.29,286,79,1499,15,High,37,0
P3370,Shoes 3370,Shoes,111,1.39,203,228,2499,5,Low,16,1
P3371,Dress 3371,Dress,49,8.68,170,125,2999,15,Medium,73,0
P3372,T-Shirt 3372,T-Shirt,101,10.93,296,188,1299,0,Medium,0,1
P3373,Jacket 3373,Jacket,90,3.68,150,224,1999,30,High,17,1
P3374,Shirt 3374,Shirt,51,0.17,82,262,799,5,Medium,62,1
P3375,Dress 3375,Dress,32,3.32,116,94,2499,15,High,45,0
P3376,T-Shirt 3376,T-Shirt,0,7.03,27,281,1999,20,Medium,18,0
P3377,Dress 3377,Dress,107,3.38,120,342,2999,40,High,49,1
P3378,Accessories 3378,Accessories,52,3.06,146,32,4999,20,Low,95,0
P3379,Dress 3379,Dress,59,5.39,201,127,1499,50,Low,53,0
P3380,Dress 3380,Dress,33,13.33,282,295,4999,15,Low,30,0
P3381,Shoes 3381,Shoes,3,4.28,32,36,2499,50,Medium,96,0
P3382,Jacket 3382,Jacket,16,3.71,80,208,1999,10,Medium,85,0
P3383,Hoodie 3383,Hoodie,3,8.09,22,42,999,30,Low,64,0
P3384,Hoodie 3384,Hoodie,42,4.67,104,131,799,0,Low,45,0
P3385,T-Shirt 3385,T-Shirt,117,10.07,128,229,3999,0,Medium,34,1
P3386,Dress 3386,Dress,89,1.36,296,241,2499,40,Low,48,1
P3387,T-Shirt 3387,T-Shirt,3,1.38,129,130,2999,15,Medium,80,0
P3388,Shoes 3388,Shoes,0,1.64,11,177,2499,0,Low,33,0
P3389,Shoes 3389,Shoes,70,6.2,27,187,2999,5,Medium,28,0
P3390,Jeans 3390,Jeans,93,4.29,166,221,4999,0,Medium,5,1
P3391,Accessories 3391,Accessories,49,2.72,121,124,1999,50,Medium,0,1
P3392,Shoes 3392,Shoes,72,4.32,25,233,799,20,Low,54,0
P3393,Jeans 3393,Jeans,60,6.85,256,43,799,15,Low,26,1
P3394,Jacket 3394,Jacket,34,2.61,88,323,4999,5,High,11,1
P3395,T-Shirt 3395,T-Shirt,7,5.69,45,102,1999,40,Medium,3,0
P3396,Shirt 3396,Shirt,23,2.36,207,126,999,50,Medium,79,0
P3397,Jacket 3397,Jacket,82,0.77,132,18,1299,50,Medium,51,1
P3398,Shoes 3398,Shoes,35,3.39,146,128,799,0,Low,10,1
P3399,Jacket 3399,Jacket,49,0.67,107,41,2499,40,High,51,0
P3400,Jacket 3400,Jacket,115,2.58,111,257,2499,50,High,83,1
P3401,Accessories 3401,Accessories,42,3.74,21,73,1299,20,Medium,25,0
P3402,Accessories 3402,Accessories,26,1.65,29,44,1299,30,High,27,0
P3403,Accessories 3403,Accessories,31,5.08,68,286,2999,10,Low,71,0
P3404,Jacket 3404,Jacket,77,2.78,241,236,799,0,Medium,65,1
P3405,Shoes 3405,Shoes,120,5.19,180,343,1999,40,High,89,1
P3406,Shirt 3406,Shirt,17,3.3,295,174,1299,50,Medium,26,1
P3407,Dress 3407,Dress,27,2.85,297,334,1999,20,Low,96,0
P3408,Jacket 3408,Jacket,28,1.66,160,252,1499,30,Medium,54,1
P3409,Jeans 3409,Jeans,15,3.42,57,85,2499,30,Low,70,0
P3410,Shoes 3410,Shoes,98,3.76,77,120,4999,20,High,53,0
P3411,Jacket 3411,Jacket,46,4.36,187,307,999,20,Low,45,0
P3412,Shirt 3412,Shirt,58,4.06,193,223,3999,40,Medium,35,1
P3413,Dress 3413,Dress,30,1.0,17,206,999,20,Medium,20,0
P3414,Accessories 3414,Accessories,3,6.65,51,358,1499,10,Low,48,0
P3415,Shoes 3415,Shoes,36,4.48,164,248,4999,15,High,33,0
P3416,Hoodie 3416,Hoodie,16,3.49,288,19,1499,20,Medium,86,0
P3417,Dress 3417,Dress,38,4.33,57,213,2999,15,Medium,33,0
P3418,Jeans 3418,Jeans,47,4.93,291,268,1999,30,Low,39,1
P3419,Jacket 3419,Jacket,45,11.25,12,103,999,10,Medium,6,0
P3420,Shirt 3420,Shirt,89,2.11,76,77,3999,40,High,89,1
P3421,Hoodie 3421,Hoodie,47,2.16,102,309,999,30,Medium,51,0
P3422,Shirt 3422,Shirt,38,1.29,91,355,1299,50,Medium,48,1
P3423,Hoodie 3423,Hoodie,104,0.47,105,236,2999,10,Low,80,1
P3424,Shoes 3424,Shoes,3,4.56,285,363,1999,30,High,94,1
P3425,Hoodie 3425,Hoodie,29,11.55,293,306,1299,5,Medium,88,0
P3426,Jeans 3426,Jeans,29,2.68,241,38,999,5,Medium,36,0
P3427,Jeans 3427,Jeans,21,7.64,200,256,2499,20,Medium,61,0
P3428,T-Shirt 3428,T-Shirt,74,2.71,101,260,799,15,Medium,14,1
P3429,Jeans 3429,Jeans,65,7.4,100,265,3999,30,High,1,0
P3430,Dress 3430,Dress,107,4.31,265,188,1999,50,Medium,10,1
P3431,Hoodie 3431,Hoodie,11,3.45,125,346,1999,10,High,95,0
P3432,Jeans 3432,Jeans,93,2.13,277,172,999,0,Medium,93,1
P3433,Shoes 3433,Shoes,35,3.58,56,10,2999,5,Medium,16,0
P3434,Shirt 3434,Shirt,17,6.12,167,151,1999,5,High,87,0
P3435,Accessories 3435,Accessories,89,1.91,194,171,3999,30,Low,44,1
P3436,Shirt 3436,Shirt,52,3.17,281,350,1999,40,Medium,67,1
P3437,T-Shirt 3437,T-Shirt,70,3.92,89,111,4999,0,Medium,60,1
P3438,Shirt 3438,Shirt,0,5.97,198,42,1999,50,High,45,0
P3439,Hoodie 3439,Hoodie,57,3.66,185,320,1299,50,Low,31,1
P3440,T-Shirt 3440,T-Shirt,89,2.73,25,175,999,15,Low,18,1
P3441,Hoodie 3441,Hoodie,86,4.11,207,14,1999,50,Low,66,1
P3442,Shoes 3442,Shoes,89,7.28,206,92,1999,50,Medium,3,1
P3443,T-Shirt 3443,T-Shirt,108,4.65,155,103,2499,15,Low,24,1
P3444,Jacket 3444,Jacket,5,3.24,163,321,999,15,Medium,72,1
P3445,Dress 3445,Dress,69,3.53,30,36,1999,20,High,20,1
P3446,Dress 3446,Dress,43,1.36,70,107,799,20,Medium,86,0
P3447,Hoodie 3447,Hoodie,71,5.63,267,73,1299,40,Low,92,0
P3448,Shirt 3448,Shirt,23,1.02,171,355,1299,30,High,93,0
P3449,Accessories 3449,Accessories,85,2.39,292,69,1299,0,Medium,88,1
P3450,Accessories 3450,Accessories,18,2.95,158,38,1299,30,Low,92,0
P3451,Jacket 3451,Jacket,100,2.39,210,93,3999,10,Medium,97,1
P3452,T-Shirt 3452,T-Shirt,17,1.42,157,217,799,0,High,13,1
P3453,Jacket 3453,Jacket,94,1.95,188,57,2499,10,Medium,21,1
P3454,Jacket 3454,Jacket,100,0.96,163,69,2499,0,Medium,47,1
P3455,Shirt 3455,Shirt,29,9.25,198,86,799,20,Low,50,0
P3456,Accessories 3456,Accessories,120,2.18,6,349,799,15,High,79,1
P3457,T-Shirt 3457,T-Shirt,41,2.01,219,238,1299,5,Medium,10,1
P3458,Shoes 3458,Shoes,32,11.51,179,107,3999,40,High,58,0
P3459,Shirt 3459,Shirt,73,0.73,79,135,2499,50,Medium,13,1
P3460,Jacket 3460,Jacket,100,5.03,289,25,1499,0,Low,6,1
P3461,Jacket 3461,Jacket,11,3.47,131,363,1999,0,Low,68,0
P3462,Shoes 3462,Shoes,117,1.44,53,100,1299,40,Low,57,1
P3463,Jacket 3463,Jacket,93,3.66,36,87,2499,5,Low,39,1
P3464,Jacket 3464,Jacket,26,10.24,162,109,2499,40,Low,92,0
P3465,Jacket 3465,Jacket,38,5.0,19,160,2499,0,Medium,80,0
P3466,Dress 3466,Dress,8,4.55,247,275,4999,50,Medium,93,0
P3467,Shirt 3467,Shirt,117,1.12,21,124,3999,40,Medium,24,1
P3468,Jeans 3468,Jeans,20,1.67,26,348,2499,15,Medium,77,0
P3469,Shirt 3469,Shirt,75,0.79,248,285,999,30,High,41,1
P3470,Shoes 3470,Shoes,118,3.56,85,231,1499,5,High,85,0
P3471,Jacket 3471,Jacket,28,3.45,148,274,2499,50,Low,43,1
P3472,Shirt 3472,Shirt,32,1.68,12,143,4999,5,Medium,4,0
P3473,Dress 3473,Dress,106,6.14,171,232,999,15,Low,27,1
P3474,Accessories 3474,Accessories,61,1.04,291,340,2499,50,Low,75,1
P3475,Shoes 3475,Shoes,116,1.8,272,235,2999,15,Medium,99,1
P3476,Hoodie 3476,Hoodie,14,3.65,293,329,3999,5,Medium,59,0
P3477,Shirt 3477,Shirt,1,1.18,190,114,4999,15,High,76,0
P3478,Hoodie 3478,Hoodie,51,2.63,16,306,1999,30,Medium,20,1
P3479,Jacket 3479,Jacket,102,1.92,285,13,4999,15,Low,95,1
P3480,Dress 3480,Dress,116,4.06,87,134,4999,50,High,48,1
P3481,Dress 3481,Dress,43,0.95,59,359,2999,30,Low,55,1
P3482,Shirt 3482,Shirt,53,0.38,135,273,999,50,Low,56,0
P3483,Shoes 3483,Shoes,17,1.13,129,179,3999,15,Low,84,0
P3484,Shoes 3484,Shoes,2,6.2,55,220,1999,5,High,60,0
P3485,Dress 3485,Dress,6,5.89,31,253,3999,0,Medium,100,0
P3486,Shoes 3486,Shoes,42,1.51,169,112,999,10,Medium,37,0
P3487,Dress 3487,Dress,81,3.17,285,89,2999,5,High,72,1
P3488,Shirt 3488,Shirt,107,3.38,37,298,1999,50,Medium,100,1
P3489,Jeans 3489,Jeans,37,0.9,66,209,1499,40,High,1,1
P3490,Dress 3490,Dress,36,1.96,149,47,2499,10,Medium,2,1
P3491,Hoodie 3491,Hoodie,57,2.84,175,211,1999,15,High,42,0
P3492,Shoes 3492,Shoes,32,0.29,290,354,2499,15,High,73,1
P3493,Dress 3493,Dress,107,3.64,121,55,4999,0,Medium,34,1
P3494,Dress 3494,Dress,58,4.73,8,149,799,15,Medium,72,0
P3495,Shirt 3495,Shirt,94,3.93,70,147,799,40,High,39,0
P3496,Shoes 3496,Shoes,10,5.52,64,59,2499,50,Medium,95,0
P3497,Jeans 3497,Jeans,67,4.56,291,113,999,10,Medium,84,1
P3498,Shirt 3498,Shirt,81,6.1,233,39,3999,5,High,57,1
P3499,Jeans 3499,Jeans,67,0.42,104,206,2999,5,Medium,33,1
P3500,Accessories 3500,Accessories,112,2.43,123,125,2499,40,Low,24,1
P3501,Shirt 3501,Shirt,97,1.37,73,294,1499,30,Medium,55,1
P3502,Shoes 3502,Shoes,92,0.44,156,235,4999,0,Medium,31,1
P3503,T-Shirt 3503,T-Shirt,87,2.98,284,124,2999,40,Low,100,1
P3504,Shoes 3504,Shoes,21,6.33,225,182,2999,10,Medium,21,0
P3505,Shoes 3505,Shoes,65,2.03,227,191,1999,15,High,88,1
P3506,Jeans 3506,Jeans,43,4.25,169,324,799,20,Low,64,1
P3507,Jeans 3507,Jeans,5,7.68,215,344,999,50,Low,99,0
P3508,Shoes 3508,Shoes,41,2.71,283,221,3999,0,High,20,1
P3509,Shoes 3509,Shoes,24,6.87,67,227,1999,0,Medium,79,0
P3510,Shoes 3510,Shoes,118,6.41,266,136,999,20,Low,95,1
P3511,Jeans 3511,Jeans,56,4.15,10,339,1999,40,High,20,0
P3512,Shoes 3512,Shoes,84,1.09,252,278,3999,5,Medium,27,1
P3513,Shoes 3513,Shoes,54,0.41,233,252,1499,30,Medium,18,1
P3514,Accessories 3514,Accessories,15,1.82,290,129,1299,50,Medium,13,1
P3515,Jacket 3515,Jacket,94,2.31,261,14,1999,50,Low,86,0
P3516,T-Shirt 3516,T-Shirt,13,2.71,67,73,2999,5,High,23,0
P3517,Hoodie 3517,Hoodie,38,5.09,32,121,999,5,Medium,19,0
P3518,T-Shirt 3518,T-Shirt,27,1.75,57,294,799,20,Medium,31,1
P3519,Jacket 3519,Jacket,95,5.19,256,111,1999,50,High,73,1
P3520,Hoodie 3520,Hoodie,91,9.63,42,31,2999,15,Low,51,0
P3521,Shirt 3521,Shirt,50,2.9,143,59,3999,50,Low,64,0
P3522,Shoes 3522,Shoes,118,3.86,57,253,3999,15,Low,94,1
P3523,Jacket 3523,Jacket,48,9.24,98,343,4999,30,Low,51,0
P3524,Accessories 3524,Accessories,8,5.66,98,287,799,30,Medium,100,0
P3525,Shirt 3525,Shirt,57,1.8,267,39,2999,10,Medium,57,1
P3526,Shoes 3526,Shoes,44,10.14,141,293,3999,10,Low,78,0
P3527,Jeans 3527,Jeans,21,3.79,260,42,2499,5,Low,94,0
P3528,Dress 3528,Dress,31,1.99,41,349,1499,20,Low,91,0
P3529,Jacket 3529,Jacket,68,0.67,146,245,2999,30,High,9,1
P3530,Jeans 3530,Jeans,86,1.77,151,223,1299,0,Medium,69,1
P3531,Jacket 3531,Jacket,68,3.67,12,183,999,15,Medium,14,0
P3532,Accessories 3532,Accessories,41,1.37,255,50,2499,40,Medium,46,1
P3533,Jacket 3533,Jacket,52,1.57,139,310,999,20,Medium,90,1
P3534,Jeans 3534,Jeans,95,7.94,63,164,2499,50,Low,9,0
P3535,Accessories 3535,Accessories,58,3.84,127,275,1299,30,High,20,0
P3536,Hoodie 3536,Hoodie,73,0.8,267,177,999,10,High,18,1
P3537,T-Shirt 3537,T-Shirt,38,5.35,124,227,3999,30,Medium,67,0
P3538,Shoes 3538,Shoes,14,0.42,263,236,1499,50,Medium,21,1
P3539,Jacket 3539,Jacket,70,3.67,22,97,1499,15,Medium,62,1
P3540,Shoes 3540,Shoes,28,3.34,96,137,2999,30,Low,37,1
P3541,Dress 3541,Dress,110,13.36,168,232,3999,15,Low,14,1
P3542,Jeans 3542,Jeans,2,6.66,148,231,4999,50,Medium,69,0
P3543,Shoes 3543,Shoes,82,3.2,242,149,3999,20,Low,74,1
P3544,Jeans 3544,Jeans,9,5.96,178,72,1499,30,Low,43,0
P3545,Shoes 3545,Shoes,91,0.46,87,34,999,30,Medium,29,1
P3546,T-Shirt 3546,T-Shirt,28,3.31,161,131,1999,10,High,23,1
P3547,T-Shirt 3547,T-Shirt,78,1.92,113,218,2999,20,High,85,1
P3548,Accessories 3548,Accessories,34,3.61,182,86,999,0,Low,93,0
P3549,T-Shirt 3549,T-Shirt,5,0.4,254,244,1499,15,Low,45,0
P3550,Accessories 3550,Accessories,11,5.25,257,138,2499,40,Medium,3,0
P3551,T-Shirt 3551,T-Shirt,110,4.58,59,334,3999,40,High,5,1
P3552,T-Shirt 3552,T-Shirt,37,6.81,159,306,2499,20,High,37,0
P3553,T-Shirt 3553,T-Shirt,76,2.3,95,125,2499,40,High,25,1
P3554,Jeans 3554,Jeans,92,5.39,130,52,2499,20,Medium,18,1
P3555,Jacket 3555,Jacket,18,10.72,173,90,1499,40,Low,1,0
P3556,Accessories 3556,Accessories,66,2.6,143,288,1299,0,Low,67,1
P3557,Shoes 3557,Shoes,7,0.93,9,358,799,20,Low,68,0
P3558,T-Shirt 3558,T-Shirt,7,5.16,70,19,999,15,Medium,46,0
P3559,Jeans 3559,Jeans,118,2.42,115,131,999,50,Low,98,1
P3560,Jeans 3560,Jeans,83,1.31,188,331,2999,40,Medium,28,1
P3561,Jeans 3561,Jeans,46,1.56,272,178,2499,50,Medium,63,1
P3562,Accessories 3562,Accessories,3,0.79,174,240,3999,5,Low,79,0
P3563,Jacket 3563,Jacket,50,1.31,248,187,4999,5,High,11,1
P3564,Accessories 3564,Accessories,84,4.34,142,57,1999,10,Medium,84,1
P3565,Shoes 3565,Shoes,66,4.45,32,275,1299,0,High,72,1
P3566,Jacket 3566,Jacket,44,1.7,11,175,1499,50,High,10,1
P3567,Hoodie 3567,Hoodie,7,12.92,55,322,3999,10,Low,7,0
P3568,Shirt 3568,Shirt,86,3.55,140,294,1299,5,Medium,59,1
P3569,Jeans 3569,Jeans,15,4.14,182,280,999,0,Low,25,0
P3570,Accessories 3570,Accessories,76,4.8,133,355,2999,50,High,31,1
P3571,Hoodie 3571,Hoodie,66,1.79,201,213,1499,20,Medium,38,1
P3572,Dress 3572,Dress,111,6.19,271,154,3999,20,High,3,1
P3573,Accessories 3573,Accessories,8,0.69,111,306,799,15,Low,97,1
P3574,T-Shirt 3574,T-Shirt,59,1.17,52,43,3999,50,Medium,91,0
P3575,Shirt 3575,Shirt,77,1.8,142,167,1999,30,High,88,1
P3576,T-Shirt 3576,T-Shirt,76,3.86,107,281,999,5,Medium,43,1
P3577,Jacket 3577,Jacket,116,0.99,51,294,799,20,Low,98,0
P3578,Shirt 3578,Shirt,120,1.08,157,112,2499,0,Medium,82,1
P3579,Accessories 3579,Accessories,70,8.55,10,28,4999,30,Low,34,0
P3580,Shoes 3580,Shoes,14,7.82,15,239,4999,30,Low,50,0
P3581,Hoodie 3581,Hoodie,70,0.95,21,128,4999,20,Medium,50,1
P3582,Shoes 3582,Shoes,101,1.65,147,135,1499,10,Low,28,1
P3583,Accessories 3583,Accessories,97,3.14,276,316,2499,10,High,77,1
P3584,Jacket 3584,Jacket,40,5.0,70,223,2499,10,Medium,84,0
P3585,T-Shirt 3585,T-Shirt,21,2.27,260,154,1999,50,Medium,35,1
P3586,Shirt 3586,Shirt,23,2.04,131,64,999,30,Low,77,0
P3587,Shoes 3587,Shoes,112,7.17,135,243,2999,10,Low,59,0
P3588,Accessories 3588,Accessories,100,1.79,22,76,799,10,Low,14,1
P3589,Shoes 3589,Shoes,43,2.58,211,195,2499,30,Low,50,1
P3590,Accessories 3590,Accessories,0,4.66,93,248,1999,15,Medium,49,0
P3591,T-Shirt 3591,T-Shirt,9,4.81,247,69,1999,10,Medium,93,0
P3592,Shirt 3592,Shirt,106,4.46,21,247,3999,15,High,54,0
P3593,Hoodie 3593,Hoodie,79,4.27,227,191,4999,15,Medium,11,1
P3594,T-Shirt 3594,T-Shirt,109,3.88,214,265,2999,20,Low,49,1
P3595,Shoes 3595,Shoes,71,2.71,103,235,3999,30,Low,61,1
P3596,Hoodie 3596,Hoodie,55,6.18,17,229,999,0,High,4,1
P3597,Accessories 3597,Accessories,112,4.98,274,105,999,10,Medium,26,1
P3598,Hoodie 3598,Hoodie,88,2.0,191,253,3999,0,High,78,1
P3599,Accessories 3599,Accessories,49,2.63,278,51,2499,5,Low,89,1
P3600,T-Shirt 3600,T-Shirt,11,1.07,137,279,3999,50,Low,8,1
P3601,Shoes 3601,Shoes,88,2.23,18,11,4999,15,Low,34,1
P3602,Jacket 3602,Jacket,80,1.21,285,17,4999,40,High,12,1
P3603,Shoes 3603,Shoes,59,6.3,48,354,2499,5,Low,43,0
P3604,Accessories 3604,Accessories,25,14.75,299,45,3999,15,Medium,45,0
P3605,Jeans 3605,Jeans,109,1.12,108,48,999,10,Medium,96,1
P3606,Shirt 3606,Shirt,111,2.85,66,209,3999,5,Medium,97,1
P3607,Dress 3607,Dress,77,2.5,57,100,1299,30,Low,67,1
P3608,Jacket 3608,Jacket,40,0.34,122,11,799,20,Medium,76,1
P3609,Hoodie 3609,Hoodie,35,1.86,135,58,2999,50,Low,73,0
P3610,Jacket 3610,Jacket,120,10.44,203,156,799,5,High,52,1
P3611,Shirt 3611,Shirt,22,3.67,40,211,799,50,Low,0,0
P3612,Hoodie 3612,Hoodie,42,2.89,283,306,799,15,Low,10,1
P3613,Shirt 3613,Shirt,5,1.23,220,193,1499,30,Medium,49,1
P3614,Hoodie 3614,Hoodie,110,5.72,78,159,1499,15,High,8,1
P3615,Jacket 3615,Jacket,68,2.16,59,122,2499,0,Low,37,1
P3616,Hoodie 3616,Hoodie,42,1.76,16,155,1299,40,Medium,86,1
P3617,Hoodie 3617,Hoodie,24,5.32,87,226,2499,40,Low,12,0
P3618,Jeans 3618,Jeans,17,2.87,36,198,2999,5,Low,4,0
P3619,Shoes 3619,Shoes,61,1.4,90,239,799,20,Medium,24,1
P3620,Shoes 3620,Shoes,12,5.63,236,330,2499,10,Low,9,0
P3621,Dress 3621,Dress,42,3.57,279,227,799,0,Medium,4,1
P3622,Dress 3622,Dress,77,5.68,205,53,2999,5,High,21,0
P3623,Accessories 3623,Accessories,27,2.98,55,133,1999,0,High,41,0
P3624,Accessories 3624,Accessories,17,15.5,260,297,1499,5,Low,88,0
P3625,Accessories 3625,Accessories,58,0.66,245,221,799,40,Medium,100,1
P3626,Jeans 3626,Jeans,59,14.36,209,13,4999,10,High,19,0
P3627,Dress 3627,Dress,62,2.0,200,190,2999,10,High,27,1
P3628,Shirt 3628,Shirt,56,0.7,248,122,999,40,Low,20,1
P3629,Accessories 3629,Accessories,91,3.83,5,58,1499,50,Medium,10,0
P3630,Accessories 3630,Accessories,50,7.15,93,52,1499,20,High,92,0
P3631,Jacket 3631,Jacket,55,4.43,286,29,3999,0,Medium,68,1
P3632,T-Shirt 3632,T-Shirt,26,0.55,143,137,999,20,High,36,1
P3633,Shirt 3633,Shirt,31,0.62,91,133,1999,5,Medium,48,1
P3634,Accessories 3634,Accessories,110,0.77,6,271,3999,10,Low,68,1
P3635,Accessories 3635,Accessories,8,1.85,172,315,2499,10,Low,32,0
P3636,Accessories 3636,Accessories,103,0.9,123,202,1499,15,Low,44,1
P3637,T-Shirt 3637,T-Shirt,95,2.62,84,54,1999,15,Low,99,0
P3638,T-Shirt 3638,T-Shirt,83,0.44,115,88,999,40,High,7,1
P3639,Jeans 3639,Jeans,91,2.76,169,115,1999,20,Medium,5,1
P3640,Shirt 3640,Shirt,96,4.26,223,269,1299,0,Medium,14,1
P3641,Jeans 3641,Jeans,67,7.14,9,361,1299,40,Medium,14,0
P3642,Hoodie 3642,Hoodie,45,3.78,219,37,2999,5,Medium,8,1
P3643,T-Shirt 3643,T-Shirt,120,8.2,199,364,1299,20,Low,60,1
P3644,Jacket 3644,Jacket,97,3.78,286,62,1499,10,High,55,1
P3645,Dress 3645,Dress,111,1.05,10,361,2999,10,Medium,4,1
P3646,Jacket 3646,Jacket,66,2.4,62,195,1299,50,Medium,25,0
P3647,Dress 3647,Dress,25,1.77,106,11,999,50,High,86,0
P3648,T-Shirt 3648,T-Shirt,7,3.4,52,292,2999,10,Medium,79,0
P3649,T-Shirt 3649,T-Shirt,5,0.31,280,284,1999,5,High,56,1
P3650,T-Shirt 3650,T-Shirt,79,7.7,167,151,799,40,High,34,1
P3651,Jeans 3651,Jeans,23,5.16,200,202,3999,20,Low,9,0
P3652,Shirt 3652,Shirt,47,3.18,136,33,1299,5,Low,90,0
P3653,Dress 3653,Dress,102,14.98,70,133,2999,30,High,79,0
P3654,Shirt 3654,Shirt,93,10.37,87,141,2499,50,Medium,20,0
P3655,Jeans 3655,Jeans,44,4.82,269,29,2499,10,Low,11,1
P3656,Jeans 3656,Jeans,12,3.28,233,337,3999,15,Medium,8,1
P3657,Shoes 3657,Shoes,68,2.6,277,123,1499,20,Medium,15,1
P3658,Jacket 3658,Jacket,24,2.45,223,14,1499,15,High,72,0
P3659,Jacket 3659,Jacket,19,1.72,229,107,1299,20,High,92,0
P3660,Hoodie 3660,Hoodie,117,1.73,117,267,799,40,High,53,1
P3661,Accessories 3661,Accessories,81,3.04,144,205,1299,10,High,22,1
P3662,Jeans 3662,Jeans,110,6.77,189,92,799,15,Low,38,1
P3663,Dress 3663,Dress,81,3.01,177,234,2499,50,Medium,87,0
P3664,Shoes 3664,Shoes,65,0.86,15,185,3999,15,Low,21,0
P3665,Shoes 3665,Shoes,73,2.5,163,246,1299,20,Low,54,0
P3666,Accessories 3666,Accessories,118,1.33,209,18,1499,30,High,30,1
P3667,Shirt 3667,Shirt,44,9.07,234,309,1999,30,Medium,73,0
P3668,Accessories 3668,Accessories,113,0.34,30,240,2999,15,High,46,1
P3669,Accessories 3669,Accessories,46,3.25,163,189,2499,15,Low,26,0
P3670,Accessories 3670,Accessories,62,1.21,282,288,999,40,High,97,1
P3671,Jacket 3671,Jacket,75,2.6,152,364,2999,50,Low,47,1
P3672,Jeans 3672,Jeans,110,3.21,270,196,3999,10,Low,38,1
P3673,Hoodie 3673,Hoodie,76,5.92,87,332,799,20,Medium,87,1
P3674,Jeans 3674,Jeans,113,2.25,30,221,2499,20,Medium,20,1
P3675,Shirt 3675,Shirt,110,3.14,75,264,4999,0,Medium,14,1
P3676,T-Shirt 3676,T-Shirt,120,7.74,41,32,2999,20,High,80,0
P3677,Accessories 3677,Accessories,54,7.72,137,276,1999,50,Medium,44,1
P3678,Jeans 3678,Jeans,74,12.6,130,88,4999,50,Low,18,0
P3679,Shirt 3679,Shirt,18,1.41,119,364,999,10,Low,52,0
P3680,T-Shirt 3680,T-Shirt,34,12.73,96,191,2999,15,Medium,88,0
P3681,T-Shirt 3681,T-Shirt,102,2.47,246,294,4999,40,Medium,54,1
P3682,Accessories 3682,Accessories,52,8.88,204,68,999,0,Medium,85,0
P3683,Hoodie 3683,Hoodie,25,5.74,211,36,2499,40,Low,48,0
P3684,Dress 3684,Dress,109,2.15,121,37,4999,40,High,77,1
P3685,Jacket 3685,Jacket,13,11.05,223,299,1299,15,Low,60,0
P3686,Jeans 3686,Jeans,117,8.24,247,179,3999,20,Medium,59,1
P3687,T-Shirt 3687,T-Shirt,44,1.01,296,108,1999,5,Medium,91,1
P3688,Jeans 3688,Jeans,43,2.3,286,134,2999,50,Low,75,0
P3689,Dress 3689,Dress,87,5.21,176,92,1299,15,High,90,0
P3690,Jacket 3690,Jacket,104,0.84,80,321,3999,30,Medium,23,1
P3691,Dress 3691,Dress,64,2.95,213,34,999,20,Medium,85,0
P3692,Jacket 3692,Jacket,50,6.78,109,128,3999,30,Medium,38,1
P3693,Shoes 3693,Shoes,42,2.95,30,257,999,10,High,60,0
P3694,Jacket 3694,Jacket,118,3.78,83,67,2999,30,Medium,99,1
P3695,Accessories 3695,Accessories,85,6.42,132,177,999,20,Medium,22,0
P3696,Hoodie 3696,Hoodie,22,4.44,141,278,2999,0,Low,71,0
P3697,Dress 3697,Dress,55,2.93,40,331,799,30,Low,91,0
P3698,T-Shirt 3698,T-Shirt,117,8.78,63,306,2499,50,Low,92,1
P3699,Accessories 3699,Accessories,18,3.5,234,119,2999,5,High,78,0
P3700,Shoes 3700,Shoes,81,3.21,128,200,1499,40,Medium,38,1
P3701,Hoodie 3701,Hoodie,75,8.67,92,25,799,5,High,71,0
P3702,Jeans 3702,Jeans,54,4.57,145,346,2499,5,Low,91,0
P3703,Accessories 3703,Accessories,91,1.25,277,99,1499,30,Medium,96,1
P3704,Dress 3704,Dress,91,1.4,55,223,1299,10,High,10,1
P3705,Shirt 3705,Shirt,59,1.76,59,185,1499,5,Low,41,0
P3706,Shirt 3706,Shirt,58,6.64,154,197,2499,15,Medium,100,0
P3707,T-Shirt 3707,T-Shirt,32,6.15,157,169,1999,40,High,24,0
P3708,Jacket 3708,Jacket,18,3.73,223,106,999,50,High,33,1
P3709,T-Shirt 3709,T-Shirt,27,1.42,223,193,999,10,High,21,1
P3710,Shirt 3710,Shirt,51,2.42,262,301,1299,20,High,1,1
P3711,Jeans 3711,Jeans,48,8.09,49,73,2499,0,Medium,50,0
P3712,Shoes 3712,Shoes,36,2.87,273,79,799,10,Low,15,0
P3713,Shoes 3713,Shoes,25,2.78,164,238,2999,40,Medium,10,1
P3714,Dress 3714,Dress,98,1.89,282,195,3999,40,High,77,1
P3715,Shoes 3715,Shoes,97,6.79,59,56,2999,0,Medium,95,1
P3716,Dress 3716,Dress,98,1.65,149,315,1299,10,Low,85,1
P3717,Accessories 3717,Accessories,39,5.56,239,308,2499,20,Medium,68,0
P3718,Dress 3718,Dress,79,2.17,183,314,1499,0,Medium,99,1
P3719,Accessories 3719,Accessories,37,4.83,212,130,1999,40,Low,86,0
P3720,Dress 3720,Dress,76,4.01,140,163,1299,10,Medium,61,0
P3721,Shirt 3721,Shirt,86,3.09,279,267,1999,40,Medium,18,1
P3722,Shirt 3722,Shirt,53,2.49,187,201,2499,0,Medium,28,0
P3723,Jacket 3723,Jacket,21,4.32,65,336,3999,5,Medium,41,0
P3724,Accessories 3724,Accessories,15,3.97,67,357,2499,40,Low,22,0
P3725,Hoodie 3725,Hoodie,27,1.97,219,337,4999,5,Medium,59,1
P3726,Accessories 3726,Accessories,111,7.32,143,262,1499,30,Medium,72,1
P3727,Dress 3727,Dress,34,6.24,138,206,999,5,Medium,17,0
P3728,Dress 3728,Dress,59,1.44,38,74,4999,15,Low,94,0
P3729,Hoodie 3729,Hoodie,44,1.6,197,86,1299,5,Medium,100,0
P3730,T-Shirt 3730,T-Shirt,45,0.5,91,239,2999,5,Medium,80,1
P3731,Dress 3731,Dress,71,5.82,214,192,1499,20,High,54,1
P3732,Jacket 3732,Jacket,107,2.58,85,111,799,50,High,17,1
P3733,Shoes 3733,Shoes,54,3.27,194,331,3999,0,High,26,1
P3734,Shoes 3734,Shoes,118,1.55,237,148,1499,0,Medium,84,1
P3735,Jeans 3735,Jeans,85,3.28,173,278,2499,5,Medium,0,1
P3736,Jeans 3736,Jeans,84,4.14,255,349,2999,0,Low,95,1
P3737,Shoes 3737,Shoes,25,0.96,172,130,3999,10,Medium,13,0
P3738,Shoes 3738,Shoes,103,4.08,235,229,999,30,Medium,58,1
P3739,Shirt 3739,Shirt,84,3.92,154,180,4999,40,Medium,77,1
P3740,Jacket 3740,Jacket,24,8.4,156,197,1299,5,Medium,32,0
P3741,Hoodie 3741,Hoodie,104,4.26,42,146,799,30,Low,35,0
P3742,Jeans 3742,Jeans,64,1.4,279,303,999,5,Low,38,1
P3743,Shirt 3743,Shirt,5,1.52,109,125,3999,15,High,75,0
P3744,Shirt 3744,Shirt,22,3.88,66,281,2499,30,Low,44,0
P3745,Hoodie 3745,Hoodie,114,2.52,20,82,799,10,Low,24,1
P3746,Shirt 3746,Shirt,63,5.51,154,115,4999,5,High,14,1
P3747,Accessories 3747,Accessories,86,0.92,146,125,2999,5,Medium,19,1
P3748,Jacket 3748,Jacket,42,6.0,120,264,1299,0,Low,33,0
P3749,Shoes 3749,Shoes,106,3.78,69,26,2999,5,Low,57,1
P3750,Dress 3750,Dress,22,8.54,198,125,2499,30,Low,59,0
P3751,Hoodie 3751,Hoodie,95,3.02,165,357,1299,30,Medium,77,1
P3752,Shoes 3752,Shoes,29,1.46,282,143,3999,5,High,29,1
P3753,Shoes 3753,Shoes,76,1.33,300,283,799,5,Low,12,1
P3754,T-Shirt 3754,T-Shirt,106,4.26,43,261,1999,5,High,77,0
P3755,Accessories 3755,Accessories,17,1.08,173,270,3999,15,Low,92,0
P3756,Hoodie 3756,Hoodie,86,12.66,72,173,1299,10,Low,89,0
P3757,Shirt 3757,Shirt,78,2.92,11,171,2499,50,High,66,0
P3758,Dress 3758,Dress,96,9.17,89,35,999,40,Low,88,0
P3759,Hoodie 3759,Hoodie,20,0.66,203,41,4999,50,High,90,0
P3760,Shirt 3760,Shirt,56,0.19,136,243,999,30,Medium,44,1
P3761,Shoes 3761,Shoes,102,1.77,80,300,1999,15,Low,39,1
P3762,Dress 3762,Dress,22,4.46,254,96,1299,40,Medium,79,1
P3763,Shirt 3763,Shirt,90,3.62,213,209,4999,0,Medium,37,1
P3764,Jacket 3764,Jacket,44,2.02,88,234,4999,20,High,74,0
P3765,Shirt 3765,Shirt,43,4.42,227,74,2999,5,Medium,92,1
P3766,T-Shirt 3766,T-Shirt,81,2.71,257,137,1999,30,Medium,46,1
P3767,Accessories 3767,Accessories,87,1.12,35,117,4999,40,Low,87,0
P3768,Shoes 3768,Shoes,114,10.1,205,18,2999,0,Medium,28,0
P3769,Shirt 3769,Shirt,46,0.17,56,294,999,30,Low,33,0
P3770,Accessories 3770,Accessories,39,4.02,76,181,799,50,Low,10,1
P3771,Jeans 3771,Jeans,50,3.44,25,325,1499,50,High,19,1
P3772,Jeans 3772,Jeans,41,3.51,20,160,3999,20,Low,19,1
P3773,Accessories 3773,Accessories,6,6.9,20,49,2499,40,Low,72,0
P3774,Accessories 3774,Accessories,49,1.29,179,211,999,5,Medium,55,1
P3775,T-Shirt 3775,T-Shirt,47,1.23,82,178,1999,30,High,22,1
P3776,Jacket 3776,Jacket,83,6.91,244,300,4999,5,Low,99,1
P3777,Shoes 3777,Shoes,90,5.15,41,291,2499,20,Low,90,0
P3778,Hoodie 3778,Hoodie,5,8.82,236,317,2499,15,Low,87,0
P3779,T-Shirt 3779,T-Shirt,90,2.82,217,58,2999,40,Low,24,1
P3780,Jacket 3780,Jacket,8,2.75,197,121,1999,20,Medium,88,0
P3781,Accessories 3781,Accessories,116,6.41,64,25,1299,20,Medium,32,0
P3782,Hoodie 3782,Hoodie,108,7.99,193,41,1299,30,Medium,30,1
P3783,Accessories 3783,Accessories,56,1.13,271,54,1999,50,Medium,73,1
P3784,Accessories 3784,Accessories,30,12.2,130,239,1499,40,High,78,0
P3785,Jeans 3785,Jeans,20,2.28,207,225,1999,10,Medium,0,1
P3786,Jeans 3786,Jeans,89,3.99,36,116,4999,5,High,53,0
P3787,Hoodie 3787,Hoodie,39,5.09,265,260,1999,40,Medium,15,0
P3788,T-Shirt 3788,T-Shirt,111,7.03,98,194,1499,50,High,84,1
P3789,Jeans 3789,Jeans,44,5.69,104,37,1499,30,Medium,58,0
P3790,Shoes 3790,Shoes,76,3.58,289,265,799,5,Medium,65,1
P3791,Accessories 3791,Accessories,48,5.65,29,169,1499,15,High,2,0
P3792,Dress 3792,Dress,86,2.5,121,350,1499,40,Low,14,1
P3793,Shirt 3793,Shirt,19,2.11,203,314,4999,15,Medium,31,1
P3794,Hoodie 3794,Hoodie,100,3.49,283,77,1499,10,Medium,49,1
P3795,Hoodie 3795,Hoodie,117,7.7,74,313,2999,10,High,90,1
P3796,Jeans 3796,Jeans,116,5.01,83,62,799,10,Medium,99,0
P3797,T-Shirt 3797,T-Shirt,91,2.33,18,105,2999,50,Medium,98,1
P3798,Accessories 3798,Accessories,16,3.16,33,27,999,15,Low,59,0
P3799,Shoes 3799,Shoes,27,6.64,148,114,3999,20,High,87,0
P3800,T-Shirt 3800,T-Shirt,40,4.13,14,59,799,50,Medium,7,0
P3801,Jacket 3801,Jacket,65,3.76,51,12,1299,30,High,6,0
P3802,Jacket 3802,Jacket,24,3.83,264,237,3999,5,Low,3,1
P3803,Dress 3803,Dress,57,1.19,16,88,3999,5,Low,93,0
P3804,Jeans 3804,Jeans,113,0.55,230,223,1999,30,Medium,9,1
P3805,Jeans 3805,Jeans,40,7.18,264,341,1999,0,Medium,59,0
P3806,Jeans 3806,Jeans,5,3.47,88,53,3999,15,Medium,24,0
P3807,Dress 3807,Dress,74,3.91,10,358,1999,15,Low,41,0
P3808,Jacket 3808,Jacket,120,2.4,251,247,4999,10,Low,46,1
P3809,T-Shirt 3809,T-Shirt,37,8.92,39,184,799,50,Low,95,0
P3810,Dress 3810,Dress,5,2.22,179,88,1999,40,Low,95,1
P3811,Dress 3811,Dress,44,2.69,69,293,1299,40,Low,31,1
P3812,T-Shirt 3812,T-Shirt,74,7.08,151,198,1299,30,High,73,0
P3813,Jeans 3813,Jeans,13,2.29,61,149,999,0,Medium,72,0
P3814,Shoes 3814,Shoes,65,3.95,197,320,1299,0,Medium,24,1
P3815,T-Shirt 3815,T-Shirt,39,0.97,17,285,2999,15,High,88,0
P3816,Jacket 3816,Jacket,2,1.57,22,47,3999,10,Medium,15,0
P3817,Hoodie 3817,Hoodie,118,0.82,250,277,3999,5,High,48,1
P3818,Accessories 3818,Accessories,116,3.6,167,93,3999,10,Low,15,1
P3819,Hoodie 3819,Hoodie,98,3.78,118,9,799,5,Medium,93,1
P3820,Shirt 3820,Shirt,96,3.95,286,217,2999,40,Medium,37,1
P3821,Shirt 3821,Shirt,23,2.77,237,7,999,15,Medium,4,1
P3822,Dress 3822,Dress,18,2.89,170,81,1499,50,Medium,6,0
P3823,Accessories 3823,Accessories,17,1.95,30,237,1999,10,Low,76,0
P3824,Hoodie 3824,Hoodie,63,2.49,130,82,799,0,High,7,1
P3825,Shoes 3825,Shoes,112,1.02,285,266,1499,30,Medium,32,1
P3826,Jeans 3826,Jeans,115,4.41,290,31,1499,20,Low,61,1
P3827,Jacket 3827,Jacket,87,5.88,287,206,4999,0,Medium,73,0
P3828,Shirt 3828,Shirt,108,2.97,143,100,4999,40,High,83,1
P3829,Shoes 3829,Shoes,34,2.9,105,358,799,30,Low,31,1
P3830,Jacket 3830,Jacket,61,3.61,15,114,3999,5,Low,92,0
P3831,Jacket 3831,Jacket,0,8.76,220,361,1499,15,High,0,0
P3832,Jeans 3832,Jeans,99,3.17,34,101,1499,10,High,90,0
P3833,Accessories 3833,Accessories,24,3.38,98,362,1999,40,Low,19,0
P3834,Dress 3834,Dress,44,15.32,120,97,999,40,High,54,0
P3835,Hoodie 3835,Hoodie,48,2.82,275,50,799,15,Medium,62,0
P3836,Jeans 3836,Jeans,106,4.33,295,29,1999,15,High,77,1
P3837,Shoes 3837,Shoes,97,4.2,43,196,2999,5,Medium,78,0
P3838,Dress 3838,Dress,88,2.53,28,29,4999,15,High,5,1
P3839,Shoes 3839,Shoes,15,4.54,268,240,999,10,High,51,0
P3840,Dress 3840,Dress,97,0.88,47,192,3999,40,Low,1,1
P3841,Accessories 3841,Accessories,92,2.89,174,317,2999,0,Low,92,1
P3842,Shirt 3842,Shirt,18,1.54,173,339,999,15,Medium,38,1
P3843,Shoes 3843,Shoes,22,4.62,30,69,1999,10,Low,31,0
P3844,Jeans 3844,Jeans,82,0.74,184,109,2999,10,Medium,50,1
P3845,Dress 3845,Dress,24,5.34,154,322,1299,5,High,68,0
P3846,Dress 3846,Dress,15,0.15,137,195,999,15,Low,85,0
P3847,Jacket 3847,Jacket,53,4.41,147,342,2499,40,Medium,91,0
P3848,Jacket 3848,Jacket,114,1.32,168,195,2499,5,Medium,31,1
P3849,T-Shirt 3849,T-Shirt,72,2.03,105,357,1499,0,Medium,92,1
P3850,Shoes 3850,Shoes,0,2.78,67,75,799,0,Low,2,0
P3851,Jacket 3851,Jacket,41,9.19,97,120,1999,30,Low,61,0
P3852,T-Shirt 3852,T-Shirt,18,1.3,211,110,799,50,High,94,0
P3853,Shirt 3853,Shirt,96,3.26,76,114,3999,10,High,12,1
P3854,Shirt 3854,Shirt,33,7.52,64,351,999,15,High,69,0
P3855,Jacket 3855,Jacket,79,3.38,33,27,4999,30,High,20,1
P3856,Shoes 3856,Shoes,107,4.89,23,272,4999,40,Medium,60,1
P3857,Dress 3857,Dress,103,6.82,77,349,1299,10,Medium,13,1
P3858,Hoodie 3858,Hoodie,54,1.99,250,215,2499,40,Medium,88,1
P3859,Accessories 3859,Accessories,17,2.19,91,176,4999,15,Low,70,0
P3860,Shoes 3860,Shoes,33,1.28,187,200,2999,50,Medium,21,1
P3861,Accessories 3861,Accessories,88,7.58,201,353,1499,5,Low,31,1
P3862,Jeans 3862,Jeans,44,10.14,248,129,1299,0,Medium,40,0
P3863,Shirt 3863,Shirt,5,0.96,122,183,999,30,Low,31,0
P3864,Jacket 3864,Jacket,20,4.06,86,10,799,40,Medium,41,0
P3865,Jacket 3865,Jacket,69,2.01,251,194,799,30,Medium,51,0
P3866,Accessories 3866,Accessories,95,2.11,238,352,1499,0,Medium,93,1
P3867,Dress 3867,Dress,104,5.09,157,358,1499,5,Medium,80,1
P3868,Accessories 3868,Accessories,47,3.47,276,35,4999,20,High,53,0
P3869,Jeans 3869,Jeans,106,4.76,39,92,799,20,Low,61,1
P3870,Dress 3870,Dress,38,9.95,217,53,1499,40,Medium,84,0
P3871,Jeans 3871,Jeans,30,4.21,215,83,1299,20,Medium,89,0
P3872,Hoodie 3872,Hoodie,105,5.22,143,349,4999,15,High,42,1
P3873,Shirt 3873,Shirt,9,6.65,193,197,1999,30,Medium,2,1
P3874,Jacket 3874,Jacket,29,1.84,256,37,4999,5,Medium,37,0
P3875,Jacket 3875,Jacket,120,5.57,154,313,2499,15,Low,80,1
P3876,Hoodie 3876,Hoodie,115,2.06,223,175,4999,15,Low,38,1
P3877,T-Shirt 3877,T-Shirt,17,1.06,86,42,799,40,Medium,69,0
P3878,Shirt 3878,Shirt,59,4.48,194,251,1499,5,High,84,1
P3879,Dress 3879,Dress,87,1.18,238,357,1499,15,Low,44,1
P3880,Hoodie 3880,Hoodie,115,3.49,180,194,2499,40,Low,45,1
P3881,Dress 3881,Dress,72,2.91,236,21,799,30,Low,12,1
P3882,Accessories 3882,Accessories,94,8.29,67,340,1999,5,Low,51,0
P3883,Shoes 3883,Shoes,14,1.17,241,222,1299,50,High,8,1
P3884,Jacket 3884,Jacket,3,4.23,37,164,799,20,High,56,0
P3885,Dress 3885,Dress,62,1.68,217,161,2499,20,Medium,68,0
P3886,Jeans 3886,Jeans,39,0.74,64,247,1299,15,Low,42,1
P3887,Dress 3887,Dress,8,0.41,6,302,1499,0,High,6,0
P3888,Shoes 3888,Shoes,108,1.22,61,51,4999,5,Low,43,1
P3889,Shirt 3889,Shirt,8,1.17,291,181,999,10,Medium,43,1
P3890,Jacket 3890,Jacket,25,0.43,142,352,799,40,High,94,0
P3891,Accessories 3891,Accessories,3,6.1,283,62,2499,50,Medium,67,0
P3892,Hoodie 3892,Hoodie,80,7.23,218,60,799,10,Low,76,0
P3893,Accessories 3893,Accessories,15,1.77,243,347,799,15,Low,43,1
P3894,Shoes 3894,Shoes,14,2.34,289,271,2999,0,High,78,0
P3895,Jacket 3895,Jacket,98,2.75,35,245,999,5,Low,39,0
P3896,Dress 3896,Dress,120,6.64,210,327,1499,20,Medium,76,1
P3897,Shirt 3897,Shirt,51,6.73,278,114,1499,15,High,42,0
P3898,T-Shirt 3898,T-Shirt,68,4.18,15,204,999,5,High,61,0
P3899,Shirt 3899,Shirt,118,4.08,51,220,2499,5,Medium,42,1
P3900,T-Shirt 3900,T-Shirt,4,2.17,7,252,999,5,Low,89,0
P3901,Jeans 3901,Jeans,19,0.41,134,44,3999,0,Medium,18,1
P3902,Shirt 3902,Shirt,78,2.66,76,179,1499,5,Low,48,0
P3903,Jacket 3903,Jacket,17,7.54,163,111,799,0,Low,64,0
P3904,T-Shirt 3904,T-Shirt,110,1.92,134,46,2999,0,High,76,1
P3905,Hoodie 3905,Hoodie,1,2.47,26,136,2499,30,Low,24,0
P3906,Jacket 3906,Jacket,92,5.73,139,187,2499,50,Low,83,1
P3907,Hoodie 3907,Hoodie,12,2.39,24,200,1299,5,Medium,40,0
P3908,Shirt 3908,Shirt,3,2.74,224,337,2999,30,Medium,22,0
P3909,Hoodie 3909,Hoodie,41,5.82,134,295,2499,20,Medium,57,1
P3910,T-Shirt 3910,T-Shirt,108,0.41,36,347,4999,30,High,87,1
P3911,Jacket 3911,Jacket,73,1.14,94,65,1299,50,Medium,42,1
P3912,Dress 3912,Dress,60,10.79,263,357,1299,30,Medium,39,0
P3913,Shoes 3913,Shoes,94,5.79,253,32,1499,50,Medium,29,1
P3914,T-Shirt 3914,T-Shirt,104,6.33,177,109,1299,40,Low,33,1
P3915,T-Shirt 3915,T-Shirt,7,4.1,51,27,1499,40,Medium,9,0
P3916,Dress 3916,Dress,66,4.48,201,86,2499,40,Medium,59,1
P3917,Jacket 3917,Jacket,111,1.97,38,333,799,5,Low,0,1
P3918,Jacket 3918,Jacket,62,2.65,258,205,999,20,Low,11,1
P3919,Accessories 3919,Accessories,109,6.47,252,328,2499,15,Medium,45,1
P3920,Shirt 3920,Shirt,8,2.25,46,43,2499,10,Medium,92,0
P3921,Hoodie 3921,Hoodie,93,1.92,293,20,799,15,Medium,74,1
P3922,Shirt 3922,Shirt,116,3.25,127,227,2499,0,Medium,16,1
P3923,Dress 3923,Dress,10,4.12,31,172,4999,50,Medium,83,0
P3924,Shirt 3924,Shirt,98,7.87,63,179,3999,15,High,57,0
P3925,Dress 3925,Dress,100,17.46,151,156,1999,10,Medium,37,1
P3926,Jacket 3926,Jacket,41,1.44,119,178,1499,50,Medium,5,1
P3927,Hoodie 3927,Hoodie,12,5.33,203,87,2499,10,Low,61,0
P3928,Shirt 3928,Shirt,35,3.53,132,342,1999,20,Medium,83,0
P3929,T-Shirt 3929,T-Shirt,119,0.53,157,231,2499,40,High,73,1
P3930,Jeans 3930,Jeans,12,9.07,275,365,1299,15,Medium,9,0
P3931,Accessories 3931,Accessories,11,2.41,87,41,2999,0,Low,94,0
P3932,Shoes 3932,Shoes,36,2.3,27,364,3999,30,Medium,25,0
P3933,T-Shirt 3933,T-Shirt,73,9.07,15,194,1999,30,Low,57,0
P3934,Jacket 3934,Jacket,119,3.17,191,230,1999,0,Medium,16,1
P3935,Shoes 3935,Shoes,72,7.33,120,137,1499,20,Medium,52,0
P3936,Jeans 3936,Jeans,51,2.74,166,357,1999,50,Medium,77,0
P3937,Jeans 3937,Jeans,70,4.81,107,317,3999,30,High,4,1
P3938,Hoodie 3938,Hoodie,1,3.01,247,15,1999,20,Medium,66,0
P3939,Shoes 3939,Shoes,117,1.66,11,75,4999,30,Medium,19,1
P3940,Hoodie 3940,Hoodie,55,4.92,176,34,799,30,Medium,50,1
P3941,T-Shirt 3941,T-Shirt,59,5.74,260,240,2999,15,High,45,1
P3942,Dress 3942,Dress,22,3.34,251,37,1999,20,Medium,78,1
P3943,Dress 3943,Dress,102,0.42,196,321,1499,10,Low,66,1
P3944,Dress 3944,Dress,39,1.18,118,238,1299,0,Medium,2,0
P3945,Shoes 3945,Shoes,63,2.15,27,344,2999,30,Medium,22,1
P3946,Dress 3946,Dress,102,8.59,280,60,999,40,Low,8,1
P3947,T-Shirt 3947,T-Shirt,84,3.2,140,181,1999,10,Low,10,1
P3948,Hoodie 3948,Hoodie,22,8.49,199,304,999,5,Low,46,0
P3949,Shoes 3949,Shoes,28,6.73,262,285,2999,10,High,48,0
P3950,Hoodie 3950,Hoodie,77,2.29,282,92,2499,40,Medium,43,1
P3951,Shoes 3951,Shoes,89,3.88,74,71,2999,0,Medium,12,1
P3952,Hoodie 3952,Hoodie,50,5.84,40,95,4999,5,Medium,7,0
P3953,Jeans 3953,Jeans,68,1.74,112,60,999,15,Medium,62,1
P3954,Hoodie 3954,Hoodie,118,5.53,28,124,4999,40,Medium,21,0
P3955,Dress 3955,Dress,94,5.07,144,235,2999,5,Medium,37,1
P3956,Jeans 3956,Jeans,88,1.65,26,273,999,20,Low,26,1
P3957,Hoodie 3957,Hoodie,30,4.73,208,325,999,0,Medium,25,0
P3958,Shoes 3958,Shoes,49,3.08,228,28,1499,20,Medium,22,0
P3959,Shoes 3959,Shoes,19,0.94,227,253,999,10,Medium,94,1
P3960,Accessories 3960,Accessories,107,2.15,85,320,799,15,Medium,92,1
P3961,Shoes 3961,Shoes,54,2.09,195,26,2499,0,Medium,64,0
P3962,Jacket 3962,Jacket,80,9.63,290,190,1999,15,Medium,73,0
P3963,T-Shirt 3963,T-Shirt,108,1.2,151,355,1299,30,Medium,46,1
P3964,Shoes 3964,Shoes,1,1.91,286,56,799,0,Low,60,1
P3965,Jeans 3965,Jeans,24,4.43,15,96,4999,40,Medium,45,0
P3966,Accessories 3966,Accessories,12,3.47,280,110,3999,20,High,3,1
P3967,Shoes 3967,Shoes,102,2.85,60,200,2499,10,High,30,1
P3968,Jacket 3968,Jacket,91,2.81,177,80,2499,5,High,3,1
P3969,Dress 3969,Dress,105,6.38,208,275,1499,50,Low,28,1
P3970,Jeans 3970,Jeans,118,1.68,252,21,999,50,Low,72,1
P3971,Jacket 3971,Jacket,69,1.28,270,335,1499,15,Medium,78,1
P3972,Dress 3972,Dress,66,0.4,26,289,999,0,Low,43,1
P3973,Shirt 3973,Shirt,57,2.25,28,204,2999,0,Low,2,1
P3974,Shirt 3974,Shirt,98,0.99,198,350,4999,30,Medium,58,1
P3975,Jeans 3975,Jeans,81,2.59,100,201,999,15,Low,78,1
P3976,Hoodie 3976,Hoodie,74,0.57,267,42,4999,5,Low,52,1
P3977,T-Shirt 3977,T-Shirt,117,2.56,76,211,4999,10,High,10,1
P3978,Accessories 3978,Accessories,83,4.17,247,314,3999,0,Low,5,1
P3979,T-Shirt 3979,T-Shirt,63,3.22,42,145,799,50,Low,46,0
P3980,Jacket 3980,Jacket,68,5.2,93,270,1999,0,Low,6,0
P3981,Dress 3981,Dress,82,7.16,32,63,1499,15,High,67,0
P3982,T-Shirt 3982,T-Shirt,85,4.09,96,116,2999,15,Medium,84,0
P3983,Dress 3983,Dress,58,3.28,58,180,3999,0,Low,0,1
P3984,Dress 3984,Dress,59,4.52,163,212,3999,0,Low,55,0
P3985,Jacket 3985,Jacket,82,4.2,232,231,999,30,Medium,86,1
P3986,Jacket 3986,Jacket,110,5.88,45,70,1299,0,Low,76,0
P3987,Jacket 3987,Jacket,61,3.45,41,258,2999,20,High,42,1
P3988,T-Shirt 3988,T-Shirt,15,1.09,129,273,1499,0,Medium,27,1
P3989,Shirt 3989,Shirt,87,6.93,183,358,2499,10,Low,28,1
P3990,Jacket 3990,Jacket,104,0.61,41,338,3999,10,High,17,1
P3991,Accessories 3991,Accessories,67,5.53,105,326,3999,40,Medium,86,0
P3992,T-Shirt 3992,T-Shirt,14,4.45,35,363,2999,30,Low,91,0
P3993,Jacket 3993,Jacket,88,4.54,194,99,999,5,Medium,72,0
P3994,Shoes 3994,Shoes,107,3.52,150,189,999,15,High,61,1
P3995,Dress 3995,Dress,54,1.85,94,306,1299,5,Low,5,1
P3996,Accessories 3996,Accessories,34,3.06,10,220,1499,0,Medium,15,1
P3997,Jacket 3997,Jacket,54,7.61,143,148,799,15,Low,100,0
P3998,Jeans 3998,Jeans,13,4.64,99,89,1999,0,High,0,0
P3999,Dress 3999,Dress,48,4.68,123,105,2999,15,Medium,21,0
P4000,Dress 4000,Dress,82,7.74,124,287,1999,30,Low,45,0
P4001,Jacket 4001,Jacket,101,8.36,127,108,2999,40,Medium,61,1
P4002,Shirt 4002,Shirt,99,5.71,289,335,1999,20,Medium,22,1
P4003,Hoodie 4003,Hoodie,6,11.59,183,77,3999,50,High,20,0
P4004,Shirt 4004,Shirt,29,4.62,11,344,2999,40,Medium,50,1
P4005,Jacket 4005,Jacket,82,5.7,131,272,799,20,High,94,0
P4006,Dress 4006,Dress,48,6.58,81,136,799,20,Medium,37,1
P4007,Accessories 4007,Accessories,88,8.08,238,66,1999,40,Low,27,0
P4008,Jeans 4008,Jeans,15,1.53,78,307,999,30,High,43,0
P4009,Accessories 4009,Accessories,110,1.0,275,125,4999,40,Medium,90,1
P4010,Accessories 4010,Accessories,117,1.16,124,269,999,5,Medium,38,1
P4011,Dress 4011,Dress,103,2.26,39,334,4999,15,High,41,0
P4012,Shirt 4012,Shirt,50,6.74,211,27,999,5,Medium,41,0
P4013,Jeans 4013,Jeans,71,2.76,274,103,1499,50,Low,59,1
P4014,T-Shirt 4014,T-Shirt,81,3.07,97,309,1299,15,High,56,1
P4015,Shoes 4015,Shoes,91,1.0,181,7,2499,50,Low,76,1
P4016,Dress 4016,Dress,79,1.12,278,209,1499,50,Medium,95,1
P4017,Jacket 4017,Jacket,115,2.2,183,134,4999,0,Low,6,1
P4018,T-Shirt 4018,T-Shirt,82,1.77,133,356,4999,50,Low,50,1
P4019,Shoes 4019,Shoes,41,5.79,129,138,4999,20,Medium,96,0
P4020,Jacket 4020,Jacket,16,1.0,31,40,1299,20,Medium,76,0
P4021,Accessories 4021,Accessories,62,1.24,68,93,1299,15,Medium,31,1
P4022,Hoodie 4022,Hoodie,44,4.19,64,38,1499,5,High,6,0
P4023,Jacket 4023,Jacket,76,2.79,223,265,4999,5,Medium,75,0
P4024,Jeans 4024,Jeans,6,2.61,221,330,2499,10,Medium,39,0
P4025,Jeans 4025,Jeans,26,6.68,173,319,4999,20,High,14,0
P4026,Hoodie 4026,Hoodie,9,2.67,153,39,3999,20,Medium,58,0
P4027,T-Shirt 4027,T-Shirt,33,3.43,274,292,2999,5,Medium,84,1
P4028,Shoes 4028,Shoes,35,2.22,120,332,1999,20,Medium,11,1
P4029,Jacket 4029,Jacket,24,3.08,249,55,4999,5,Medium,76,0
P4030,Jeans 4030,Jeans,5,5.92,152,292,1499,10,Medium,41,0
P4031,T-Shirt 4031,T-Shirt,23,2.45,96,88,1499,15,Medium,38,0
P4032,Hoodie 4032,Hoodie,17,3.83,89,150,3999,50,Medium,62,0
P4033,Shirt 4033,Shirt,86,2.47,91,286,1499,15,Low,1,1
P4034,Dress 4034,Dress,5,0.38,124,98,2999,10,High,28,0
P4035,Shirt 4035,Shirt,28,1.82,28,230,1499,20,High,60,1
P4036,Shirt 4036,Shirt,24,2.17,93,223,799,40,Low,28,1
P4037,Jeans 4037,Jeans,54,3.4,41,162,4999,0,Low,99,0
P4038,Accessories 4038,Accessories,80,5.11,275,283,1499,20,Medium,37,1
P4039,Accessories 4039,Accessories,45,2.87,16,14,1299,50,Medium,6,0
P4040,Hoodie 4040,Hoodie,23,2.41,99,42,1299,5,High,29,1
P4041,Jacket 4041,Jacket,74,4.05,35,130,4999,30,Low,86,1
P4042,Accessories 4042,Accessories,25,3.28,237,15,3999,50,Low,91,0
P4043,Shirt 4043,Shirt,114,0.99,290,46,2999,0,High,55,1
P4044,Accessories 4044,Accessories,97,8.52,39,185,2999,10,Low,86,0
P4045,Shirt 4045,Shirt,27,2.55,25,135,1499,15,Medium,35,0
P4046,Shoes 4046,Shoes,2,3.28,115,74,1299,15,Low,41,0
P4047,Jeans 4047,Jeans,74,0.8,149,160,1499,40,High,92,1
P4048,Jeans 4048,Jeans,37,6.96,16,9,2499,20,Low,3,0
P4049,Jacket 4049,Jacket,60,2.28,248,271,1499,15,Medium,83,1
P4050,Accessories 4050,Accessories,77,9.14,150,10,1499,50,Medium,4,0
P4051,Accessories 4051,Accessories,50,3.16,243,268,999,20,High,45,1
P4052,Dress 4052,Dress,89,4.89,96,335,2999,40,Low,74,0
P4053,T-Shirt 4053,T-Shirt,47,2.46,119,288,2499,40,Low,1,1
P4054,Shoes 4054,Shoes,20,1.06,19,91,999,5,Low,53,0
P4055,Jeans 4055,Jeans,53,4.41,276,348,1999,5,High,87,1
P4056,Shoes 4056,Shoes,55,4.38,26,41,2499,10,Medium,58,0
P4057,Jeans 4057,Jeans,102,0.28,122,120,1999,30,Medium,32,1
P4058,Shoes 4058,Shoes,93,0.96,99,65,1499,5,Low,21,1
P4059,Hoodie 4059,Hoodie,58,6.86,261,44,4999,20,Medium,46,1
P4060,Shirt 4060,Shirt,71,2.29,266,39,1299,15,Medium,5,1
P4061,Jeans 4061,Jeans,50,5.32,91,209,999,5,Medium,23,1
P4062,Shoes 4062,Shoes,19,12.06,62,208,4999,5,High,92,0
P4063,Accessories 4063,Accessories,111,4.58,234,106,3999,20,Low,48,1
P4064,T-Shirt 4064,T-Shirt,95,3.2,112,307,4999,40,Medium,95,1
P4065,Hoodie 4065,Hoodie,85,1.8,23,310,1299,5,High,93,0
P4066,Hoodie 4066,Hoodie,58,4.06,145,124,799,15,High,50,0
P4067,T-Shirt 4067,T-Shirt,70,4.4,164,249,799,30,Medium,40,1
P4068,Shoes 4068,Shoes,8,3.47,104,35,1299,15,Low,66,0
P4069,Accessories 4069,Accessories,108,5.47,269,233,1499,40,Medium,88,1
P4070,Jacket 4070,Jacket,0,1.17,242,346,999,30,Low,91,0
P4071,T-Shirt 4071,T-Shirt,28,3.52,242,219,3999,15,Low,78,1
P4072,Shoes 4072,Shoes,62,3.21,53,193,1299,50,Medium,80,0
P4073,T-Shirt 4073,T-Shirt,71,2.04,169,119,1499,50,High,1,1
P4074,T-Shirt 4074,T-Shirt,55,4.32,291,305,2499,40,Low,90,1
P4075,Jeans 4075,Jeans,117,1.06,63,167,2499,15,Low,99,1
P4076,Shoes 4076,Shoes,67,1.7,187,25,999,0,Medium,77,0
P4077,Jacket 4077,Jacket,34,2.5,151,270,2499,40,Low,42,1
P4078,Shirt 4078,Shirt,2,2.82,100,165,1499,15,Medium,31,0
P4079,Jeans 4079,Jeans,117,4.49,47,17,1999,40,Low,11,1
P4080,T-Shirt 4080,T-Shirt,108,4.83,261,14,2999,40,Low,22,1
P4081,Shirt 4081,Shirt,103,1.66,217,159,2999,0,Medium,15,1
P4082,Dress 4082,Dress,6,9.09,193,119,2499,15,High,43,0
P4083,Shirt 4083,Shirt,26,4.29,135,154,2499,40,Medium,1,0
P4084,T-Shirt 4084,T-Shirt,0,10.92,293,44,2499,40,High,6,0
P4085,T-Shirt 4085,T-Shirt,90,7.97,141,141,1499,15,Low,20,1
P4086,Accessories 4086,Accessories,79,2.09,34,241,1299,20,High,57,1
P4087,Shoes 4087,Shoes,101,1.05,150,261,799,30,Medium,94,1
P4088,Shoes 4088,Shoes,70,0.81,109,80,1299,15,High,22,1
P4089,Jeans 4089,Jeans,43,0.33,291,334,1299,5,Medium,59,1
P4090,Jacket 4090,Jacket,86,3.88,195,282,4999,15,Low,24,1
P4091,Jeans 4091,Jeans,40,1.95,182,215,1299,50,Low,34,1
P4092,Hoodie 4092,Hoodie,74,5.04,243,273,3999,10,Medium,98,1
P4093,T-Shirt 4093,T-Shirt,41,2.04,5,150,3999,50,Low,44,0
P4094,Shirt 4094,Shirt,116,1.64,114,48,1299,20,High,6,1
P4095,Dress 4095,Dress,32,4.82,279,230,2499,20,Low,68,1
P4096,T-Shirt 4096,T-Shirt,49,12.74,238,352,3999,15,Medium,31,0
P4097,T-Shirt 4097,T-Shirt,62,7.84,68,58,3999,10,Low,52,0
P4098,Jeans 4098,Jeans,99,4.88,248,314,4999,40,Low,68,1
P4099,Dress 4099,Dress,36,7.31,57,143,4999,30,Medium,24,0
P4100,Dress 4100,Dress,104,4.52,266,201,3999,15,Medium,94,1
P4101,Dress 4101,Dress,58,0.28,21,101,2999,5,High,83,0
P4102,Jeans 4102,Jeans,80,5.54,238,264,1299,40,Low,85,1
P4103,T-Shirt 4103,T-Shirt,98,4.76,77,31,2999,20,High,76,0
P4104,Jeans 4104,Jeans,47,6.33,95,238,1499,40,Medium,1,0
P4105,Shoes 4105,Shoes,4,1.94,10,338,999,20,High,85,0
P4106,Shoes 4106,Shoes,47,7.02,202,100,3999,30,Low,60,0
P4107,Jeans 4107,Jeans,95,1.15,200,356,999,10,Medium,8,1
P4108,Dress 4108,Dress,2,3.67,300,227,799,0,Medium,50,1
P4109,Accessories 4109,Accessories,115,3.25,141,303,1999,30,Medium,1,1
P4110,T-Shirt 4110,T-Shirt,46,0.16,271,209,4999,10,Low,44,1
P4111,Jeans 4111,Jeans,61,2.13,120,349,1999,50,Medium,31,1
P4112,Jeans 4112,Jeans,98,4.72,47,87,999,40,Low,71,0
P4113,Jeans 4113,Jeans,115,2.18,235,211,1499,5,Medium,79,1
P4114,Accessories 4114,Accessories,13,8.54,62,83,3999,10,Medium,96,0
P4115,Accessories 4115,Accessories,62,3.89,210,44,2999,30,Medium,74,0
P4116,Hoodie 4116,Hoodie,111,2.67,298,201,1999,0,High,31,1
P4117,Shoes 4117,Shoes,60,7.04,98,48,1499,40,Low,7,0
P4118,Shirt 4118,Shirt,30,2.35,40,188,1999,5,Medium,95,0
P4119,Dress 4119,Dress,94,1.25,234,251,2999,5,Medium,84,1
P4120,Jacket 4120,Jacket,16,4.98,231,201,1999,50,Medium,88,0
P4121,Accessories 4121,Accessories,23,1.04,187,84,3999,0,High,19,1
P4122,Shirt 4122,Shirt,115,2.22,266,326,2999,50,High,64,1
P4123,Accessories 4123,Accessories,22,3.4,135,131,2999,15,High,20,0
P4124,Dress 4124,Dress,81,2.64,69,147,4999,10,High,6,1
P4125,Jacket 4125,Jacket,49,19.35,190,33,3999,30,High,88,0
P4126,Hoodie 4126,Hoodie,117,4.55,121,321,3999,5,Medium,8,1
P4127,Jeans 4127,Jeans,77,3.02,190,327,2499,30,High,85,1
P4128,Hoodie 4128,Hoodie,113,1.99,278,287,2999,10,High,1,1
P4129,Accessories 4129,Accessories,78,4.27,155,299,3999,40,Low,18,1
P4130,Hoodie 4130,Hoodie,78,7.25,155,248,1999,0,Low,59,1
P4131,Shirt 4131,Shirt,69,0.69,40,242,999,50,Low,69,1
P4132,T-Shirt 4132,T-Shirt,26,4.19,99,209,2999,20,High,58,0
P4133,Accessories 4133,Accessories,14,2.88,138,333,1299,0,Medium,68,1
P4134,Accessories 4134,Accessories,49,5.74,166,148,3999,10,Low,44,0
P4135,Shirt 4135,Shirt,35,3.43,48,100,2499,5,Medium,61,0
P4136,Shoes 4136,Shoes,118,4.67,287,158,1499,40,Low,9,1
P4137,Jacket 4137,Jacket,7,11.39,244,259,999,10,High,64,0
P4138,Jeans 4138,Jeans,78,5.87,56,73,2999,40,High,25,0
P4139,Shirt 4139,Shirt,2,2.63,285,182,799,20,High,89,0
P4140,Jacket 4140,Jacket,61,1.41,78,109,2999,5,Low,59,0
P4141,Dress 4141,Dress,46,2.89,299,97,2999,40,High,17,1
P4142,Jacket 4142,Jacket,76,1.43,242,199,1299,20,Medium,58,1
P4143,Dress 4143,Dress,104,3.66,171,172,1499,40,Medium,20,1
P4144,Shirt 4144,Shirt,97,3.67,144,96,1499,15,Medium,45,1
P4145,Accessories 4145,Accessories,87,0.86,143,332,1499,30,Medium,11,1
P4146,Accessories 4146,Accessories,103,3.59,239,321,4999,0,High,77,1
P4147,Shoes 4147,Shoes,95,9.18,7,274,2499,15,Medium,31,1
P4148,Shirt 4148,Shirt,60,3.49,260,57,4999,10,High,38,1
P4149,Dress 4149,Dress,31,2.41,282,172,1499,50,Low,98,0
P4150,Jacket 4150,Jacket,93,5.55,8,180,2999,15,Medium,80,0
P4151,Jacket 4151,Jacket,115,2.94,274,233,4999,0,Medium,54,1
P4152,Dress 4152,Dress,112,3.12,216,272,1299,5,Medium,54,1
P4153,Hoodie 4153,Hoodie,12,7.04,220,15,1299,30,High,9,0
P4154,Shoes 4154,Shoes,0,1.52,274,93,2499,20,Medium,34,0
P4155,T-Shirt 4155,T-Shirt,33,6.25,20,100,3999,40,Medium,79,0
P4156,Accessories 4156,Accessories,61,0.81,68,58,799,50,High,5,1
P4157,Jeans 4157,Jeans,78,12.25,243,185,1499,5,Medium,67,0
P4158,Jacket 4158,Jacket,107,1.57,20,284,3999,30,Low,61,1
P4159,Jeans 4159,Jeans,77,3.54,56,245,2499,15,Medium,8,0
P4160,T-Shirt 4160,T-Shirt,120,8.22,23,79,999,10,Medium,28,1
P4161,Shirt 4161,Shirt,92,0.83,97,345,3999,15,High,70,1
P4162,Jeans 4162,Jeans,97,2.19,265,78,799,0,Low,79,1
P4163,T-Shirt 4163,T-Shirt,81,5.91,21,74,799,0,Medium,5,0
P4164,Accessories 4164,Accessories,117,0.54,115,11,2999,10,Low,43,1
P4165,Dress 4165,Dress,70,4.75,98,345,1299,30,Low,63,1
P4166,Hoodie 4166,Hoodie,92,4.25,14,244,3999,5,Medium,66,0
P4167,Accessories 4167,Accessories,118,0.46,216,127,4999,40,Low,43,1
P4168,Jacket 4168,Jacket,30,0.38,241,217,3999,40,Medium,77,1
P4169,T-Shirt 4169,T-Shirt,63,0.33,258,268,799,0,Medium,13,1
P4170,Jeans 4170,Jeans,24,4.11,20,331,799,0,Low,8,0
P4171,Jacket 4171,Jacket,37,1.78,148,64,2499,10,Medium,99,0
P4172,Hoodie 4172,Hoodie,13,0.75,46,49,799,5,Low,22,0
P4173,Dress 4173,Dress,7,6.56,7,203,3999,50,High,56,0
P4174,Shirt 4174,Shirt,90,8.65,160,78,2499,50,Low,56,0
P4175,Jacket 4175,Jacket,53,8.3,177,97,1999,15,Low,14,0
P4176,Shirt 4176,Shirt,1,3.56,28,43,2499,20,Medium,63,0
P4177,T-Shirt 4177,T-Shirt,80,0.4,279,320,1499,10,High,6,1
P4178,Hoodie 4178,Hoodie,100,0.72,79,243,799,5,High,19,1
P4179,Jeans 4179,Jeans,77,1.15,44,299,2999,20,Low,63,1
P4180,Hoodie 4180,Hoodie,88,1.88,44,160,4999,40,Low,18,1
P4181,Hoodie 4181,Hoodie,55,8.14,66,176,1499,10,Medium,5,0
P4182,Shoes 4182,Shoes,93,4.34,242,278,1499,15,High,50,1
P4183,Hoodie 4183,Hoodie,92,3.4,249,116,4999,15,Medium,38,1
P4184,Hoodie 4184,Hoodie,83,3.69,22,157,1499,5,Medium,64,0
P4185,Accessories 4185,Accessories,84,6.3,144,137,1499,5,Low,70,0
P4186,Jacket 4186,Jacket,60,6.03,86,274,3999,15,Low,98,0
P4187,Jeans 4187,Jeans,116,3.37,193,29,1499,15,Medium,24,1
P4188,Accessories 4188,Accessories,21,7.22,112,145,4999,10,Low,22,0
P4189,Accessories 4189,Accessories,34,2.22,238,314,3999,30,Low,88,0
P4190,Jacket 4190,Jacket,100,5.78,272,245,1999,40,Low,57,1
P4191,Jacket 4191,Jacket,15,7.08,108,198,4999,30,Medium,10,0
P4192,T-Shirt 4192,T-Shirt,49,6.26,138,133,3999,5,Low,33,1
P4193,Jacket 4193,Jacket,112,1.37,37,35,1499,20,Medium,30,1
P4194,Shoes 4194,Shoes,42,2.78,241,127,1499,15,High,37,1
P4195,Shoes 4195,Shoes,16,0.51,182,204,799,20,Low,45,1
P4196,Accessories 4196,Accessories,79,0.96,16,180,1499,5,Medium,11,1
P4197,Shirt 4197,Shirt,57,2.64,233,150,3999,40,High,8,1
P4198,T-Shirt 4198,T-Shirt,118,3.5,273,185,1999,5,Medium,12,1
P4199,Shirt 4199,Shirt,1,4.33,135,363,2499,0,Low,63,0
P4200,Shirt 4200,Shirt,3,0.94,253,17,1499,15,Low,19,1
P4201,Accessories 4201,Accessories,84,2.95,62,145,1999,40,Medium,58,1
P4202,Dress 4202,Dress,38,6.48,8,259,3999,30,Medium,84,0
P4203,Accessories 4203,Accessories,97,3.98,240,351,4999,30,Low,21,1
P4204,Jeans 4204,Jeans,93,4.91,177,320,1299,50,High,64,1
P4205,Jeans 4205,Jeans,5,3.51,40,25,1499,5,Medium,59,0
P4206,Jacket 4206,Jacket,80,1.74,283,166,799,5,Low,40,1
P4207,Jacket 4207,Jacket,102,1.26,241,312,1999,15,High,80,1
P4208,Dress 4208,Dress,88,2.78,279,128,1499,0,Low,44,1
P4209,Jacket 4209,Jacket,68,5.35,300,78,2499,0,Medium,3,1
P4210,Jeans 4210,Jeans,68,1.5,62,61,2499,0,Low,69,0
P4211,Shirt 4211,Shirt,19,2.16,22,175,2499,0,Medium,44,0
P4212,Accessories 4212,Accessories,63,3.35,40,105,1299,40,Low,57,0
P4213,Hoodie 4213,Hoodie,15,9.76,133,76,2999,10,Medium,82,0
P4214,Shoes 4214,Shoes,50,4.19,5,155,1299,15,Low,93,0
P4215,Hoodie 4215,Hoodie,104,4.09,68,123,2499,15,Medium,22,1
P4216,Hoodie 4216,Hoodie,36,2.46,66,32,799,15,Low,31,1
P4217,Jeans 4217,Jeans,103,10.02,150,254,3999,40,Low,62,1
P4218,Hoodie 4218,Hoodie,72,3.58,276,215,2999,30,Low,92,1
P4219,Accessories 4219,Accessories,68,6.66,21,233,4999,40,Low,7,0
P4220,Dress 4220,Dress,41,1.27,284,120,1299,0,Medium,84,0
P4221,T-Shirt 4221,T-Shirt,56,3.03,102,200,3999,0,High,80,1
P4222,Jacket 4222,Jacket,65,17.79,231,327,999,30,High,80,0
P4223,T-Shirt 4223,T-Shirt,8,3.65,247,16,4999,50,High,84,0
P4224,Shirt 4224,Shirt,106,2.38,205,101,799,40,Low,78,1
P4225,Accessories 4225,Accessories,99,6.84,183,127,2999,30,Low,90,0
P4226,Accessories 4226,Accessories,85,2.58,274,132,799,5,Medium,24,1
P4227,Shoes 4227,Shoes,63,2.73,238,43,2499,10,High,32,1
P4228,Accessories 4228,Accessories,85,0.56,116,75,799,30,Medium,65,1
P4229,Jacket 4229,Jacket,21,0.3,70,303,1499,15,Medium,15,1
P4230,Accessories 4230,Accessories,33,4.5,249,180,2999,10,Low,54,0
P4231,Hoodie 4231,Hoodie,54,2.2,249,51,999,40,Low,35,1
P4232,Shoes 4232,Shoes,28,5.13,76,129,1299,30,Medium,71,0
P4233,Jacket 4233,Jacket,37,4.26,53,33,1499,50,Medium,79,0
P4234,Dress 4234,Dress,109,3.52,194,199,2499,15,Low,6,1
P4235,Dress 4235,Dress,96,2.74,297,346,4999,0,High,68,1
P4236,Dress 4236,Dress,17,1.6,181,142,1499,40,High,86,0
P4237,Dress 4237,Dress,70,1.48,165,201,2499,0,High,7,1
P4238,Hoodie 4238,Hoodie,64,0.8,154,55,2999,15,High,2,0
P4239,Accessories 4239,Accessories,96,3.24,74,102,1499,50,Low,34,0
P4240,T-Shirt 4240,T-Shirt,0,9.78,37,127,2499,20,High,35,0
P4241,Jacket 4241,Jacket,87,12.88,288,255,1299,40,Medium,99,0
P4242,Hoodie 4242,Hoodie,3,1.55,264,223,1999,0,High,78,1
P4243,Dress 4243,Dress,3,6.14,81,120,1499,50,Low,29,0
P4244,Shirt 4244,Shirt,81,8.09,114,20,2999,50,Medium,14,0
P4245,Accessories 4245,Accessories,26,1.94,143,68,2499,5,Low,92,0
P4246,T-Shirt 4246,T-Shirt,42,5.54,39,49,2999,30,Low,67,0
P4247,Shirt 4247,Shirt,58,7.25,239,246,2499,0,High,97,1
P4248,Shoes 4248,Shoes,31,0.78,204,102,999,5,High,86,0
P4249,Shirt 4249,Shirt,32,4.64,155,33,2999,50,Medium,57,0
P4250,Shoes 4250,Shoes,27,1.28,38,330,3999,10,Medium,98,0
P4251,Shoes 4251,Shoes,105,4.78,128,248,2999,40,Medium,27,1
P4252,Dress 4252,Dress,104,3.33,36,246,1499,0,Medium,94,0
P4253,Shoes 4253,Shoes,54,0.61,276,310,1499,30,High,41,1
P4254,Jeans 4254,Jeans,99,1.81,128,73,1999,0,Medium,96,0
P4255,Jacket 4255,Jacket,59,1.62,82,287,4999,30,Medium,17,1
P4256,Jacket 4256,Jacket,69,7.06,80,198,1999,10,High,4,0
P4257,Dress 4257,Dress,61,3.1,64,125,999,30,Medium,8,1
P4258,Jeans 4258,Jeans,79,1.49,89,158,1999,5,Medium,83,1
P4259,Shirt 4259,Shirt,33,5.18,84,271,1299,20,High,8,1
P4260,Hoodie 4260,Hoodie,86,2.63,176,237,3999,40,High,17,1
P4261,Shirt 4261,Shirt,113,3.88,262,357,999,30,High,55,1
P4262,Accessories 4262,Accessories,105,2.9,283,255,1499,40,Medium,14,1
P4263,Hoodie 4263,Hoodie,87,12.59,225,65,1999,30,Medium,78,0
P4264,Shoes 4264,Shoes,55,3.85,50,23,1499,40,Low,77,1
P4265,T-Shirt 4265,T-Shirt,112,5.61,77,177,1999,5,Low,61,1
P4266,Hoodie 4266,Hoodie,12,7.03,58,357,1499,50,Medium,34,0
P4267,T-Shirt 4267,T-Shirt,55,3.12,225,138,1299,40,Low,39,1
P4268,Jacket 4268,Jacket,17,8.21,13,363,799,15,Medium,50,0
P4269,T-Shirt 4269,T-Shirt,53,6.19,176,142,1499,15,High,59,0
P4270,Jacket 4270,Jacket,76,0.36,88,48,4999,15,High,99,1
P4271,Jeans 4271,Jeans,112,1.73,16,311,799,30,Low,55,1
P4272,Jeans 4272,Jeans,100,3.16,36,12,2999,10,Medium,83,1
P4273,Dress 4273,Dress,42,3.45,293,335,1299,5,High,74,1
P4274,Dress 4274,Dress,38,1.98,276,176,3999,30,Medium,40,1
P4275,Shoes 4275,Shoes,60,4.54,182,294,2499,40,High,53,1
P4276,Hoodie 4276,Hoodie,41,2.57,118,344,799,0,High,16,1
P4277,Shoes 4277,Shoes,80,3.23,30,221,1999,30,Medium,24,1
P4278,Jacket 4278,Jacket,78,2.48,241,75,3999,15,Medium,92,1
P4279,Shoes 4279,Shoes,17,2.76,176,33,1299,5,Medium,86,0
P4280,T-Shirt 4280,T-Shirt,22,1.35,237,231,1499,0,Medium,8,1
P4281,Jacket 4281,Jacket,53,4.26,41,328,2999,50,Medium,55,0
P4282,Dress 4282,Dress,114,4.98,269,240,2499,5,High,88,1
P4283,Jeans 4283,Jeans,29,0.94,17,57,2999,10,High,22,0
P4284,Dress 4284,Dress,97,2.02,110,155,4999,15,Low,1,1
P4285,Hoodie 4285,Hoodie,57,3.41,130,81,4999,20,High,44,0
P4286,Jacket 4286,Jacket,67,9.49,134,312,999,30,Medium,64,0
P4287,Jacket 4287,Jacket,66,1.33,260,98,1299,40,High,37,1
P4288,T-Shirt 4288,T-Shirt,70,2.56,119,74,1499,15,Low,5,1
P4289,Hoodie 4289,Hoodie,119,2.22,128,241,2499,15,Low,47,1
P4290,Jeans 4290,Jeans,17,4.08,260,150,1999,10,Medium,43,0
P4291,Shirt 4291,Shirt,105,1.32,143,82,2499,0,Medium,78,1
P4292,Jacket 4292,Jacket,6,1.91,210,92,3999,15,Low,6,1
P4293,Jacket 4293,Jacket,39,12.36,51,233,999,0,High,65,0
P4294,T-Shirt 4294,T-Shirt,69,0.42,221,62,2499,0,Medium,61,1
P4295,Shoes 4295,Shoes,85,3.12,127,86,4999,10,High,29,1
P4296,Accessories 4296,Accessories,64,3.25,35,30,1999,15,Medium,92,0
P4297,Jeans 4297,Jeans,67,2.29,59,233,799,30,Low,75,1
P4298,Dress 4298,Dress,109,6.96,157,34,3999,10,Medium,51,1
P4299,Hoodie 4299,Hoodie,48,3.81,290,127,1499,10,High,97,0
P4300,Jacket 4300,Jacket,51,10.1,40,99,3999,20,Medium,93,0
P4301,Jacket 4301,Jacket,113,0.6,289,347,1499,30,Low,35,1
P4302,Dress 4302,Dress,106,4.52,260,118,3999,10,High,34,1
P4303,Jeans 4303,Jeans,28,4.02,182,351,4999,20,Low,65,0
P4304,Accessories 4304,Accessories,20,4.83,40,37,1999,50,Medium,49,0
P4305,Shoes 4305,Shoes,89,6.55,258,149,1999,0,Medium,2,1
P4306,Jacket 4306,Jacket,77,8.36,166,304,999,30,Medium,75,0
P4307,Accessories 4307,Accessories,8,11.34,25,233,4999,30,Low,3,0
P4308,Jeans 4308,Jeans,46,1.06,298,364,1499,0,High,54,1
P4309,Dress 4309,Dress,75,4.59,79,256,1299,50,High,51,0
P4310,T-Shirt 4310,T-Shirt,41,7.25,211,56,999,5,Medium,58,0
P4311,Shoes 4311,Shoes,50,3.08,182,220,1299,30,Low,70,1
P4312,Hoodie 4312,Hoodie,55,1.44,41,275,1499,50,Low,19,0
P4313,Jacket 4313,Jacket,50,1.47,124,294,4999,40,Low,18,1
P4314,Jeans 4314,Jeans,69,1.84,122,201,2499,5,Medium,7,0
P4315,T-Shirt 4315,T-Shirt,19,4.3,5,260,1999,0,Medium,66,0
P4316,Hoodie 4316,Hoodie,87,1.93,213,85,4999,15,Low,26,1
P4317,Shirt 4317,Shirt,26,3.39,212,250,3999,5,Medium,78,1
P4318,Jeans 4318,Jeans,37,0.79,158,97,2499,10,Medium,7,1
P4319,Jeans 4319,Jeans,71,0.78,254,12,1299,30,High,17,1
P4320,Hoodie 4320,Hoodie,64,5.19,175,287,2999,40,Medium,28,1
P4321,T-Shirt 4321,T-Shirt,53,0.14,111,156,2499,5,Medium,45,1
P4322,Shirt 4322,Shirt,112,8.72,147,330,3999,30,Medium,35,1
P4323,Accessories 4323,Accessories,112,4.33,12,288,2499,0,Medium,2,1
P4324,Accessories 4324,Accessories,23,0.96,98,197,1499,15,Medium,8,0
P4325,Dress 4325,Dress,46,4.15,101,280,2999,50,Medium,9,1
P4326,T-Shirt 4326,T-Shirt,70,2.28,11,79,2999,0,Medium,83,0
P4327,Shoes 4327,Shoes,82,1.4,278,324,3999,50,Medium,65,1
P4328,Jacket 4328,Jacket,85,7.49,16,74,999,15,High,0,0
P4329,Hoodie 4329,Hoodie,62,4.87,6,310,2499,50,Medium,90,0
P4330,Dress 4330,Dress,56,1.98,11,69,1299,30,Medium,3,1
P4331,Shirt 4331,Shirt,54,1.68,16,140,3999,5,High,47,0
P4332,Hoodie 4332,Hoodie,59,10.49,61,313,1499,10,Low,100,0
P4333,Hoodie 4333,Hoodie,98,4.42,82,274,1499,10,Medium,95,1
P4334,T-Shirt 4334,T-Shirt,61,3.44,78,229,999,50,High,17,1
P4335,Jacket 4335,Jacket,29,1.66,237,132,2499,50,Medium,77,0
P4336,Shoes 4336,Shoes,92,1.63,283,271,2499,50,Low,44,1
P4337,Accessories 4337,Accessories,21,12.43,34,13,799,0,Medium,14,0
P4338,Jeans 4338,Jeans,74,5.38,99,212,3999,30,Low,50,0
P4339,Jeans 4339,Jeans,83,3.2,60,185,1299,15,Medium,60,0
P4340,Hoodie 4340,Hoodie,28,0.88,14,189,799,50,Low,3,0
P4341,Accessories 4341,Accessories,114,2.16,151,234,799,5,Medium,18,1
P4342,Accessories 4342,Accessories,40,4.4,91,242,799,40,Medium,87,0
P4343,Jacket 4343,Jacket,41,7.24,257,152,1999,50,Medium,93,0
P4344,Shirt 4344,Shirt,97,3.63,191,64,1999,15,Medium,76,1
P4345,Shirt 4345,Shirt,64,7.17,237,302,799,15,Low,10,1
P4346,Dress 4346,Dress,30,3.66,257,247,1999,15,Medium,27,1
P4347,T-Shirt 4347,T-Shirt,29,6.75,228,351,2999,30,Medium,56,0
P4348,Jacket 4348,Jacket,111,2.7,8,293,1999,5,Low,74,1
P4349,Jacket 4349,Jacket,17,6.76,116,169,4999,30,High,53,0
P4350,T-Shirt 4350,T-Shirt,118,2.26,197,32,1499,40,Medium,64,1
P4351,Accessories 4351,Accessories,16,5.57,145,112,4999,15,Low,46,0
P4352,Shirt 4352,Shirt,37,3.9,144,246,3999,40,Low,3,1
P4353,Shirt 4353,Shirt,13,0.27,99,346,799,40,Low,33,0
P4354,Accessories 4354,Accessories,86,1.76,45,338,1499,30,Medium,75,1
P4355,Shirt 4355,Shirt,88,15.46,6,48,2999,50,Low,53,0
P4356,Hoodie 4356,Hoodie,78,4.85,282,139,799,50,Low,87,0
P4357,Jacket 4357,Jacket,109,2.17,154,323,3999,10,Medium,60,1
P4358,Jeans 4358,Jeans,55,0.86,45,50,999,0,High,100,1
P4359,T-Shirt 4359,T-Shirt,21,3.54,120,41,3999,20,Medium,95,0
P4360,Shirt 4360,Shirt,66,4.79,124,353,1499,50,High,82,1
P4361,Dress 4361,Dress,55,2.14,241,7,3999,15,Low,92,0
P4362,Shirt 4362,Shirt,118,4.08,274,232,799,40,Low,92,1
P4363,Shirt 4363,Shirt,18,7.54,295,305,1999,10,Low,82,0
P4364,Shoes 4364,Shoes,56,1.51,13,294,4999,30,High,19,1
P4365,Hoodie 4365,Hoodie,43,2.06,243,242,2999,40,Medium,2,1
P4366,T-Shirt 4366,T-Shirt,97,0.67,122,365,1299,10,Medium,39,1
P4367,Shoes 4367,Shoes,34,7.78,14,39,1499,0,Medium,68,0
P4368,Shoes 4368,Shoes,113,2.43,29,101,2999,0,Medium,22,1
P4369,Dress 4369,Dress,0,9.82,177,211,2499,20,Medium,68,0
P4370,Jacket 4370,Jacket,51,0.21,229,115,1499,20,Medium,93,1
P4371,Dress 4371,Dress,84,4.25,15,328,1299,40,High,31,1
P4372,Jacket 4372,Jacket,92,5.09,105,36,999,50,Medium,23,1
P4373,Jacket 4373,Jacket,69,4.85,269,272,4999,20,Medium,50,1
P4374,T-Shirt 4374,T-Shirt,36,6.12,87,29,1299,5,Medium,57,0
P4375,Shirt 4375,Shirt,64,3.9,280,103,2999,5,High,41,1
P4376,T-Shirt 4376,T-Shirt,50,3.73,265,45,799,10,Low,34,1
P4377,Hoodie 4377,Hoodie,0,0.72,225,179,3999,30,Low,31,1
P4378,Jacket 4378,Jacket,90,3.03,223,254,799,0,High,53,1
P4379,Shoes 4379,Shoes,20,3.81,93,168,999,15,Medium,44,0
P4380,Shirt 4380,Shirt,52,1.8,19,186,799,50,High,47,0
P4381,Jeans 4381,Jeans,15,1.58,250,109,1499,0,Medium,85,0
P4382,Hoodie 4382,Hoodie,107,4.8,180,215,999,5,Medium,84,0
P4383,T-Shirt 4383,T-Shirt,60,5.7,8,28,799,10,Low,91,0
P4384,Dress 4384,Dress,53,1.69,25,11,799,15,Medium,48,0
P4385,Hoodie 4385,Hoodie,39,2.75,212,145,999,20,Medium,33,0
P4386,Hoodie 4386,Hoodie,25,4.31,141,220,2499,20,Medium,15,0
P4387,Shirt 4387,Shirt,79,1.84,220,166,999,5,Low,10,1
P4388,Hoodie 4388,Hoodie,91,3.29,121,145,999,10,High,96,1
P4389,Hoodie 4389,Hoodie,64,3.99,183,151,3999,40,Medium,18,1
P4390,Jeans 4390,Jeans,99,11.01,250,166,1999,30,Low,91,0
P4391,Accessories 4391,Accessories,73,2.78,132,89,3999,0,High,28,0
P4392,Dress 4392,Dress,63,0.56,82,161,3999,5,Medium,100,1
P4393,Dress 4393,Dress,42,0.76,233,294,999,30,Medium,53,1
P4394,Dress 4394,Dress,16,1.83,297,323,2999,30,High,52,1
P4395,Jacket 4395,Jacket,120,2.49,266,287,4999,0,Low,66,1
P4396,Shoes 4396,Shoes,58,7.23,86,70,3999,15,Low,81,0
P4397,Accessories 4397,Accessories,22,2.9,70,198,4999,0,Medium,81,0
P4398,Dress 4398,Dress,6,4.87,100,162,3999,15,Low,75,0
P4399,Hoodie 4399,Hoodie,43,8.5,149,97,1499,50,High,81,0
P4400,Hoodie 4400,Hoodie,52,5.55,69,148,2999,30,High,31,0
P4401,Dress 4401,Dress,70,2.54,13,48,4999,10,Medium,99,0
P4402,Shirt 4402,Shirt,107,3.05,190,255,4999,5,High,82,1
P4403,Dress 4403,Dress,78,3.3,162,301,1499,0,Low,55,1
P4404,Hoodie 4404,Hoodie,33,8.88,35,264,2999,10,Medium,62,0
P4405,Jacket 4405,Jacket,45,6.79,155,343,2499,10,High,3,1
P4406,T-Shirt 4406,T-Shirt,108,6.52,246,7,1299,0,High,10,1
P4407,T-Shirt 4407,T-Shirt,67,4.61,160,115,2499,20,Medium,2,1
P4408,Accessories 4408,Accessories,77,3.92,63,131,3999,30,Low,26,1
P4409,Accessories 4409,Accessories,77,2.92,14,70,999,20,Low,79,1
P4410,Dress 4410,Dress,15,1.1,128,212,1299,15,Medium,43,1
P4411,Jeans 4411,Jeans,70,5.46,286,344,3999,50,Medium,17,1
P4412,Dress 4412,Dress,95,2.11,241,250,1499,10,Low,29,1
P4413,Shirt 4413,Shirt,18,6.05,21,84,1499,5,Medium,87,0
P4414,Dress 4414,Dress,1,0.43,27,117,999,5,High,69,0
P4415,Accessories 4415,Accessories,9,1.32,13,148,799,10,Medium,46,1
P4416,T-Shirt 4416,T-Shirt,49,6.64,211,222,2999,20,Low,33,1
P4417,Hoodie 4417,Hoodie,80,8.91,49,22,1499,30,High,75,0
P4418,Dress 4418,Dress,100,6.02,31,60,2499,10,Low,41,0
P4419,Hoodie 4419,Hoodie,11,1.51,192,147,3999,40,High,22,1
P4420,Hoodie 4420,Hoodie,69,7.01,144,342,2999,15,Low,99,0
P4421,Jeans 4421,Jeans,21,1.61,13,85,2999,10,Medium,39,0
P4422,Hoodie 4422,Hoodie,31,7.06,238,155,2499,0,Medium,14,0
P4423,T-Shirt 4423,T-Shirt,104,1.22,96,133,1499,20,Medium,79,1
P4424,Jacket 4424,Jacket,83,2.34,81,164,1499,0,Medium,56,1
P4425,Jacket 4425,Jacket,0,0.15,248,285,4999,0,Low,13,1
P4426,Shoes 4426,Shoes,53,1.31,159,44,1999,10,Medium,78,0
P4427,Shirt 4427,Shirt,110,5.42,222,163,4999,30,Medium,11,1
P4428,Dress 4428,Dress,116,11.67,289,339,4999,10,Low,34,1
P4429,Shirt 4429,Shirt,57,7.38,154,294,1499,30,High,24,0
P4430,T-Shirt 4430,T-Shirt,69,5.86,92,118,999,5,High,77,0
P4431,Hoodie 4431,Hoodie,82,0.77,110,196,999,30,High,1,1
P4432,Jacket 4432,Jacket,17,2.37,298,112,4999,50,Medium,17,1
P4433,Shirt 4433,Shirt,5,9.97,99,97,4999,0,Low,34,0
P4434,T-Shirt 4434,T-Shirt,44,3.47,257,360,1299,50,Medium,8,1
P4435,Jacket 4435,Jacket,96,1.06,43,307,1999,10,High,10,1
P4436,Hoodie 4436,Hoodie,22,2.36,259,55,1999,50,Low,89,0
P4437,Shirt 4437,Shirt,22,0.33,58,167,999,5,Medium,66,0
P4438,Jacket 4438,Jacket,25,6.31,247,10,999,40,Medium,68,0
P4439,Dress 4439,Dress,76,0.87,114,204,799,0,Low,95,1
P4440,Accessories 4440,Accessories,6,3.34,258,326,999,5,Medium,73,1
P4441,Dress 4441,Dress,78,1.03,116,260,2999,20,High,37,1
P4442,Shoes 4442,Shoes,43,3.83,178,96,799,15,Medium,69,0
P4443,Shoes 4443,Shoes,26,6.06,193,318,799,0,Low,74,0
P4444,Jacket 4444,Jacket,25,2.13,225,26,4999,10,Medium,80,1
P4445,Accessories 4445,Accessories,96,8.25,253,83,999,30,Low,58,1
P4446,T-Shirt 4446,T-Shirt,78,5.62,56,226,1499,20,Medium,65,1
P4447,Dress 4447,Dress,35,4.95,166,168,1299,50,High,40,1
P4448,T-Shirt 4448,T-Shirt,108,8.07,39,349,1499,40,Medium,23,1
P4449,Accessories 4449,Accessories,54,3.88,41,121,2999,5,Medium,49,0
P4450,T-Shirt 4450,T-Shirt,63,2.5,115,100,999,15,Medium,4,1
P4451,Accessories 4451,Accessories,90,4.49,181,139,999,30,Medium,20,1
P4452,Jacket 4452,Jacket,56,1.09,13,178,4999,0,Medium,5,1
P4453,T-Shirt 4453,T-Shirt,68,6.48,279,120,2499,15,High,3,1
P4454,Dress 4454,Dress,60,6.49,125,15,2999,50,Medium,8,0
P4455,Hoodie 4455,Hoodie,1,2.79,109,305,1999,20,High,68,0
P4456,Shoes 4456,Shoes,54,2.01,160,266,1999,50,High,67,1
P4457,Hoodie 4457,Hoodie,96,3.96,30,176,1499,15,High,8,0
P4458,T-Shirt 4458,T-Shirt,79,0.93,300,327,3999,50,High,17,1
P4459,Hoodie 4459,Hoodie,86,2.45,29,104,2999,0,Low,58,0
P4460,Dress 4460,Dress,37,7.79,73,175,999,20,Medium,42,0
P4461,Dress 4461,Dress,118,1.33,155,317,999,5,Medium,79,1
P4462,T-Shirt 4462,T-Shirt,79,8.52,69,224,2499,0,Medium,65,0
P4463,Jacket 4463,Jacket,77,4.65,154,349,799,15,High,28,1
P4464,Hoodie 4464,Hoodie,28,5.1,249,352,2999,0,Low,47,1
P4465,Jacket 4465,Jacket,25,2.03,62,50,3999,50,Low,50,0
P4466,Jacket 4466,Jacket,34,1.53,160,267,3999,50,High,41,1
P4467,Accessories 4467,Accessories,78,2.68,116,291,1299,50,Low,35,1
P4468,Jeans 4468,Jeans,66,10.23,127,132,2999,20,Low,75,0
P4469,T-Shirt 4469,T-Shirt,86,1.94,207,266,799,15,Medium,44,1
P4470,Shoes 4470,Shoes,28,0.26,8,361,1299,5,High,100,0
P4471,Dress 4471,Dress,33,3.65,133,220,2499,40,Medium,97,0
P4472,Dress 4472,Dress,96,7.44,30,311,4999,40,High,34,1
P4473,T-Shirt 4473,T-Shirt,40,3.99,293,206,1999,30,Low,5,1
P4474,Accessories 4474,Accessories,40,10.69,31,242,1999,10,High,36,0
P4475,Shirt 4475,Shirt,22,5.38,46,347,4999,5,Low,35,1
P4476,Shirt 4476,Shirt,70,4.03,75,142,4999,0,Low,83,0
P4477,Shirt 4477,Shirt,2,2.65,68,122,2499,10,Medium,15,0
P4478,Accessories 4478,Accessories,57,4.9,29,161,1999,30,Low,71,0
P4479,Shoes 4479,Shoes,31,0.73,76,347,999,30,Medium,21,1
P4480,Dress 4480,Dress,30,10.24,272,323,3999,50,Medium,68,0
P4481,T-Shirt 4481,T-Shirt,81,6.08,99,348,3999,20,Low,68,1
P4482,Accessories 4482,Accessories,42,6.05,121,24,2999,30,High,62,0
P4483,Dress 4483,Dress,6,3.23,168,10,3999,40,Medium,74,0
P4484,Jacket 4484,Jacket,104,8.35,282,171,1299,15,High,18,1
P4485,Hoodie 4485,Hoodie,0,2.89,69,133,1299,50,High,80,0
P4486,Hoodie 4486,Hoodie,60,2.15,264,219,999,15,Low,100,1
P4487,Accessories 4487,Accessories,13,3.49,232,54,799,20,Medium,17,1
P4488,Dress 4488,Dress,51,6.22,204,52,1299,30,Medium,72,0
P4489,Jeans 4489,Jeans,95,1.84,224,52,1299,0,High,16,1
P4490,Shoes 4490,Shoes,5,1.58,184,54,2999,5,High,40,0
P4491,Shirt 4491,Shirt,102,1.52,232,193,4999,50,Medium,32,1
P4492,Shoes 4492,Shoes,9,2.28,256,126,799,40,Low,83,0
P4493,Shoes 4493,Shoes,70,6.66,8,138,3999,10,Medium,54,0
P4494,Accessories 4494,Accessories,89,3.84,145,25,799,20,High,81,0
P4495,Jacket 4495,Jacket,97,1.14,170,281,1299,50,Medium,23,1
P4496,Shoes 4496,Shoes,29,14.18,258,238,1499,30,High,76,0
P4497,Hoodie 4497,Hoodie,99,0.97,157,48,3999,0,Medium,39,1
P4498,Jacket 4498,Jacket,20,2.3,71,98,799,50,Low,27,0
P4499,T-Shirt 4499,T-Shirt,59,1.47,59,267,999,0,High,66,1
P4500,Shoes 4500,Shoes,80,1.88,100,54,1999,10,High,99,1
P4501,Shoes 4501,Shoes,96,3.52,171,288,2499,50,Low,74,1
P4502,T-Shirt 4502,T-Shirt,73,2.81,66,80,1999,20,Low,38,1
P4503,Shoes 4503,Shoes,114,1.69,178,222,1299,5,Medium,20,1
P4504,T-Shirt 4504,T-Shirt,62,4.25,257,227,2999,40,High,36,1
P4505,Jacket 4505,Jacket,110,4.73,116,115,799,5,Medium,1,1
P4506,Hoodie 4506,Hoodie,41,5.36,219,141,999,20,Low,5,1
P4507,T-Shirt 4507,T-Shirt,50,3.56,243,349,4999,15,Medium,51,1
P4508,Jeans 4508,Jeans,63,4.59,231,244,1499,40,Medium,4,0
P4509,Accessories 4509,Accessories,75,5.27,234,161,3999,30,Medium,46,1
P4510,Accessories 4510,Accessories,55,1.92,237,335,4999,5,Medium,42,1
P4511,T-Shirt 4511,T-Shirt,79,12.03,167,62,2999,15,High,95,0
P4512,Accessories 4512,Accessories,40,9.99,130,204,799,20,Medium,100,0
P4513,Shoes 4513,Shoes,31,6.16,257,321,1999,30,Medium,39,1
P4514,Shirt 4514,Shirt,14,2.51,203,44,2499,0,Medium,10,0
P4515,Shirt 4515,Shirt,61,0.44,201,347,3999,20,Medium,80,1
P4516,Accessories 4516,Accessories,26,0.58,126,345,3999,0,Medium,13,1
P4517,Jacket 4517,Jacket,27,2.67,268,223,4999,50,Medium,1,1
P4518,Dress 4518,Dress,80,10.04,58,237,4999,20,Medium,38,0
P4519,Jacket 4519,Jacket,63,2.91,139,348,1499,40,High,62,0
P4520,Dress 4520,Dress,109,1.45,155,263,2499,15,High,62,1
P4521,Shirt 4521,Shirt,58,1.53,104,215,1299,30,Medium,17,1
P4522,Shirt 4522,Shirt,113,9.9,238,207,799,15,High,96,0
P4523,T-Shirt 4523,T-Shirt,57,2.72,36,143,2499,30,High,93,1
P4524,Hoodie 4524,Hoodie,1,9.5,66,134,799,40,High,78,0
P4525,Jeans 4525,Jeans,35,1.37,200,59,4999,20,Low,92,1
P4526,Jacket 4526,Jacket,113,1.61,34,350,2499,0,Medium,89,1
P4527,Shoes 4527,Shoes,70,2.24,247,90,799,20,Medium,0,1
P4528,Dress 4528,Dress,12,4.82,110,215,1299,0,Medium,16,0
P4529,Accessories 4529,Accessories,14,5.69,299,339,799,15,Low,53,0
P4530,Shoes 4530,Shoes,88,1.79,137,291,999,10,Medium,38,1
P4531,Hoodie 4531,Hoodie,86,1.99,26,42,2499,5,Medium,47,0
P4532,Dress 4532,Dress,59,0.82,160,221,2999,15,High,65,1
P4533,Jacket 4533,Jacket,21,0.79,218,33,799,20,High,14,1
P4534,T-Shirt 4534,T-Shirt,62,1.48,230,152,1999,20,Low,21,1
P4535,Shoes 4535,Shoes,89,8.89,289,24,2499,0,Low,19,1
P4536,Hoodie 4536,Hoodie,96,1.46,175,124,1499,5,Medium,92,1
P4537,Jacket 4537,Jacket,74,3.58,46,143,2499,30,Medium,88,0
P4538,Shirt 4538,Shirt,73,2.48,64,73,1999,15,Medium,42,1
P4539,Shirt 4539,Shirt,24,1.36,81,320,2999,40,High,55,0
P4540,Jacket 4540,Jacket,100,5.18,206,36,1499,5,High,23,1
P4541,Jacket 4541,Jacket,47,2.04,224,79,799,50,Low,97,0
P4542,Jacket 4542,Jacket,42,6.38,191,129,999,5,Medium,42,0
P4543,Dress 4543,Dress,116,6.52,100,234,2499,15,High,20,1
P4544,Jacket 4544,Jacket,37,2.12,216,344,999,0,High,47,1
P4545,Shoes 4545,Shoes,40,5.79,266,279,1999,30,Low,65,1
P4546,Hoodie 4546,Hoodie,44,5.77,81,252,1499,0,Low,15,0
P4547,Dress 4547,Dress,87,2.61,35,45,2999,40,Low,39,1
P4548,Jacket 4548,Jacket,39,2.34,43,176,1499,0,High,20,1
P4549,Jeans 4549,Jeans,109,4.26,218,321,2999,10,Medium,51,1
P4550,Accessories 4550,Accessories,119,11.44,130,108,3999,5,Medium,100,0
P4551,Jeans 4551,Jeans,96,7.4,169,300,2999,10,Low,7,1
P4552,Hoodie 4552,Hoodie,16,3.51,250,249,999,0,Low,77,1
P4553,Shirt 4553,Shirt,87,0.44,113,163,799,30,Medium,54,1
P4554,T-Shirt 4554,T-Shirt,100,3.24,92,271,1999,15,Medium,85,0
P4555,T-Shirt 4555,T-Shirt,56,0.43,204,263,2999,5,Medium,81,1
P4556,Accessories 4556,Accessories,1,0.68,275,364,799,15,Low,57,1
P4557,Shirt 4557,Shirt,95,1.66,55,349,3999,20,Medium,4,1
P4558,Dress 4558,Dress,120,3.58,202,129,1299,5,High,41,1
P4559,Dress 4559,Dress,61,1.85,27,53,2999,15,Low,29,1
P4560,Dress 4560,Dress,87,7.9,157,338,1299,0,High,94,1
P4561,T-Shirt 4561,T-Shirt,8,3.26,227,16,1499,10,Low,8,0
P4562,Jeans 4562,Jeans,67,1.92,225,150,3999,15,Low,94,1
P4563,T-Shirt 4563,T-Shirt,80,5.47,155,305,999,40,Medium,94,1
P4564,Shoes 4564,Shoes,16,1.73,270,158,2499,30,High,40,1
P4565,Jacket 4565,Jacket,116,3.65,77,142,4999,50,Medium,50,1
P4566,Dress 4566,Dress,49,0.2,81,81,4999,20,Medium,56,0
P4567,Jeans 4567,Jeans,111,1.71,36,32,1999,0,Medium,72,1
P4568,Hoodie 4568,Hoodie,93,7.55,69,13,1299,40,Low,100,0
P4569,Accessories 4569,Accessories,39,4.64,22,85,2499,20,Low,60,0
P4570,Hoodie 4570,Hoodie,57,3.96,168,21,4999,30,High,5,1
P4571,Jacket 4571,Jacket,74,5.2,291,213,2499,30,Low,25,1
P4572,Jeans 4572,Jeans,84,7.59,58,95,1499,10,Medium,73,0
P4573,T-Shirt 4573,T-Shirt,20,3.2,67,103,1999,50,High,5,1
P4574,T-Shirt 4574,T-Shirt,17,2.12,261,222,2999,20,Low,52,0
P4575,Shoes 4575,Shoes,54,5.75,243,265,1299,30,Medium,60,1
P4576,Shoes 4576,Shoes,28,2.8,13,335,4999,15,Low,32,0
P4577,T-Shirt 4577,T-Shirt,23,2.08,124,293,799,30,Low,44,0
P4578,Hoodie 4578,Hoodie,73,2.52,94,81,3999,30,Low,93,0
P4579,Accessories 4579,Accessories,108,4.62,179,248,1999,50,Medium,39,1
P4580,Dress 4580,Dress,16,0.52,7,23,4999,15,Medium,23,0
P4581,Hoodie 4581,Hoodie,17,4.69,134,183,999,0,Medium,91,0
P4582,Accessories 4582,Accessories,41,1.19,58,265,799,10,High,44,1
P4583,Shoes 4583,Shoes,111,1.84,297,129,2999,10,Low,37,1
P4584,Jacket 4584,Jacket,83,0.92,188,317,4999,5,Medium,28,1
P4585,Accessories 4585,Accessories,100,5.35,228,117,1999,40,Medium,78,1
P4586,T-Shirt 4586,T-Shirt,44,3.97,16,262,1499,5,Low,7,0
P4587,Shoes 4587,Shoes,81,1.19,199,240,1499,15,Low,63,1
P4588,Shoes 4588,Shoes,16,5.97,251,362,3999,30,Medium,86,0
P4589,Dress 4589,Dress,72,0.69,158,46,799,20,High,72,1
P4590,T-Shirt 4590,T-Shirt,13,2.4,82,128,799,30,High,50,0
P4591,Dress 4591,Dress,48,0.87,144,221,3999,30,Low,74,0
P4592,T-Shirt 4592,T-Shirt,28,2.86,94,302,999,20,High,5,1
P4593,Dress 4593,Dress,94,2.08,148,292,2499,0,High,46,1
P4594,Accessories 4594,Accessories,3,1.08,76,287,999,10,Medium,48,0
P4595,Hoodie 4595,Hoodie,81,3.29,181,13,1999,50,Low,75,0
P4596,Jacket 4596,Jacket,19,1.28,267,98,1299,15,High,97,1
P4597,Jacket 4597,Jacket,119,0.29,275,129,2999,20,Medium,84,1
P4598,T-Shirt 4598,T-Shirt,119,0.67,109,343,4999,50,High,31,1
P4599,Jeans 4599,Jeans,46,2.37,76,102,999,5,Medium,53,0
P4600,Shirt 4600,Shirt,106,2.65,78,7,2999,15,Medium,35,1
P4601,Shoes 4601,Shoes,107,1.59,147,97,3999,0,Low,88,0
P4602,Shoes 4602,Shoes,8,8.57,66,13,3999,15,High,98,0
P4603,T-Shirt 4603,T-Shirt,76,4.2,150,126,2999,20,Low,97,0
P4604,Accessories 4604,Accessories,78,4.44,50,356,1499,40,Low,18,1
P4605,Dress 4605,Dress,26,1.45,233,135,1499,0,Medium,36,0
P4606,Jeans 4606,Jeans,14,1.29,109,185,4999,30,Medium,16,1
P4607,Hoodie 4607,Hoodie,91,3.77,113,104,4999,5,Low,79,0
P4608,Dress 4608,Dress,100,2.61,125,49,1999,5,Medium,15,1
P4609,Dress 4609,Dress,118,4.04,47,189,2999,20,Medium,57,1
P4610,T-Shirt 4610,T-Shirt,18,2.58,103,191,2999,0,Medium,43,1
P4611,T-Shirt 4611,T-Shirt,89,5.51,198,59,4999,5,Low,67,1
P4612,Accessories 4612,Accessories,51,3.31,218,234,2999,50,Medium,48,1
P4613,Shoes 4613,Shoes,25,2.86,233,167,3999,0,Low,93,0
P4614,T-Shirt 4614,T-Shirt,88,4.71,189,241,2999,15,Low,50,1
P4615,T-Shirt 4615,T-Shirt,25,9.37,116,364,1499,40,Medium,97,0
P4616,T-Shirt 4616,T-Shirt,25,5.28,276,206,999,10,Medium,4,0
P4617,Accessories 4617,Accessories,45,1.0,106,7,1299,10,Low,96,0
P4618,Shoes 4618,Shoes,91,2.79,214,20,2999,10,Medium,57,1
P4619,Hoodie 4619,Hoodie,48,2.87,231,219,4999,5,Low,45,1
P4620,Hoodie 4620,Hoodie,81,4.12,285,283,999,20,Low,54,1
P4621,Shirt 4621,Shirt,95,2.35,26,40,2999,10,Medium,72,0
P4622,Shirt 4622,Shirt,52,3.24,252,276,1499,30,Medium,16,1
P4623,T-Shirt 4623,T-Shirt,2,3.44,163,174,2999,40,Medium,11,0
P4624,Shirt 4624,Shirt,65,3.96,233,176,1999,20,Medium,23,1
P4625,Shoes 4625,Shoes,96,0.99,191,88,2999,40,Medium,55,1
P4626,Accessories 4626,Accessories,41,1.14,147,322,2499,10,High,54,1
P4627,Hoodie 4627,Hoodie,18,11.31,28,143,999,50,Low,75,0
P4628,Dress 4628,Dress,16,0.38,145,239,2999,15,Low,78,0
P4629,Hoodie 4629,Hoodie,107,3.41,244,121,1999,50,Medium,15,1
P4630,Hoodie 4630,Hoodie,32,5.27,296,258,4999,50,Medium,86,0
P4631,Shoes 4631,Shoes,75,1.35,86,295,799,40,Medium,81,1
P4632,Shirt 4632,Shirt,48,7.37,52,55,799,10,Low,21,0
P4633,Dress 4633,Dress,55,3.34,175,10,999,50,Medium,43,1
P4634,Shoes 4634,Shoes,62,9.57,266,182,3999,20,High,94,0
P4635,T-Shirt 4635,T-Shirt,2,1.47,72,278,4999,5,Medium,42,0
P4636,Accessories 4636,Accessories,106,2.82,18,32,2999,40,Medium,78,1
P4637,Jacket 4637,Jacket,48,2.17,34,76,799,50,Low,20,0
P4638,Hoodie 4638,Hoodie,54,1.93,114,299,2999,30,Low,7,1
P4639,Jacket 4639,Jacket,25,2.03,216,240,3999,50,Low,48,1
P4640,Accessories 4640,Accessories,98,2.5,268,237,2999,15,Medium,99,1
P4641,Accessories 4641,Accessories,71,2.34,206,269,1999,20,High,5,1
P4642,Shoes 4642,Shoes,51,5.71,88,292,2999,0,High,80,0
P4643,Shoes 4643,Shoes,99,5.39,57,80,999,10,Medium,46,0
P4644,Shoes 4644,Shoes,116,0.73,260,127,4999,15,High,35,1
P4645,Jacket 4645,Jacket,117,2.02,78,12,999,5,Medium,91,0
P4646,Shoes 4646,Shoes,6,4.27,224,30,999,40,Medium,22,0
P4647,Accessories 4647,Accessories,45,3.99,147,200,1999,0,Low,30,0
P4648,T-Shirt 4648,T-Shirt,45,2.7,104,174,3999,40,Medium,74,0
P4649,Shoes 4649,Shoes,99,3.23,133,347,2499,10,Low,61,1
P4650,Jeans 4650,Jeans,15,2.4,223,216,4999,15,Medium,83,0
P4651,Shirt 4651,Shirt,23,6.07,275,139,2499,30,High,95,0
P4652,Jacket 4652,Jacket,60,5.62,26,351,1999,20,Low,80,0
P4653,Jeans 4653,Jeans,53,2.56,182,298,799,40,Low,56,1
P4654,Shoes 4654,Shoes,61,3.11,52,180,3999,10,Low,69,0
P4655,Accessories 4655,Accessories,0,2.56,121,157,1299,15,Medium,64,0
P4656,T-Shirt 4656,T-Shirt,48,2.91,183,94,999,10,Low,36,1
P4657,Hoodie 4657,Hoodie,24,6.71,277,307,2999,30,Medium,67,0
P4658,Dress 4658,Dress,9,2.34,183,272,999,15,Medium,94,0
P4659,Shirt 4659,Shirt,117,1.94,53,316,799,20,Medium,74,1
P4660,Dress 4660,Dress,79,3.09,259,76,999,10,Low,16,1
P4661,Shoes 4661,Shoes,15,2.54,34,211,2499,40,High,6,0
P4662,Shirt 4662,Shirt,57,1.7,89,347,999,15,Medium,51,1
P4663,Shirt 4663,Shirt,71,5.1,281,38,799,40,Medium,34,1
P4664,T-Shirt 4664,T-Shirt,28,5.5,38,49,799,0,Medium,1,0
P4665,Shirt 4665,Shirt,102,3.56,102,124,1499,5,Medium,39,1
P4666,Jacket 4666,Jacket,91,1.86,80,21,3999,30,Low,36,1
P4667,Jeans 4667,Jeans,5,6.09,179,328,2499,15,Medium,56,1
P4668,Jeans 4668,Jeans,15,1.09,253,121,1499,40,Medium,100,1
P4669,Jeans 4669,Jeans,19,2.73,138,343,2499,50,Medium,9,0
P4670,Jacket 4670,Jacket,79,11.07,182,26,2499,50,Low,75,0
P4671,Dress 4671,Dress,70,3.62,232,184,4999,15,Low,80,0
P4672,T-Shirt 4672,T-Shirt,104,2.46,67,268,1499,15,Medium,45,1
P4673,Shirt 4673,Shirt,77,4.44,272,85,2499,50,Low,89,1
P4674,Jacket 4674,Jacket,42,4.44,262,126,799,10,High,4,1
P4675,Jeans 4675,Jeans,25,7.21,148,32,2999,30,Low,4,0
P4676,Shoes 4676,Shoes,89,1.6,56,28,2999,5,Medium,26,1
P4677,Hoodie 4677,Hoodie,77,4.55,103,207,799,30,Medium,4,1
P4678,Shirt 4678,Shirt,70,3.09,49,70,3999,10,High,60,0
P4679,Jacket 4679,Jacket,32,3.38,46,220,1999,40,Medium,7,1
P4680,Accessories 4680,Accessories,25,3.0,61,320,4999,15,Low,30,0
P4681,Jacket 4681,Jacket,120,2.96,37,299,3999,30,Low,96,1
P4682,T-Shirt 4682,T-Shirt,44,0.75,118,84,1299,15,Medium,20,0
P4683,T-Shirt 4683,T-Shirt,83,2.25,118,222,799,5,Medium,98,0
P4684,Jacket 4684,Jacket,62,3.02,60,230,1299,0,Medium,20,1
P4685,Jeans 4685,Jeans,66,4.15,48,34,999,10,Low,50,1
P4686,Hoodie 4686,Hoodie,51,3.4,216,311,999,0,High,78,1
P4687,Shirt 4687,Shirt,67,3.3,38,207,1499,30,Low,99,0
P4688,T-Shirt 4688,T-Shirt,25,4.83,274,73,999,15,Medium,58,0
P4689,Shirt 4689,Shirt,74,8.12,200,365,3999,40,High,1,1
P4690,Jeans 4690,Jeans,1,2.72,129,132,1999,40,Medium,29,1
P4691,Shirt 4691,Shirt,13,1.58,83,355,799,15,Medium,57,1
P4692,Shoes 4692,Shoes,107,6.04,259,201,2499,20,Low,91,1
P4693,T-Shirt 4693,T-Shirt,29,4.52,149,180,2999,20,High,80,1
P4694,Jeans 4694,Jeans,48,2.56,87,93,799,0,Low,19,1
P4695,Jeans 4695,Jeans,11,6.16,234,349,1299,20,Medium,39,0
P4696,Hoodie 4696,Hoodie,89,1.54,141,317,4999,40,High,28,1
P4697,Hoodie 4697,Hoodie,43,2.74,31,160,2999,30,Low,4,0
P4698,Shoes 4698,Shoes,32,2.49,181,216,1499,50,Medium,88,0
P4699,Jeans 4699,Jeans,12,6.37,211,19,2499,5,High,9,0
P4700,Dress 4700,Dress,77,3.94,217,170,2499,30,Medium,82,1
P4701,Jeans 4701,Jeans,87,1.16,41,261,1299,0,Medium,60,0
P4702,Hoodie 4702,Hoodie,97,13.44,297,70,999,30,High,0,0
P4703,Dress 4703,Dress,107,4.7,183,313,1999,20,Medium,46,1
P4704,T-Shirt 4704,T-Shirt,25,1.84,164,82,3999,20,Medium,97,0
P4705,T-Shirt 4705,T-Shirt,20,7.71,16,28,1299,5,Medium,56,0
P4706,Shirt 4706,Shirt,27,3.19,173,66,1999,50,Low,13,0
P4707,Jacket 4707,Jacket,47,2.86,84,62,1299,30,Low,24,1
P4708,Hoodie 4708,Hoodie,99,3.0,18,174,2999,5,Low,89,1
P4709,Jacket 4709,Jacket,39,3.17,58,211,2499,40,Low,20,0
P4710,Dress 4710,Dress,65,3.09,258,359,2499,0,Low,15,1
P4711,Hoodie 4711,Hoodie,105,2.89,69,265,799,10,Medium,73,1
P4712,Shoes 4712,Shoes,72,2.1,62,197,999,50,Low,31,1
P4713,Jeans 4713,Jeans,86,1.73,100,61,2499,30,High,44,1
P4714,Shoes 4714,Shoes,78,3.59,25,346,3999,40,High,63,0
P4715,Dress 4715,Dress,76,1.75,264,290,1999,40,Medium,83,1
P4716,Hoodie 4716,Hoodie,22,4.04,77,270,999,30,Medium,72,0
P4717,Accessories 4717,Accessories,80,7.46,252,265,1999,5,Low,59,1
P4718,Dress 4718,Dress,47,3.16,131,356,4999,20,Medium,97,1
P4719,Accessories 4719,Accessories,1,3.71,50,95,2499,0,Medium,94,0
P4720,Jeans 4720,Jeans,83,6.39,272,228,1999,10,High,18,1
P4721,T-Shirt 4721,T-Shirt,19,2.7,132,356,2499,30,Low,46,1
P4722,T-Shirt 4722,T-Shirt,58,2.0,34,95,4999,0,Medium,94,0
P4723,Dress 4723,Dress,45,0.2,98,65,2999,20,Medium,63,0
P4724,Jacket 4724,Jacket,2,3.48,228,158,1299,50,Medium,29,1
P4725,Hoodie 4725,Hoodie,54,2.02,104,34,1999,10,Low,46,0
P4726,Hoodie 4726,Hoodie,11,2.55,75,231,1499,10,Medium,87,0
P4727,T-Shirt 4727,T-Shirt,39,0.36,85,324,1999,40,Medium,32,0
P4728,Shirt 4728,Shirt,65,2.54,112,57,3999,5,Medium,81,0
P4729,Shoes 4729,Shoes,99,1.2,106,269,2499,15,Medium,20,1
P4730,Shirt 4730,Shirt,77,1.0,95,285,1499,20,Low,94,1
P4731,Jeans 4731,Jeans,15,1.35,20,52,1999,15,Low,62,0
P4732,Shoes 4732,Shoes,82,1.21,114,340,2999,20,Low,41,1
P4733,Shoes 4733,Shoes,33,5.68,267,112,3999,0,Low,60,0
P4734,Dress 4734,Dress,43,6.62,164,290,1999,15,Low,42,0
P4735,T-Shirt 4735,T-Shirt,109,3.52,257,30,999,40,Low,67,1
P4736,Shirt 4736,Shirt,5,9.43,93,13,2499,30,Low,25,0
P4737,Shirt 4737,Shirt,76,2.44,99,341,4999,50,Medium,32,0
P4738,T-Shirt 4738,T-Shirt,63,1.52,276,9,1299,40,High,32,1
P4739,Shirt 4739,Shirt,99,3.03,251,264,2999,40,Medium,48,1
P4740,Accessories 4740,Accessories,21,1.38,210,269,3999,30,Medium,83,1
P4741,T-Shirt 4741,T-Shirt,17,3.27,290,127,2499,30,High,40,1
P4742,Dress 4742,Dress,11,4.92,252,214,1299,10,Medium,71,0
P4743,Jacket 4743,Jacket,51,1.36,71,27,799,5,Low,35,0
P4744,Shoes 4744,Shoes,117,8.22,50,146,1299,40,Medium,71,0
P4745,Dress 4745,Dress,93,11.51,47,286,2499,20,Medium,94,0
P4746,Hoodie 4746,Hoodie,116,10.17,233,295,1499,5,Medium,21,1
P4747,Jeans 4747,Jeans,50,0.51,238,212,799,20,High,46,1
P4748,Jacket 4748,Jacket,103,2.11,203,49,2499,30,Medium,82,1
P4749,Hoodie 4749,Hoodie,70,3.86,36,344,799,10,High,19,1
P4750,Shoes 4750,Shoes,95,0.88,268,124,3999,10,Medium,86,1
P4751,Shirt 4751,Shirt,47,0.96,117,11,1299,10,Medium,23,1
P4752,T-Shirt 4752,T-Shirt,18,0.47,280,213,1299,10,Medium,42,1
P4753,Shoes 4753,Shoes,5,3.25,150,129,799,40,High,87,1
P4754,Dress 4754,Dress,83,4.05,10,333,1299,10,Low,99,0
P4755,Jeans 4755,Jeans,26,6.41,112,351,2999,30,Medium,72,0
P4756,Dress 4756,Dress,52,4.51,264,148,3999,5,High,15,1
P4757,Jacket 4757,Jacket,106,5.05,75,238,3999,0,Medium,26,1
P4758,Jacket 4758,Jacket,100,0.62,166,170,1299,15,Low,44,1
P4759,Jeans 4759,Jeans,47,3.75,104,41,1999,5,Low,36,0
P4760,Accessories 4760,Accessories,6,2.96,37,341,799,30,Medium,12,1
P4761,Hoodie 4761,Hoodie,58,1.82,147,17,4999,50,High,50,0
P4762,Hoodie 4762,Hoodie,68,2.34,248,81,3999,15,Medium,1,1
P4763,Jacket 4763,Jacket,10,4.07,228,306,999,0,Medium,75,1
P4764,Jacket 4764,Jacket,14,5.26,218,204,799,20,Low,96,0
P4765,Shirt 4765,Shirt,63,10.57,124,347,1499,40,Medium,86,0
P4766,T-Shirt 4766,T-Shirt,2,4.24,172,270,4999,0,Medium,58,1
P4767,Shirt 4767,Shirt,68,5.65,221,341,3999,0,Medium,13,1
P4768,Shirt 4768,Shirt,22,5.51,221,230,1299,50,High,48,0
P4769,Accessories 4769,Accessories,52,6.67,58,128,2499,30,High,29,0
P4770,Hoodie 4770,Hoodie,36,1.2,212,80,4999,40,Low,97,1
P4771,Accessories 4771,Accessories,8,3.32,84,34,3999,20,Medium,8,0
P4772,Accessories 4772,Accessories,14,1.43,155,177,1999,15,Low,78,0
P4773,Jeans 4773,Jeans,2,1.51,59,222,4999,40,Low,23,0
P4774,Hoodie 4774,Hoodie,92,4.33,9,325,4999,10,Low,40,1
P4775,T-Shirt 4775,T-Shirt,69,4.38,39,107,1299,50,Medium,59,0
P4776,Dress 4776,Dress,16,4.21,123,252,3999,20,Medium,88,0
P4777,Jacket 4777,Jacket,25,1.98,201,99,1499,20,Medium,99,0
P4778,Jacket 4778,Jacket,20,3.39,58,69,2999,0,High,31,0
P4779,T-Shirt 4779,T-Shirt,71,2.54,263,272,3999,20,Low,46,1
P4780,Accessories 4780,Accessories,20,4.2,266,212,2999,40,Medium,20,1
P4781,Shirt 4781,Shirt,120,6.54,6,86,1999,5,Medium,41,1
P4782,Jeans 4782,Jeans,10,1.36,86,43,799,40,Low,69,0
P4783,Accessories 4783,Accessories,37,3.13,9,17,3999,10,High,88,0
P4784,Jacket 4784,Jacket,71,5.64,178,121,1999,50,Medium,1,1
P4785,Shoes 4785,Shoes,105,0.68,143,96,1299,40,High,30,1
P4786,Shirt 4786,Shirt,87,6.01,197,238,999,0,Medium,55,1
P4787,Jacket 4787,Jacket,34,0.34,142,25,1299,15,Low,29,0
P4788,Shoes 4788,Shoes,118,1.19,120,58,4999,15,Low,62,1
P4789,Accessories 4789,Accessories,13,3.01,48,280,999,15,High,14,0
P4790,T-Shirt 4790,T-Shirt,118,2.48,293,100,799,15,Low,17,1
P4791,T-Shirt 4791,T-Shirt,13,2.25,223,38,999,15,High,31,0
P4792,Shirt 4792,Shirt,9,9.98,60,157,999,0,Medium,13,0
P4793,Jacket 4793,Jacket,11,1.05,246,146,1999,5,Low,61,1
P4794,Hoodie 4794,Hoodie,37,4.45,262,64,799,5,Medium,81,0
P4795,Shoes 4795,Shoes,107,10.24,5,27,3999,15,Low,98,0
P4796,Jeans 4796,Jeans,118,5.76,293,155,999,5,Low,51,1
P4797,Jacket 4797,Jacket,109,4.09,107,227,2499,10,High,21,1
P4798,Jeans 4798,Jeans,33,3.74,296,227,1999,5,Medium,13,1
P4799,Jacket 4799,Jacket,40,2.23,153,248,999,40,Medium,77,1
P4800,Hoodie 4800,Hoodie,9,2.1,88,225,799,20,Low,33,0
P4801,Hoodie 4801,Hoodie,16,0.86,30,35,2499,15,Low,85,0
P4802,Shirt 4802,Shirt,16,6.28,179,53,2499,40,Medium,79,0
P4803,Shirt 4803,Shirt,66,0.95,227,64,1299,20,Medium,55,1
P4804,Hoodie 4804,Hoodie,61,2.96,133,281,3999,20,High,52,1
P4805,Dress 4805,Dress,94,2.43,146,146,4999,15,Medium,48,1
P4806,Hoodie 4806,Hoodie,114,3.61,139,29,1299,30,High,62,1
P4807,T-Shirt 4807,T-Shirt,0,4.89,59,69,4999,0,Low,15,0
P4808,T-Shirt 4808,T-Shirt,11,2.18,60,58,3999,30,Low,79,0
P4809,Dress 4809,Dress,102,1.18,80,272,1999,5,Low,39,1
P4810,Accessories 4810,Accessories,3,1.75,136,348,2499,30,High,37,0
P4811,Shoes 4811,Shoes,41,1.41,46,173,799,10,High,17,0
P4812,Accessories 4812,Accessories,12,10.42,114,157,1999,30,Low,22,0
P4813,Jeans 4813,Jeans,97,7.49,74,17,2999,30,Low,47,0
P4814,Accessories 4814,Accessories,105,0.84,288,101,799,0,Medium,81,1
P4815,Jacket 4815,Jacket,84,2.45,130,78,4999,50,High,45,1
P4816,Accessories 4816,Accessories,85,1.35,300,54,2999,10,High,21,1
P4817,Jacket 4817,Jacket,120,1.79,183,354,1499,30,Low,53,1
P4818,Dress 4818,Dress,3,2.0,201,278,1499,15,Medium,39,0
P4819,T-Shirt 4819,T-Shirt,81,1.49,265,101,2999,5,High,29,1
P4820,Shirt 4820,Shirt,68,5.89,105,239,2499,30,Low,54,0
P4821,Jacket 4821,Jacket,18,4.0,65,54,1299,0,Medium,55,0
P4822,T-Shirt 4822,T-Shirt,1,3.77,187,214,4999,15,Medium,41,0
P4823,Shoes 4823,Shoes,11,8.05,13,233,2499,0,Low,41,0
P4824,Jeans 4824,Jeans,80,5.61,210,83,999,20,High,61,1
P4825,Shoes 4825,Shoes,73,3.18,58,355,999,30,High,81,0
P4826,Dress 4826,Dress,97,3.83,184,225,799,5,Medium,52,1
P4827,Accessories 4827,Accessories,5,6.26,108,87,1999,5,Low,81,0
P4828,Accessories 4828,Accessories,7,5.98,130,43,2499,50,Medium,52,0
P4829,Hoodie 4829,Hoodie,50,0.26,38,108,1299,15,Low,63,0
P4830,Hoodie 4830,Hoodie,10,4.33,169,197,1499,15,Low,0,1
P4831,Hoodie 4831,Hoodie,62,3.38,274,35,1999,15,Medium,78,0
P4832,Shoes 4832,Shoes,56,5.08,293,320,1499,5,Medium,68,1
P4833,Jacket 4833,Jacket,11,0.51,122,259,4999,30,Low,26,0
P4834,Jeans 4834,Jeans,72,6.64,96,257,1299,20,Medium,16,1
P4835,Hoodie 4835,Hoodie,1,5.29,104,232,1999,5,Low,62,0
P4836,Dress 4836,Dress,7,2.34,91,100,2999,15,High,40,0
P4837,Dress 4837,Dress,10,9.44,238,92,2999,10,High,57,0
P4838,Hoodie 4838,Hoodie,52,1.17,128,116,2499,30,Medium,56,1
P4839,Accessories 4839,Accessories,99,3.66,207,223,4999,50,Medium,95,1
P4840,Hoodie 4840,Hoodie,9,1.97,36,202,2999,20,Low,37,0
P4841,Jeans 4841,Jeans,84,1.63,43,303,1499,5,Medium,89,0
P4842,Hoodie 4842,Hoodie,83,2.94,98,50,4999,10,High,65,0
P4843,Jeans 4843,Jeans,111,0.56,14,96,2499,50,Low,91,1
P4844,Dress 4844,Dress,7,5.29,219,161,799,30,Medium,44,0
P4845,Hoodie 4845,Hoodie,35,14.35,104,115,4999,50,Medium,22,0
P4846,Shoes 4846,Shoes,92,1.13,248,65,2999,40,Medium,19,1
P4847,Shirt 4847,Shirt,105,7.96,62,116,2499,40,Medium,35,0
P4848,Shoes 4848,Shoes,75,6.39,23,112,2499,20,High,41,0
P4849,Dress 4849,Dress,13,0.74,121,227,1499,40,Low,21,0
P4850,Jeans 4850,Jeans,111,1.06,140,269,1499,5,Medium,59,1
P4851,Shoes 4851,Shoes,53,3.61,300,88,1299,40,High,10,1
P4852,Jeans 4852,Jeans,113,5.07,17,278,3999,30,Medium,27,1
P4853,Shoes 4853,Shoes,84,6.76,105,55,3999,30,High,44,0
P4854,Shoes 4854,Shoes,85,3.02,159,38,999,15,Low,21,1
P4855,Jeans 4855,Jeans,20,3.29,86,95,1999,5,High,80,0
P4856,Jacket 4856,Jacket,107,0.84,92,25,4999,30,Low,62,1
P4857,Shoes 4857,Shoes,49,8.01,109,9,4999,20,High,30,0
P4858,Hoodie 4858,Hoodie,93,6.48,134,66,2999,15,Low,10,1
P4859,Shirt 4859,Shirt,38,4.55,276,248,1499,30,Medium,35,0
P4860,Dress 4860,Dress,19,3.11,18,35,1499,0,Medium,77,0
P4861,Jacket 4861,Jacket,87,7.95,132,81,2999,50,Medium,34,0
P4862,Jeans 4862,Jeans,86,1.11,64,76,1299,10,Low,22,1
P4863,Jacket 4863,Jacket,6,3.83,231,89,1299,30,High,28,1
P4864,T-Shirt 4864,T-Shirt,8,10.61,21,363,1999,40,Medium,22,0
P4865,T-Shirt 4865,T-Shirt,0,1.09,49,179,2499,15,Medium,99,0
P4866,Shoes 4866,Shoes,25,12.33,42,203,3999,15,Low,15,0
P4867,Shoes 4867,Shoes,37,6.16,128,352,799,20,High,83,0
P4868,Hoodie 4868,Hoodie,37,5.2,68,153,2999,30,Medium,88,0
P4869,Shirt 4869,Shirt,117,7.82,257,279,3999,30,High,18,1
P4870,Dress 4870,Dress,60,6.84,266,41,1999,20,Medium,89,0
P4871,Jacket 4871,Jacket,43,0.73,116,119,999,10,Low,95,1
P4872,T-Shirt 4872,T-Shirt,85,0.7,106,212,1499,50,Medium,62,1
P4873,Shoes 4873,Shoes,43,2.04,53,164,2499,20,Medium,49,1
P4874,Accessories 4874,Accessories,73,4.1,281,259,4999,15,Medium,84,1
P4875,Accessories 4875,Accessories,118,7.12,231,128,999,10,High,72,1
P4876,Dress 4876,Dress,61,2.63,27,54,1499,40,Low,42,0
P4877,Jacket 4877,Jacket,5,1.64,189,191,1999,10,Medium,18,1
P4878,Shoes 4878,Shoes,16,5.9,68,279,3999,5,High,84,0
P4879,Shoes 4879,Shoes,50,2.55,161,107,3999,15,Low,17,1
P4880,T-Shirt 4880,T-Shirt,113,4.29,287,21,999,15,Low,5,1
P4881,T-Shirt 4881,T-Shirt,37,3.25,153,134,2499,20,Medium,34,0
P4882,Shoes 4882,Shoes,23,1.72,173,216,2499,15,Medium,13,0
P4883,Jeans 4883,Jeans,50,1.8,137,118,1999,30,Medium,63,0
P4884,Shoes 4884,Shoes,9,1.09,136,276,3999,20,Medium,8,1
P4885,Dress 4885,Dress,119,7.34,201,148,999,40,High,34,1
P4886,Shoes 4886,Shoes,71,2.3,139,179,999,15,High,1,1
P4887,Hoodie 4887,Hoodie,20,1.67,39,359,2999,30,Medium,5,0
P4888,Shirt 4888,Shirt,119,0.5,224,172,4999,5,Low,98,1
P4889,Hoodie 4889,Hoodie,69,0.39,189,125,1299,15,Low,24,1
P4890,Hoodie 4890,Hoodie,84,1.17,9,209,2999,5,High,72,0
P4891,Jeans 4891,Jeans,56,4.24,75,17,1299,40,Medium,49,1
P4892,Jeans 4892,Jeans,38,3.35,245,255,2499,15,High,94,1
P4893,Accessories 4893,Accessories,87,2.49,197,310,1299,50,Medium,6,1
P4894,Shoes 4894,Shoes,32,1.17,172,254,799,15,Low,62,0
P4895,Hoodie 4895,Hoodie,58,0.45,240,160,2499,0,Medium,27,1
P4896,Jeans 4896,Jeans,17,1.69,298,329,1299,40,Low,1,1
P4897,T-Shirt 4897,T-Shirt,55,2.52,252,31,799,30,High,64,1
P4898,Shoes 4898,Shoes,91,5.38,169,348,1999,50,Medium,100,0
P4899,Dress 4899,Dress,56,0.76,75,227,3999,15,Low,58,1
P4900,Shirt 4900,Shirt,115,2.36,235,116,3999,5,Medium,23,1
P4901,Jacket 4901,Jacket,95,1.13,59,96,3999,10,High,61,1
P4902,Shoes 4902,Shoes,75,1.98,186,271,1299,5,Medium,98,1
P4903,Jacket 4903,Jacket,47,11.89,26,46,3999,30,Medium,70,0
P4904,Hoodie 4904,Hoodie,41,1.4,287,269,1499,15,Medium,37,1
P4905,Shirt 4905,Shirt,26,1.16,109,164,3999,20,High,92,0
P4906,Jacket 4906,Jacket,73,17.05,179,124,1299,0,Medium,61,0
P4907,Hoodie 4907,Hoodie,109,4.91,298,262,1299,20,High,64,1
P4908,T-Shirt 4908,T-Shirt,120,4.66,43,202,799,0,High,50,1
P4909,Jacket 4909,Jacket,51,1.46,64,320,3999,0,High,93,0
P4910,Shirt 4910,Shirt,41,11.73,216,317,3999,50,High,51,0
P4911,Accessories 4911,Accessories,31,0.81,159,20,4999,20,Medium,95,1
P4912,Shoes 4912,Shoes,105,6.79,177,124,2499,30,Low,73,1
P4913,Hoodie 4913,Hoodie,25,7.44,27,223,999,15,Low,97,0
P4914,Shoes 4914,Shoes,24,8.59,244,211,799,5,Low,62,1
P4915,Shirt 4915,Shirt,74,9.27,213,83,3999,20,Low,10,1
P4916,Jeans 4916,Jeans,22,2.62,126,178,1499,10,Low,47,0
P4917,Hoodie 4917,Hoodie,97,4.03,257,32,2999,0,Medium,100,1
P4918,Jacket 4918,Jacket,56,3.36,145,134,1499,50,Low,53,1
P4919,Hoodie 4919,Hoodie,51,1.27,157,148,799,5,Medium,90,0
P4920,Shoes 4920,Shoes,103,2.48,218,30,3999,40,High,49,1
P4921,T-Shirt 4921,T-Shirt,86,7.45,52,238,4999,40,Medium,73,0
P4922,Hoodie 4922,Hoodie,92,0.87,21,183,4999,10,High,37,0
P4923,Jacket 4923,Jacket,30,5.79,300,347,4999,5,Low,85,1
P4924,Jeans 4924,Jeans,63,5.98,73,241,1499,15,Medium,87,0
P4925,Accessories 4925,Accessories,70,3.47,89,325,4999,10,Medium,7,1
P4926,Dress 4926,Dress,103,6.22,286,32,1499,30,Medium,5,1
P4927,T-Shirt 4927,T-Shirt,32,1.3,212,272,999,30,Medium,67,1
P4928,Accessories 4928,Accessories,84,1.1,44,123,1299,20,Low,68,0
P4929,Jeans 4929,Jeans,1,2.27,100,64,999,5,Low,5,0
P4930,Hoodie 4930,Hoodie,17,4.13,254,276,799,50,Medium,31,1
P4931,Shoes 4931,Shoes,46,11.16,140,335,2499,50,High,37,0
P4932,Shirt 4932,Shirt,32,3.46,77,301,1499,40,Medium,56,0
P4933,Shoes 4933,Shoes,100,2.29,277,128,2999,30,Low,83,1
P4934,Accessories 4934,Accessories,97,7.26,173,165,2999,30,Medium,99,0
P4935,Jacket 4935,Jacket,83,0.94,202,184,799,20,Low,63,1
P4936,Shoes 4936,Shoes,34,0.76,110,150,4999,20,High,53,0
P4937,T-Shirt 4937,T-Shirt,50,11.3,105,334,3999,30,High,13,0
P4938,Shoes 4938,Shoes,113,1.65,239,313,799,5,Low,63,1
P4939,Jacket 4939,Jacket,117,8.72,284,95,3999,5,Low,49,1
P4940,Dress 4940,Dress,17,8.01,110,245,1999,0,Medium,46,0
P4941,Hoodie 4941,Hoodie,109,6.41,39,44,799,0,Low,53,0
P4942,Shirt 4942,Shirt,87,7.24,161,85,1499,50,High,18,1
P4943,Accessories 4943,Accessories,71,7.06,277,351,2999,10,High,74,0
P4944,Hoodie 4944,Hoodie,29,0.3,244,333,1999,40,Low,38,1
P4945,Shoes 4945,Shoes,43,4.24,211,352,1299,10,Low,64,1
P4946,Jeans 4946,Jeans,52,3.58,249,258,1499,10,High,98,0
P4947,Hoodie 4947,Hoodie,9,2.04,97,334,999,0,Medium,82,0
P4948,Dress 4948,Dress,86,2.54,113,155,3999,20,Medium,59,1
P4949,Shoes 4949,Shoes,51,3.0,118,22,999,30,Low,32,0
P4950,Shirt 4950,Shirt,48,2.59,28,329,2499,15,Low,31,1
P4951,Jacket 4951,Jacket,10,7.85,297,327,2999,15,Medium,35,0
P4952,Dress 4952,Dress,65,2.61,256,275,2999,40,Medium,23,1
P4953,Shoes 4953,Shoes,57,16.62,271,124,799,30,Low,42,1
P4954,Dress 4954,Dress,89,1.84,213,198,3999,5,Low,70,0
P4955,Hoodie 4955,Hoodie,35,2.31,59,323,4999,0,Medium,70,0
P4956,Shirt 4956,Shirt,32,2.81,31,294,2999,5,Medium,45,0
P4957,Jacket 4957,Jacket,46,1.63,6,357,3999,50,Low,46,1
P4958,Shoes 4958,Shoes,12,2.8,72,303,1499,15,Medium,68,0
P4959,T-Shirt 4959,T-Shirt,39,1.99,152,200,3999,5,Low,13,1
P4960,Accessories 4960,Accessories,88,5.81,134,287,1299,0,Medium,44,1
P4961,Jacket 4961,Jacket,67,2.24,87,307,799,50,Medium,51,1
P4962,T-Shirt 4962,T-Shirt,41,1.44,46,256,3999,0,Medium,89,0
P4963,Dress 4963,Dress,18,2.46,160,237,2499,0,Low,49,1
P4964,Jeans 4964,Jeans,81,3.18,161,9,4999,15,Low,64,1
P4965,Jacket 4965,Jacket,100,2.68,111,180,1299,0,Low,76,1
P4966,Dress 4966,Dress,93,17.06,288,246,3999,10,High,63,0
P4967,T-Shirt 4967,T-Shirt,18,4.77,192,110,4999,10,Low,22,0
P4968,Hoodie 4968,Hoodie,57,1.05,109,295,4999,40,Low,83,1
P4969,Hoodie 4969,Hoodie,22,5.33,116,250,2999,30,Low,70,0
P4970,Jeans 4970,Jeans,53,4.14,137,294,1299,50,Medium,69,1
P4971,Accessories 4971,Accessories,79,4.9,275,279,1299,40,High,58,1
P4972,Jacket 4972,Jacket,64,5.3,114,126,999,0,Low,72,0
P4973,Jacket 4973,Jacket,11,8.46,77,344,799,10,Medium,91,0
P4974,Jacket 4974,Jacket,23,2.97,297,265,999,0,Low,73,1
P4975,Accessories 4975,Accessories,33,3.21,147,76,1999,15,Medium,53,0
P4976,Dress 4976,Dress,52,1.81,264,189,799,10,Low,98,1
P4977,Shirt 4977,Shirt,120,3.93,249,253,1499,15,Low,70,1
P4978,Shirt 4978,Shirt,7,1.65,159,124,799,10,Medium,88,0
P4979,Jeans 4979,Jeans,17,1.33,153,37,3999,20,High,93,0
P4980,Jacket 4980,Jacket,56,10.6,64,155,1999,20,Medium,25,0
P4981,Dress 4981,Dress,111,3.15,90,22,1499,30,Medium,43,1
P4982,Hoodie 4982,Hoodie,4,4.83,196,279,1299,30,Low,75,0
P4983,T-Shirt 4983,T-Shirt,25,2.04,186,358,4999,30,Low,12,1
P4984,Dress 4984,Dress,29,12.08,291,108,2499,40,Medium,53,0
P4985,Accessories 4985,Accessories,53,2.78,277,78,799,15,High,39,1
P4986,Shirt 4986,Shirt,12,9.3,259,199,3999,10,High,3,0
P4987,Shirt 4987,Shirt,82,4.82,11,328,999,20,Medium,52,1
P4988,Hoodie 4988,Hoodie,28,3.53,130,117,4999,50,Medium,0,1
P4989,Hoodie 4989,Hoodie,2,4.28,87,299,2999,0,Medium,5,0
P4990,Accessories 4990,Accessories,89,3.13,32,353,1299,5,Medium,54,0
P4991,T-Shirt 4991,T-Shirt,103,2.97,270,346,1499,20,Medium,65,1
P4992,Hoodie 4992,Hoodie,57,4.06,287,324,1299,40,Low,90,1
P4993,Jeans 4993,Jeans,75,0.47,255,283,2499,20,Low,17,1
P4994,T-Shirt 4994,T-Shirt,1,2.04,192,112,4999,0,Low,28,0
P4995,Hoodie 4995,Hoodie,74,5.81,73,43,4999,20,Medium,52,0
P4996,Shoes 4996,Shoes,107,6.16,103,297,799,50,Medium,32,1
P4997,Dress 4997,Dress,27,14.52,197,187,2499,20,High,2,0
P4998,Hoodie 4998,Hoodie,81,6.8,231,149,799,20,High,19,1
P4999,Jeans 4999,Jeans,76,6.46,186,120,1499,30,High,3,1
P5000,Jacket 5000,Jacket,100,4.38,97,244,2999,30,Low,81,1
